CACHE type 5 produced by analog 6.0/Unix. Do not modify or delete!
T	0	0	2179	1926	9146	11019	245532093
D	29315965	29449854
20358	89	1	1	623
20358	108	17	3	2880
20358	109	1	1	623
20358	111	1	1	800
20358	113	2	2	3016
20358	114	1	1	0
20358	121	2	2	6202
20358	149	4	4	0
20358	192	1	1	0
20358	195	2	2	0
20358	196	1	1	0
20358	206	1	1	0
20358	221	1	1	0
20358	247	1	1	0
20358	250	3	3	0
20358	275	1	1	0
20358	276	1	1	0
20358	281	1	1	0
20358	284	2	2	0
20359	12	1	1	0
20359	14	1	1	0
20359	18	2	2	0
20359	22	1	1	0
20359	33	1	1	0
20359	38	1	1	0
20359	40	1	1	16669
20359	41	1	1	16669
20359	46	1	1	16669
20359	56	1	1	16669
20359	77	1	1	16669
20359	85	3	3	50007
20359	86	4	4	66676
20359	87	3	3	50007
20359	88	4	4	66676
20359	91	2	2	33338
20359	95	1	1	16669
20359	96	1	1	16669
20359	99	1	1	16669
20359	111	1	1	16669
20359	113	6	1	4674397
20359	114	6	3	3543303
20359	116	5	1	3509965
20359	124	1	1	16669
20359	132	1	1	16669
20359	133	1	1	16669
20359	146	1	1	16669
20359	161	1	1	16669
20359	168	1	1	16669
20359	171	1	1	16669
20359	178	1	1	16669
20359	180	2	1	1181101
20359	197	1	1	16669
20359	203	1	1	16669
20359	205	2	2	33338
20359	215	1	1	16669
20359	218	1	1	16669
20359	224	1	1	16669
20359	227	1	1	16669
20359	230	1	1	16669
20359	231	1	1	16669
20359	248	1	1	16669
20359	254	6	2	3526634
20359	255	1	1	16669
20359	257	2	2	33338
20359	258	1	1	16669
20359	259	1	1	16669
20359	261	2	2	33338
20359	265	1	1	16669
20359	268	1	1	16669
20359	283	5	3	2362202
20359	284	1	0	1164432
20359	285	2	2	33338
20359	286	1	1	16669
20359	287	1	1	16669
20360	0	1	1	16669
20360	2	1	1	16669
20360	12	1	1	16669
20360	17	1	1	16669
20360	24	1	1	16669
20360	29	1	1	16669
20360	35	1	1	16669
20360	46	1	1	16669
20360	51	1	1	16669
20360	52	2	1	1181101
20360	65	1	1	16669
20360	87	1	1	16669
20360	96	1	1	16669
20360	108	2	2	33338
20360	120	1	1	16669
20360	127	3	3	50007
20360	131	1	1	16669
20360	132	1	1	16669
20360	134	4	2	2345533
20360	147	1	0	1164432
20360	153	3	2	1197770
20360	159	1	1	16669
20360	167	1	1	16669
20360	169	1	1	16669
20360	175	3	3	50007
20360	177	1	1	16669
20360	179	3	2	1197770
20360	182	1	1	16669
20360	183	2	2	33338
20360	184	1	1	16669
20360	203	1	1	16669
20360	204	3	2	1197770
20360	209	4	3	1214439
20360	239	1	1	16669
20360	242	3	3	50007
20360	243	1	1	16669
20360	247	1	1	16669
20360	257	2	2	33338
20360	258	1	1	16669
20360	266	1	1	16669
20361	6	1	1	16669
20361	10	2	1	1181101
20361	14	1	1	16669
20361	18	1	1	16669
20361	29	2	1	1181101
20361	35	2	2	33338
20361	51	1	1	16669
20361	61	2	1	1181101
20361	72	1	1	16955
20361	93	1	1	18649
20361	96	1	1	18649
20361	97	1	1	18649
20361	102	1	1	18649
20361	110	1	1	18649
20361	114	1	1	18649
20361	120	1	1	18649
20361	132	1	1	18649
20361	136	1	1	18649
20361	146	1	1	18649
20361	153	1	1	18649
20361	164	1	1	18649
20361	170	1	1	18649
20361	185	1	1	18649
20361	196	2	2	37298
20361	206	2	2	37298
20361	233	1	1	18649
20361	236	1	1	18649
20361	258	1	1	18649
20361	261	2	2	37298
20361	266	5	2	3530594
20361	272	3	3	55947
20361	278	3	2	1201730
20361	280	1	1	18649
20361	282	1	1	18649
20361	283	5	4	1239028
20362	15	1	1	18649
20362	24	1	1	18649
20362	39	1	1	18649
20362	55	2	1	1183081
20362	71	3	3	55947
20362	81	1	1	18649
20362	85	1	1	18649
20362	88	1	1	18649
20362	95	1	1	18649
20362	96	1	1	18649
20362	98	1	1	18649
20362	104	2	1	1183081
20362	114	1	1	18649
20362	120	1	1	18649
20362	125	1	1	18649
20362	126	1	1	18649
20362	132	1	1	18649
20362	133	1	1	18649
20362	140	2	2	37298
20362	145	1	1	18649
20362	148	1	1	18649
20362	150	1	1	18649
20362	168	1	1	18649
20362	190	1	1	18649
20362	210	2	2	37298
20362	219	1	1	18649
20362	225	1	1	18649
20362	248	3	3	55947
20362	269	1	1	18649
20362	270	2	2	37298
20362	275	1	1	18649
20362	281	1	1	18649
20362	285	1	1	18649
20363	23	2	1	1183081
20363	27	1	1	18649
20363	32	2	1	1183081
20363	47	1	1	18649
20363	58	1	1	18649
20363	72	1	1	18649
20363	96	1	1	18649
20363	113	3	1	2347513
20363	119	1	1	18649
20363	120	1	1	18649
20363	121	1	1	18649
20363	132	1	1	18649
20363	142	1	1	18649
20363	165	1	1	18649
20363	169	1	1	18649
20363	177	1	1	18649
20363	207	2	2	37298
20363	211	1	1	18649
20363	226	1	1	18649
20363	231	1	1	18649
20363	254	1	1	18649
20363	258	2	2	37298
20363	269	1	1	18649
20363	274	2	1	1183081
20363	275	4	4	74596
20363	281	1	1	18649
20364	12	1	1	18649
20364	29	2	1	1183081
20364	46	1	1	18649
20364	49	3	3	55947
20364	58	1	1	18649
20364	65	1	1	18649
20364	85	4	2	2366162
20364	96	2	2	37298
20364	100	1	1	18649
20364	105	1	1	18649
20364	120	1	1	18649
20364	124	1	1	18649
20364	132	1	1	18649
20364	147	2	2	37298
20364	153	1	1	18649
20364	155	1	1	18649
20364	169	1	1	18649
20364	174	2	2	37298
20364	199	1	1	18649
20364	206	1	1	18649
20364	216	1	1	18649
20364	232	1	1	18649
20364	241	2	1	1183081
20364	244	1	1	18649
20364	250	1	1	18649
20364	257	2	2	37298
20364	258	1	1	18649
20364	271	1	1	18649
20365	2	1	1	18649
20365	14	1	1	18649
20365	38	3	3	55947
20365	44	3	3	55947
20365	46	3	2	1201730
20365	48	1	1	18649
20365	49	1	1	18649
20365	67	2	1	1183081
20365	71	2	1	1183081
20365	80	1	1	18649
20365	82	1	1	0
20365	83	2	1	1183081
20365	87	1	1	18649
20365	89	3	3	55947
20365	96	1	1	18649
20365	105	1	1	18649
20365	116	1	1	18649
20365	120	1	1	18649
20365	125	3	3	55947
20365	132	1	1	18649
20365	134	1	1	18649
20365	149	1	1	18649
20365	169	1	1	18649
20365	175	3	2	1201730
20365	183	1	1	18649
20365	189	1	1	18649
20365	212	2	1	1183081
20365	213	3	2	1201730
20365	230	1	1	18649
20365	234	1	1	18649
20365	244	1	1	18649
20365	263	2	2	37298
20365	272	4	4	74596
20365	279	2	2	37298
20365	281	1	1	18649
20366	20	1	1	18649
20366	21	2	2	18649
20366	31	1	1	18649
20366	33	2	1	1183081
20366	36	1	1	18649
20366	41	1	1	18649
20366	50	1	1	18649
20366	70	2	2	37298
20366	83	1	1	18649
20366	96	2	2	37298
20366	104	1	1	18649
20366	107	1	1	18649
20366	120	1	1	18649
20366	130	1	1	18649
20366	132	1	1	18649
20366	166	1	1	18649
20366	169	1	1	18649
20366	171	3	3	55947
20366	172	1	1	18649
20366	216	1	1	18649
20366	223	1	1	18649
20366	254	2	1	1183081
20366	269	1	1	18649
20366	274	2	2	37298
20366	284	3	2	1201730
20366	286	1	1	18649
20367	14	2	1	1183081
20367	18	3	3	55947
20367	26	1	1	18649
20367	27	1	1	18649
20367	33	2	1	1183081
20367	73	1	1	18649
20367	120	2	2	37298
20367	132	1	1	18649
20367	133	1	1	18649
20367	135	1	1	18649
20367	150	1	1	18649
20367	160	1	1	18649
20367	167	1	1	18649
20367	169	1	1	18649
20367	212	1	1	18810
20367	225	1	1	18810
20367	251	3	2	1183242
20367	257	1	1	18810
20367	271	2	2	37620
20368	13	1	1	18810
20368	60	1	1	18810
20368	67	2	1	1183242
20368	76	3	3	56430
20368	106	1	1	18810
20368	119	1	1	18810
20368	120	1	1	18810
20368	132	1	1	18810
20368	133	1	1	18810
20368	144	2	1	1183242
20368	154	1	1	18810
20368	168	1	1	18810
20368	171	1	1	18810
20368	174	1	1	18810
20368	224	1	1	18810
20368	266	1	1	18810
20368	267	3	2	1202052
20369	2	1	1	18810
20369	29	2	1	1183242
20369	59	1	1	18810
20369	72	1	1	18810
20369	96	1	1	18810
20369	109	3	3	56430
20369	117	1	1	18810
20369	120	1	1	18810
20369	133	1	1	18810
20369	141	1	1	18810
20369	145	1	1	18810
20369	169	1	1	18810
20369	187	5	5	94050
20369	190	1	1	18810
20369	235	1	1	18810
20369	269	1	1	18810
20369	270	1	1	18810
20369	279	1	1	18810
20370	3	2	1	1183242
20370	4	2	2	37620
20370	6	1	1	18810
20370	11	1	1	18810
20370	32	2	1	1186967
20370	39	1	1	22535
20370	59	1	1	22535
20370	71	1	1	22535
20370	85	1	1	22535
20370	120	1	1	22535
20370	127	1	1	22535
20370	131	1	1	22535
20370	132	1	1	22535
20370	133	1	1	22535
20370	135	1	1	22535
20370	151	2	2	45070
20370	169	1	1	22535
20370	171	1	1	22535
20370	179	1	1	22535
20370	220	5	5	112675
20370	224	1	1	22535
20370	225	1	1	22535
20370	227	1	1	22535
20370	253	2	1	1186967
20370	269	2	2	45070
20371	0	1	1	22535
20371	2	1	1	22535
20371	31	1	1	22535
20371	33	3	3	67605
20371	52	3	3	67605
20371	79	1	1	22535
20371	80	2	1	1186967
20371	128	1	1	22535
20371	133	1	1	22535
20371	137	3	3	67605
20371	146	3	3	67605
20371	160	3	3	67605
20371	163	1	1	22535
20371	166	1	1	22535
20371	168	1	1	22535
20371	172	2	2	45070
20371	173	2	2	45070
20371	175	1	1	22535
20371	203	1	1	22535
20371	221	1	1	22535
20371	267	2	2	45070
20371	273	2	2	45070
20371	282	1	1	22535
20371	283	2	1	1186967
20371	286	3	3	67605
20372	27	1	1	22535
20372	30	2	1	1186967
20372	45	1	1	22535
20372	121	4	3	1232037
20372	124	1	1	22535
20372	133	1	1	22535
20372	134	1	1	22535
20372	157	2	1	1186967
20372	163	1	1	22535
20372	168	1	1	22535
20372	172	1	1	22535
20372	176	2	1	1186967
20372	196	3	3	67605
20372	252	2	1	1186967
20372	264	1	1	22535
20372	271	2	2	45070
20372	273	1	1	22535
20372	274	1	1	22535
20373	15	1	1	22535
20373	22	1	1	22535
20373	69	1	1	22535
20373	75	1	1	22535
20373	88	1	1	22535
20373	117	1	1	22535
20373	133	1	1	22535
20373	140	1	1	22535
20373	154	1	1	22535
20373	163	1	1	22535
20373	167	1	1	22535
20373	168	1	1	22535
20373	211	1	1	22535
20373	212	1	1	22535
20373	257	1	1	22535
20373	270	2	2	45070
20373	276	3	3	67605
20373	277	1	0	1164432
20373	284	1	1	22535
20374	0	3	2	1209502
20374	16	1	1	22535
20374	18	3	3	67605
20374	65	1	1	22535
20374	112	1	1	22535
20374	126	1	1	22535
20374	128	1	1	22535
20374	132	1	1	22535
20374	133	1	1	22535
20374	146	1	1	22535
20374	153	1	1	22535
20374	160	1	1	22535
20374	168	1	1	22535
20374	184	3	3	67605
20374	200	1	1	22535
20374	207	1	1	22535
20374	223	1	1	23587
20374	252	1	1	23587
20374	272	2	2	47174
20374	275	2	1	1188019
20375	2	1	1	23587
20375	11	1	1	23587
20375	32	1	1	23587
20375	59	3	2	1211606
20375	85	1	1	23587
20375	106	1	1	23587
20375	132	3	3	70761
20375	133	1	1	23587
20375	145	1	1	23587
20375	165	1	1	23587
20375	169	1	1	23587
20375	217	1	1	23587
20375	248	1	1	23587
20375	273	2	2	47174
20375	283	3	3	70761
20376	57	1	1	23587
20376	70	3	3	70761
20376	111	1	1	23587
20376	128	1	1	23587
20376	133	1	1	23587
20376	141	3	3	70761
20376	145	1	1	23587
20376	156	1	1	23587
20376	169	1	1	23587
20376	189	2	1	1188019
20376	266	2	1	1188019
20376	267	1	1	23587
20376	276	1	1	23587
20376	277	2	2	47174
20377	51	1	1	23587
20377	122	1	1	23587
20377	129	2	2	47174
20377	133	1	1	23587
20377	143	1	1	23587
20377	146	3	3	70761
20377	148	1	1	23587
20377	149	2	2	47174
20377	155	1	1	23587
20377	169	1	1	23587
20377	194	1	1	23587
20377	227	1	1	23587
20377	262	1	1	23587
20377	275	2	2	47174
20378	46	1	1	23587
20378	73	4	3	1235193
20378	85	1	1	23587
20378	119	1	1	23587
20378	129	1	1	23587
20378	132	1	1	23587
20378	143	1	1	23587
20378	169	1	1	23587
20378	190	1	1	23587
20378	241	2	1	1188019
20378	258	1	1	23587
20378	272	2	2	47174
20378	279	3	3	70761
20378	287	2	1	1188019
20379	18	1	1	23587
20379	55	3	3	70761
20379	113	1	1	23587
20379	133	1	1	23587
20379	142	1	1	23587
20379	169	1	1	23587
20379	217	1	1	23587
20379	228	2	1	1188019
20379	256	1	1	23587
20379	265	1	1	23587
20379	274	2	2	47174
20380	32	1	1	23587
20380	41	1	1	23587
20380	77	3	3	70761
20380	98	1	1	23587
20380	114	1	1	23587
20380	124	1	1	23587
20380	133	1	1	23587
20380	134	1	1	23587
20380	143	1	1	23587
20380	169	1	1	23587
20380	188	1	1	23587
20380	245	2	1	1188019
20380	256	1	1	23587
20380	273	1	1	23587
20380	276	2	2	47174
20381	3	3	3	70761
20381	4	2	1	1188019
20381	41	1	1	23587
20381	113	1	1	23587
20381	133	1	1	23587
20381	142	1	1	23587
20381	148	1	1	23587
20381	170	1	1	23587
20381	187	4	4	94348
20381	255	1	1	23587
20381	281	2	2	47174
20381	284	1	1	23587
20382	40	1	1	23587
20382	41	1	1	23587
20382	43	2	1	1188019
20382	56	1	1	23587
20382	95	1	1	23587
20382	96	2	1	1188019
20382	106	1	1	23587
20382	108	3	3	70761
20382	113	1	1	23587
20382	132	1	1	23587
20382	142	3	2	1211606
20382	156	1	1	23587
20382	168	1	1	23587
20382	185	1	1	23587
20382	196	2	1	1188019
20382	232	1	1	23587
20382	248	1	1	23587
20382	252	1	1	23587
20382	282	1	1	23587
20382	283	3	2	1211606
20383	6	1	1	23587
20383	15	3	3	70761
20383	36	1	1	23587
20383	50	3	3	70761
20383	107	1	1	23587
20383	127	1	1	23587
20383	129	1	1	23587
20383	133	1	1	23587
20383	135	1	1	23587
20383	144	1	1	23587
20383	163	1	1	23587
20383	169	1	1	23587
20383	248	1	1	23587
20383	274	1	1	23587
20383	282	2	2	47174
20384	1	1	1	23587
20384	31	4	4	94348
20384	65	1	1	23587
20384	102	1	1	23587
20384	114	1	1	23587
20384	133	1	1	23587
20384	136	1	1	23587
20384	157	1	1	23587
20384	159	1	1	23587
20384	161	3	3	70761
20384	169	1	1	23587
20384	178	1	1	23596
20384	198	1	1	0
20384	245	1	1	29487
20384	278	2	1	1193919
20384	286	2	2	58974
20385	28	1	1	29487
20385	130	1	1	29487
20385	133	1	1	29487
20385	149	1	1	29487
20385	168	1	1	29487
20385	171	1	1	29487
20385	239	1	1	29487
20385	286	2	2	58974
20386	4	1	1	29487
20386	35	1	1	29487
20386	92	1	1	29487
20386	133	2	2	58974
20386	160	1	1	29487
20386	169	2	2	58974
20386	171	1	1	29487
20386	224	1	1	29487
20386	236	1	1	29487
20386	256	2	1	1193919
20387	2	2	2	58974
20387	29	2	2	58974
20387	35	3	3	88461
20387	52	3	3	88461
20387	57	1	1	29487
20387	58	1	1	29487
20387	75	1	1	29487
20387	89	1	1	29487
20387	132	1	1	29487
20387	158	4	3	1252893
20387	163	1	1	29487
20387	164	1	1	29487
20387	165	1	1	29487
20387	169	1	1	29487
20387	170	3	3	88461
20387	208	1	1	29487
20387	220	2	1	1193919
20387	226	1	1	29487
20387	233	1	1	29487
20387	257	1	1	29487
20387	260	1	1	29487
20387	287	2	2	58974
20388	15	1	1	29487
20388	86	1	1	29487
20388	89	1	1	29487
20388	102	1	1	29487
20388	115	1	1	29487
20388	121	1	1	29487
20388	133	1	1	29487
20388	142	2	2	58974
20388	148	1	1	29487
20388	153	1	1	29487
20388	155	22	22	648714
20388	162	1	1	29487
20388	169	1	1	29487
20388	177	1	1	29487
20388	205	1	1	29487
20388	228	1	1	29487
20388	230	1	0	1164432
20388	233	1	1	29487
20388	234	1	0	1164432
20388	242	2	1	1193919
20388	285	1	1	29487
20388	286	1	1	29487
20389	11	1	1	29487
20389	101	1	1	29487
20389	106	2	1	1193919
20389	122	1	1	29487
20389	129	1	1	29487
20389	133	1	1	29487
20389	136	1	1	29487
20389	139	1	1	29487
20389	140	1	1	29487
20389	155	3	3	88461
20389	156	1	1	29487
20389	169	1	1	29487
20389	185	2	2	58974
20389	186	1	1	29487
20389	225	1	1	29487
20389	264	3	3	88461
20389	285	2	2	58974
20390	7	1	1	29487
20390	32	1	1	29487
20390	42	1	1	29487
20390	55	1	1	29487
20390	77	1	1	29487
20390	114	1	1	29487
20390	133	1	1	29487
20390	139	1	1	29487
20390	153	1	1	29487
20390	154	1	1	29487
20390	168	1	1	29487
20390	275	2	1	1193919
20390	282	2	2	58974
20391	3	1	1	29487
20391	16	3	3	88461
20391	45	1	1	29487
20391	72	1	1	29487
20391	133	1	1	29487
20391	169	1	1	29487
20391	214	1	1	29487
20391	217	1	1	29487
20391	221	1	0	7622
20391	229	4	0	30488
20391	251	10	0	76220
20391	275	1	0	7622
20391	283	1	0	7622
20391	284	1	0	7622
20391	287	1	0	7622
20392	64	3	3	88461
20392	115	1	1	29487
20392	116	1	1	29487
20392	124	4	4	117948
20392	128	1	1	29487
20392	133	1	1	29487
20392	144	1	1	29487
20392	150	1	1	29487
20392	154	1	1	29487
20392	166	3	3	88461
20392	169	1	1	29487
20392	208	1	1	29487
20392	213	1	1	29487
20392	243	2	1	1193919
20392	248	1	1	29487
20392	258	2	2	58974
20392	281	2	2	58974
20392	284	1	1	29487
20393	37	1	1	0
20393	68	1	1	29487
20393	90	2	2	58974
20393	95	4	4	117948
20393	133	1	1	29487
20393	137	3	3	88461
20393	143	1	1	29487
20393	154	1	1	29487
20393	169	1	1	29487
20393	176	3	3	88461
20393	180	2	1	1193919
20393	279	1	1	29487
20393	280	1	1	29487
20393	284	1	1	29487
20394	15	3	3	88461
20394	68	1	1	29487
20394	128	1	1	29487
20394	132	1	1	29487
20394	144	1	1	29487
20394	151	1	1	29487
20394	169	1	1	29487
20394	193	2	1	1193919
20394	210	1	1	29487
20394	211	1	1	29487
20394	212	1	1	29487
20394	213	1	1	29487
20394	214	2	2	58974
20394	215	2	2	58974
20394	270	2	1	1193919
20394	279	1	1	29487
20394	280	1	1	29487
20394	285	1	1	29487
20395	22	1	1	29487
20395	24	3	3	88461
20395	57	1	1	29487
20395	58	1	1	29487
20395	85	3	3	88461
20395	92	1	1	29487
20395	106	2	1	1193919
20395	121	1	1	29487
20395	128	4	4	117948
20395	131	1	1	29487
20395	142	1	1	29487
20395	157	1	1	29487
20395	159	1	1	29487
20395	185	1	1	29487
20395	199	1	1	29487
20395	265	2	2	58974
20395	285	3	3	88461
20396	28	5	4	1282380
20396	50	1	1	29487
20396	52	1	1	29487
20396	67	9	9	206409
20396	71	2	1	1193919
20396	79	3	3	88461
20396	80	1	1	29487
20396	81	4	2	2387838
20396	89	1	1	29487
20396	92	1	1	29487
20396	115	1	1	29487
20396	117	1	1	29487
20396	121	1	1	29487
20396	122	1	1	29487
20396	128	1	1	29487
20396	141	1	1	29487
20396	157	1	1	29487
20396	197	1	1	29487
20396	201	3	3	88461
20396	209	1	1	29487
20396	238	2	1	1193919
20396	259	1	1	29487
20396	260	1	1	29487
20396	267	5	4	1282380
20396	271	2	2	58974
20397	0	1	1	29487
20397	1	1	1	29487
20397	3	1	1	29487
20397	9	4	4	117948
20397	100	3	3	88461
20397	111	1	1	0
20397	121	1	1	29487
20397	127	1	1	29487
20397	146	1	1	29487
20397	157	1	1	29487
20397	158	3	2	1223406
20397	197	1	1	29487
20397	216	1	1	29487
20397	257	2	2	58974
20397	269	2	2	58974
20398	3	1	1	29487
20398	19	3	2	70038
20398	37	1	1	29487
20398	49	1	1	29487
20398	120	1	1	29487
20398	125	1	1	29487
20398	133	3	3	88461
20398	137	1	1	29487
20398	138	3	3	88461
20398	145	1	1	29487
20398	157	1	1	29487
20398	176	1	1	29487
20398	195	1	1	29487
20398	230	2	1	1193919
20398	266	1	1	29487
20398	271	1	1	29487
20398	272	1	1	29487
20399	6	1	1	29487
20399	50	1	1	29487
20399	61	1	1	29487
20399	120	1	1	29487
20399	125	1	1	29487
20399	146	1	1	29487
20399	157	1	1	29487
20399	196	1	1	29487
20399	221	1	1	29487
20399	235	1	1	29487
20399	267	1	1	29487
20399	275	1	1	29487
20399	285	1	1	29487
20400	51	1	1	29487
20400	68	3	3	88461
20400	80	2	2	58974
20400	107	1	1	29487
20400	120	1	1	29487
20400	128	2	2	58974
20400	129	1	1	29487
20400	152	1	1	29487
20400	157	1	1	29487
20400	201	1	1	29487
20400	207	1	1	29487
20400	246	2	1	1193919
20400	252	2	1	1193919
20400	273	1	1	29487
20400	274	1	1	29487
20400	275	1	1	29487
20401	27	1	1	29487
20401	60	1	1	29487
20401	108	1	1	29487
20401	121	1	1	29487
20401	139	1	1	29487
20401	144	2	1	1193919
20401	157	1	1	29487
20401	165	1	1	29487
20401	180	3	2	1223406
20401	208	1	1	29487
20401	278	1	1	29487
20401	279	1	1	29487
20401	280	1	1	29487
20402	24	1	1	29487
20402	65	1	1	29487
20402	101	1	1	29487
20402	104	2	1	1193919
20402	119	1	1	29487
20402	121	1	1	29487
20402	143	1	1	29487
20402	157	1	1	29487
20402	175	1	1	29487
20402	201	3	3	88461
20402	213	1	1	29487
20402	215	3	3	88461
20402	261	2	1	1193919
20402	277	2	2	58974
20402	285	1	1	29487
20403	4	2	2	58974
20403	70	1	1	29487
20403	115	1	1	29487
20403	124	2	1	1193919
20403	146	1	1	29487
20403	148	1	1	29487
20403	157	1	1	29487
20403	161	2	2	58974
20403	167	1	1	29487
20403	206	3	3	88461
20403	219	1	1	29487
20403	270	1	1	29487
20403	271	1	1	29487
20404	5	1	1	29487
20404	81	2	2	58974
20404	111	1	1	29487
20404	125	1	1	29487
20404	137	1	1	29487
20404	158	1	1	29487
20404	160	1	1	29487
20404	162	1	1	29487
20404	205	2	2	58974
20404	230	2	1	1193919
20404	234	1	1	29487
20404	257	5	5	147435
20404	270	1	1	29487
20404	272	1	1	29487
20405	17	1	1	29487
20405	24	1	1	29487
20405	97	1	1	29487
20405	99	1	1	29487
20405	123	1	1	29487
20405	158	1	1	29487
20405	163	1	1	29487
20405	168	1	1	29487
20405	178	1	1	29487
20405	225	1	1	29487
20405	250	1	1	29487
20405	257	2	2	58974
20405	266	1	1	29487
20405	276	1	1	29487
20406	39	1	1	29487
20406	40	1	1	29487
20406	52	2	2	58974
20406	68	1	1	29487
20406	119	2	2	58974
20406	122	1	1	29487
20406	137	1	1	29487
20406	147	1	1	29487
20406	157	1	1	29487
20406	164	1	1	29487
20406	257	2	2	58974
20406	267	2	1	1193919
20406	268	1	1	29487
20406	275	1	1	29487
20406	283	1	1	29487
20407	14	1	1	29487
20407	57	1	1	29487
20407	60	1	1	29487
20407	65	2	2	58974
20407	87	1	1	29487
20407	121	1	1	29487
20407	133	1	1	29487
20407	136	1	1	29487
20407	137	1	1	29487
20407	148	1	1	29487
20407	150	1	1	29487
20407	157	1	1	29487
20407	160	1	1	29487
20407	206	1	1	29487
20407	212	1	1	29487
20407	230	1	1	29487
20407	234	1	1	29487
20407	253	1	1	29487
20407	258	5	5	4218
20407	282	1	1	29487
20407	285	1	1	29487
20408	5	1	1	29487
20408	18	1	1	29487
20408	23	1	1	29487
20408	65	1	1	29487
20408	69	1	1	29487
20408	75	1	1	29487
20408	97	1	1	29487
20408	121	1	1	29487
20408	122	1	1	29487
20408	144	1	1	29487
20408	146	1	1	29487
20408	157	1	1	29487
20408	158	1	1	29487
20408	179	1	1	29487
20408	218	1	1	29487
20408	220	1	0	1164432
20408	228	1	1	29487
20408	230	1	1	29487
20408	234	3	2	1223406
20408	236	1	1	29487
20408	243	2	1	1193919
20408	253	1	1	29487
20408	272	1	1	29487
20409	27	2	1	1193919
20409	35	1	1	29487
20409	36	1	1	29487
20409	62	1	1	29487
20409	68	1	1	29487
20409	105	2	2	29487
20409	107	1	1	29487
20409	118	1	1	29487
20409	121	1	1	29487
20409	128	1	1	29487
20409	159	1	1	29487
20409	175	1	1	29487
20409	186	1	1	29487
20409	232	1	1	29487
20409	254	1	1	29487
20409	263	1	1	29487
20410	11	1	1	29487
20410	27	2	2	58974
20410	54	2	2	58974
20410	106	2	1	1193919
20410	114	1	1	29487
20410	117	1	1	29487
20410	122	1	1	29487
20410	123	1	1	29487
20410	136	1	1	29487
20410	150	1	1	29487
20410	157	1	1	29487
20410	210	1	1	29487
20410	232	1	1	29487
20410	242	1	1	29487
20410	254	1	1	29487
20410	269	2	1	1193919
20410	286	1	1	29487
20411	4	1	1	29487
20411	43	1	1	29487
20411	75	1	1	29487
20411	78	1	1	29487
20411	106	1	1	29487
20411	116	1	1	29487
20411	122	1	1	29487
20411	132	1	1	29487
20411	157	1	1	29487
20411	162	1	1	29487
20411	197	1	1	29487
20411	230	1	1	29487
20411	231	1	1	29487
20411	251	1	1	29487
20411	253	1	1	29487
20412	0	1	1	29487
20412	19	1	1	29487
20412	57	1	1	29487
20412	84	1	1	29487
20412	88	1	1	29487
20412	96	4	4	117948
20412	121	1	1	29487
20412	122	1	1	29487
20412	125	1	1	29487
20412	141	1	1	29487
20412	157	1	1	29487
20412	173	1	1	29487
20412	175	1	1	29487
20412	226	1	1	29487
20412	230	1	1	29487
20412	249	1	1	29487
20412	255	1	1	29487
20412	264	3	2	1223406
20413	28	1	1	29487
20413	38	1	1	29487
20413	45	1	1	29487
20413	60	1	1	29487
20413	101	1	1	29487
20413	110	1	1	29487
20413	117	1	1	29487
20413	121	1	1	29487
20413	130	1	1	29487
20413	141	1	1	29487
20413	157	1	1	29487
20413	176	3	2	1223406
20413	177	1	1	29487
20413	184	1	1	29487
20413	193	2	2	58974
20413	196	1	1	29487
20413	224	1	1	29487
20413	226	1	1	29487
20413	230	1	1	29487
20413	254	1	1	29487
20413	283	1	1	29487
20414	26	1	1	29487
20414	59	1	1	29487
20414	78	1	1	29487
20414	108	1	1	29487
20414	121	2	2	58974
20414	142	1	1	29487
20414	158	1	1	29487
20414	196	1	1	29487
20414	214	1	1	29487
20414	231	1	1	29487
20414	241	2	1	1193919
20414	253	1	1	29487
20414	266	1	1	29487
20415	0	1	1	29487
20415	16	1	1	29487
20415	22	1	1	29487
20415	57	1	1	29487
20415	80	1	1	29487
20415	93	1	1	29487
20415	109	1	1	29487
20415	120	1	1	29487
20415	121	1	1	29487
20415	137	1	1	29487
20415	153	1	1	29487
20415	158	1	1	29487
20415	159	1	1	29487
20415	207	1	1	29487
20415	231	1	1	29487
20415	233	1	1	29487
20415	247	4	3	1252893
20415	254	1	1	29487
20416	5	1	1	29487
20416	22	1	1	29487
20416	27	4	3	1252893
20416	30	2	1	1193919
20416	46	1	1	29487
20416	102	1	1	29487
20416	105	1	1	29487
20416	108	1	1	29487
20416	121	2	2	58974
20416	122	1	1	29487
20416	143	1	1	29487
20416	157	1	1	29487
20416	180	1	1	29487
20416	181	1	1	29487
20416	210	1	1	29487
20416	231	1	1	29487
20416	239	2	1	1193919
20416	248	1	1	29487
20416	252	1	1	29487
20416	254	1	1	29487
20416	255	1	1	29487
20416	261	2	1	1193919
20417	27	1	1	29487
20417	46	1	1	29487
20417	64	1	1	29487
20417	121	1	1	29487
20417	122	1	1	29487
20417	123	1	1	29487
20417	150	2	2	58974
20417	156	1	1	29487
20417	158	1	1	29487
20417	177	1	1	29487
20417	201	1	1	29487
20417	218	1	1	29487
20417	221	1	1	29487
20417	230	1	1	29487
20417	253	1	1	29487
20417	261	1	1	29487
20417	276	1	1	29487
20418	30	1	1	29487
20418	68	1	1	29487
20418	72	1	1	29487
20418	94	1	1	29487
20418	121	1	1	29487
20418	122	3	2	1223406
20418	124	1	1	29487
20418	132	1	1	29487
20418	147	1	1	29487
20418	150	1	1	29487
20418	151	2	2	58974
20418	157	1	1	29487
20418	186	1	1	29487
20418	223	1	1	29487
20418	230	1	1	29487
20418	231	2	1	1193919
20418	244	1	1	29487
20418	253	1	1	29487
20418	257	1	1	29487
20418	281	1	1	29487
20419	3	1	1	29487
20419	11	1	1	29487
20419	54	1	1	29487
20419	66	1	1	29487
20419	78	1	1	29487
20419	82	2	2	29487
20419	89	1	1	29487
20419	91	1	1	29487
20419	98	1	1	29487
20419	105	1	1	29487
20419	111	9	0	576
20419	112	5	0	435
20419	113	3	3	88461
20419	123	1	1	29487
20419	125	1	1	29487
20419	169	1	1	29487
20419	210	1	1	29487
20419	224	1	1	29487
20419	227	1	1	29487
20419	246	1	1	29487
20419	287	1	1	29487
20420	0	1	1	29487
20420	35	1	1	29487
20420	44	1	1	29487
20420	46	3	2	1223406
20420	78	1	1	29487
20420	85	1	1	29487
20420	88	1	1	29487
20420	92	1	1	29487
20420	98	1	1	29487
20420	99	1	1	29487
20420	115	1	1	29487
20420	120	1	1	29487
20420	128	1	1	29487
20420	140	1	1	29487
20420	155	1	1	29487
20420	157	1	0	1164432
20420	162	1	1	29487
20420	168	4	4	58974
20420	191	1	1	29487
20420	232	2	1	1193919
20420	238	1	1	29487
20420	265	1	1	29487
20421	10	1	1	29487
20421	42	1	1	29487
20421	59	1	1	29487
20421	99	2	2	58974
20421	121	1	1	29487
20421	127	1	1	29487
20421	133	1	1	29487
20421	140	1	1	29487
20421	207	1	1	29487
20421	249	1	1	29487
20421	283	1	1	29487
20422	27	1	1	29487
20422	64	1	1	29487
20422	73	1	1	29487
20422	74	1	1	29487
20422	125	1	1	29487
20422	126	1	1	29487
20422	128	1	1	29487
20422	138	1	1	29487
20422	156	1	1	29487
20422	160	2	1	1193919
20422	162	1	1	29487
20422	224	1	0	7622
20422	229	1	0	7622
20422	252	1	0	7622
20422	265	1	0	7622
20423	7	20	0	152440
20423	12	1	0	7622
20423	17	2	0	15244
20423	18	1	0	7622
20423	25	2	0	15244
20423	29	2	0	0
20423	41	1	1	29487
20423	44	2	1	1193919
20423	76	1	1	29487
20423	98	1	1	29487
20423	121	4	4	117948
20423	125	1	1	29487
20423	135	1	1	29487
20423	139	1	1	29487
20423	155	1	1	29487
20423	161	1	1	29487
20423	170	1	1	29487
20423	178	1	1	29487
20423	224	1	1	29487
20423	227	1	1	29487
20423	231	1	1	29487
20423	252	1	1	29487
20423	257	2	1	1193919
20423	270	1	1	29487
20424	42	1	1	29487
20424	44	1	1	29487
20424	54	1	1	29487
20424	60	1	1	29487
20424	68	1	1	29487
20424	78	1	1	29487
20424	96	3	3	88461
20424	120	1	1	29487
20424	124	1	1	29487
20424	128	1	1	29487
20424	139	1	1	29487
20424	191	3	3	88461
20424	218	1	1	29487
20424	232	2	1	1193919
20424	265	1	1	29487
20425	4	1	1	29487
20425	29	1	1	29487
20425	34	1	1	29487
20425	38	4	3	1252893
20425	57	1	1	29487
20425	71	1	1	29487
20425	75	3	3	88461
20425	136	2	2	58974
20425	191	1	1	29487
20425	198	3	3	88461
20425	199	1	1	29487
20425	211	1	1	29487
20425	220	3	2	1223406
20425	222	1	1	29487
20425	278	1	1	29487
20425	285	1	1	29487
20426	37	1	1	29487
20426	55	2	1	1193919
20426	74	1	1	29487
20426	75	1	1	29487
20426	81	1	1	29487
20426	82	1	0	1164432
20426	106	1	1	29487
20426	121	1	1	29487
20426	125	1	1	29487
20426	139	2	0	2096793
20426	145	1	1	29487
20426	154	1	1	29487
20426	156	1	1	29487
20426	193	3	3	88461
20426	199	1	1	29487
20426	216	1	1	29487
20426	229	1	1	29487
20426	230	2	1	1193919
20426	262	1	1	29487
20427	16	1	1	29487
20427	43	1	1	29487
20427	82	1	1	29487
20427	101	3	3	88461
20427	106	1	1	29487
20427	146	1	1	29487
20427	163	3	3	88461
20427	185	1	1	29487
20427	188	1	1	29487
20427	194	1	1	29487
20427	251	1	1	29487
20427	276	1	1	29487
20428	0	1	1	29487
20428	3	1	1	29487
20428	59	1	1	29487
20428	60	1	1	29487
20428	65	1	1	29487
20428	102	1	1	29487
20428	113	1	1	29487
20428	118	1	1	29487
20428	131	1	1	29487
20428	133	1	1	29487
20428	134	2	2	58974
20428	154	2	2	58974
20428	164	1	1	29487
20428	185	1	1	29487
20428	196	2	1	1193919
20428	201	1	1	29487
20428	202	1	1	29487
20428	248	2	1	1193919
20428	269	1	1	29487
20428	272	1	1	29487
20429	20	1	1	29487
20429	55	1	1	29487
20429	63	1	1	29487
20429	82	1	1	29487
20429	117	1	1	29487
20429	121	1	1	29487
20429	130	1	1	29487
20429	139	3	2	1223406
20429	187	2	2	1624
20429	200	1	1	29487
20429	215	2	2	58974
20429	219	2	2	1624
20429	225	1	1	29487
20429	269	1	1	29487
20430	14	1	1	29487
20430	54	1	1	29487
20430	77	2	1	1193919
20430	97	1	1	0
20430	106	1	1	29487
20430	110	1	1	29487
20430	111	1	1	29487
20430	124	1	1	29487
20430	127	1	1	29487
20430	128	1	1	29487
20430	133	1	1	29487
20430	153	1	1	29487
20430	154	1	1	29487
20430	155	1	1	29487
20430	156	1	0	1164432
20430	157	1	0	1164432
20430	197	1	1	29487
20430	206	4	3	1252893
20430	248	2	2	58974
20430	249	1	1	29487
20430	259	2	1	1193919
20430	265	1	1	29487
20430	269	2	2	58974
20431	11	1	1	29487
20431	47	1	1	29487
20431	85	1	1	29487
20431	89	2	2	1624
20431	99	1	1	29487
20431	121	1	1	29487
20431	123	2	2	1624
20431	125	3	2	1223406
20431	153	2	2	1624
20431	164	1	1	29487
20431	191	3	3	31111
20431	196	1	1	29487
20431	214	3	2	1223406
20431	225	2	2	1624
20431	233	2	1	1193919
20431	246	1	1	29487
20431	255	1	1	29487
20431	269	3	3	88461
20432	30	1	1	29487
20432	34	2	2	1624
20432	41	1	1	29487
20432	70	1	1	29487
20432	92	2	2	1624
20432	93	3	3	88461
20432	104	2	2	1624
20432	110	1	1	29487
20432	113	1	1	29487
20432	128	1	1	29487
20432	135	1	1	29487
20432	148	2	2	1624
20432	163	2	2	58974
20432	171	2	2	58974
20432	174	1	1	29487
20432	177	1	1	29487
20432	185	1	1	29487
20432	218	1	1	29487
20432	221	1	1	29487
20432	239	1	1	29487
20432	244	1	1	29487
20432	261	4	3	1195543
20433	35	1	1	29487
20433	41	1	1	29487
20433	58	4	2	2387838
20433	81	3	3	88461
20433	110	1	1	29487
20433	128	1	1	29487
20433	155	2	2	1624
20433	169	1	1	29487
20433	185	1	1	29487
20433	224	1	1	29487
20433	253	1	1	29487
20434	7	2	2	1624
20434	27	1	1	29487
20434	29	1	1	29487
20434	40	1	1	29487
20434	76	1	1	29487
20434	92	1	1	29487
20434	114	1	1	29487
20434	136	1	1	29487
20434	144	2	2	58974
20434	149	1	1	29487
20434	188	1	1	29487
20434	189	1	1	29487
20434	243	2	1	1193919
20434	256	1	1	29487
20434	258	1	1	29487
20435	9	1	1	29487
20435	45	1	1	29487
20435	57	1	1	29487
20435	112	1	1	29487
20435	198	1	1	29487
20435	209	1	1	29487
20436	21	1	1	29487
20436	61	1	1	29487
20436	100	1	1	29487
20436	117	1	1	29487
20436	208	1	1	29487
20436	213	1	1	29487
20436	280	2	1	1193919
20437	16	1	1	29487
20437	76	1	1	29487
20437	95	1	1	29487
20437	109	1	1	29487
20437	200	1	1	29487
20438	7	1	1	29487
20438	98	1	1	29487
20438	100	2	1	1193919
20438	191	1	1	29487
20438	233	1	1	29487
20438	286	1	1	29487
20439	90	1	1	29487
20439	152	1	1	29487
20439	237	1	1	29487
20439	242	1	1	29487
20440	53	1	1	29487
20440	86	1	1	29487
20440	102	1	1	29487
20440	211	1	1	29487
20440	240	1	1	29487
20441	57	1	1	29487
20441	109	1	1	29487
20441	164	1	1	29487
20441	268	1	1	29487
20442	79	1	1	29487
20442	122	1	1	29487
20442	212	1	1	29487
20443	66	1	1	29487
20443	134	1	1	29487
20443	165	1	1	29487
20443	176	1	1	29487
20444	11	1	1	29487
20444	14	1	1	29487
20444	115	1	1	29487
20444	144	1	1	29487
20444	204	1	1	29487
20444	269	1	1	29487
20445	9	1	1	29487
20445	97	1	1	29487
20445	154	1	1	29487
20445	185	1	1	29487
20445	240	1	1	29487
20445	271	1	1	29487
20446	68	1	1	29487
20446	152	1	1	29487
20446	164	1	1	29487
20446	240	1	1	29487
20447	22	1	1	29487
20447	46	1	1	29487
20447	133	1	1	29487
20447	178	1	1	29487
20447	230	1	1	29487
20448	11	1	1	29487
20448	34	1	1	29487
20448	37	1	1	29487
20448	124	1	1	29487
20448	189	1	1	29487
20448	223	1	1	29487
20449	38	1	1	29487
20449	48	1	1	29487
20449	73	1	1	29487
20449	132	1	1	29487
20449	199	1	1	29487
20450	25	1	1	29487
20450	51	1	1	29487
20450	56	1	1	32783
20450	131	2	1	1197215
20450	134	1	1	32783
20450	246	4	2	2394430
20450	266	1	1	32783
20451	2	2	1	1197215
20451	64	1	1	32783
20451	67	1	1	32783
20451	82	1	1	32783
1	0	0	1	0	0	29443174	0	0	29443174	0	0	/wp-includes/SimplePie/classwithtostring.php
1	0	0	1	0	0	29443152	0	0	29443152	0	0	/wp-includes/rest-api/block-css.php?mode=upload
1	0	0	1	0	0	29443168	0	0	29443168	0	0	/wp-includes/js/tinymce/plugins/wordpress/about.php
1	0	0	1	0	0	29443169	0	0	29443169	0	0	/wp-includes/rest-api/endpoints/class-wp-rest-font-faces-controller.php
1	0	0	1	0	0	29443174	0	0	29443174	0	0	/wp-content/languages/classwithtostring.php
1	0	0	1	0	0	29443165	0	0	29443165	0	0	/wp-includes/blocks.php
1	0	0	1	0	0	29443172	0	0	29443172	0	0	/cool.php
1	0	0	1	0	0	29443149	0	0	29443149	0	0	/ajaxfilemanager/class.api.php
1	0	0	1	0	0	29443169	0	0	29443169	0	0	/wp-includes/pomo/streams.php
1	0	0	1	0	0	29443176	0	0	29443176	0	0	/byp.php?p=
1	0	0	1	0	0	29443161	0	0	29443161	0	0	/vendor/doctrine/inflector/lib/Doctrine/Inflector/Rules/NorwegianBokmal/alfa-rex.php
1	0	0	1	0	0	29443174	0	0	29443174	0	0	/yanzshell.php
1	0	0	1	0	0	29443160	0	0	29443160	0	0	/vendor/bensampo/laravel-enum/src/Commands/stubs/alfa-rex.php
1	0	0	1	0	0	29443160	0	0	29443160	0	0	/vendor/bin/about.php
1	0	0	1	0	0	29443164	0	0	29443164	0	0	/wp-includes/SimplePie/src/Cache/Base.php
1	0	0	1	0	0	29443147	0	0	29443147	0	0	/tmp_images/alfacgiapi/perl.alfa
1	0	0	1	0	0	29443152	0	0	29443152	0	0	/wp-admin/js/Chitoge.php
1	0	0	1	0	0	29443165	0	0	29443165	0	0	/wp-includes/class-oembed.php
1	0	0	1	0	0	29443163	0	0	29443163	0	0	/wp-admin/includes/ms-admin-filters.php
1	0	0	1	0	0	29443165	0	0	29443165	0	0	/wp-includes/class-http.php
1	0	0	0	3	0	0	29377037	0	0	29320018	0	/wp/wp-admin/install.php?step=1&language=en_GB
1	0	0	0	2	0	0	29335108	0	0	29334406	0	/config/local.yml
1	0	0	1	0	0	29443156	0	0	29443156	0	0	/wp-admin/hello.php
1	0	0	1	0	0	29443169	0	0	29443169	0	0	/wp-includes/sodium_compat/lib/wp-login.php
1	0	0	1	0	0	29443172	0	0	29443172	0	0	/wp-update.php
1	0	0	20	0	0	29444889	0	0	29429169	0	0	/wp-includes/images/index.php
1	0	0	1	0	0	29443177	0	0	29443177	0	0	/wp-admin/includes/gelay.php
1	0	0	1	0	0	29443168	0	0	29443168	0	0	/wp-includes/js/tinymce/skins/wp-login.php
1	0	0	1	0	0	29443176	0	0	29443176	0	0	/wp-admin/css/colors/coffee/up.php
1	0	0	1	0	0	29443151	0	0	29443151	0	0	/wp-content/xl2023.php
1	0	0	0	2	0	0	29370492	0	0	29351930	0	/.well-known/autoconfig/mail/config-v1.1.xml?emailaddress=dataprotection@magentaweb.org
1	0	0	0	1	0	0	29422143	0	0	29422143	0	/nxc.php
1	0	0	1	0	0	29443179	0	0	29443179	0	0	/wp-content/wp_error.php
1	0	0	0	2	0	0	29337050	0	0	29325030	0	/wp-content/plugins/cloudflare/vendor/phpunit/phpunit/src/Util/PHP/eval-stdin.php
1	0	0	1	0	0	29443167	0	0	29443167	0	0	/wp-includes/https-migration.php
1	0	0	1	0	0	29443157	0	0	29443157	0	0	/wp-content/hello.php
1	0	0	1	0	0	29443163	0	0	29443163	0	0	/wp-admin/includes/plugin.php
1	0	0	1	0	0	29443179	0	0	29443179	0	0	/sure.php
1	0	0	1	0	0	29443160	0	0	29443160	0	0	/vendor/dflydev/dot-access-data/src/alfa-rex.php
1	0	0	1	0	0	29443154	0	0	29443154	0	0	/wp-admin/user/wp-class.php
1	0	0	1	0	0	29443162	0	0	29443162	0	0	/wp-admin/includes/class-bulk-upgrader-skin.php
1	0	0	1	0	0	29443165	0	0	29443165	0	0	/wp-includes/class-wp-admin-bar.php
1	0	0	1	0	0	29443170	0	0	29443170	0	0	/wp-content/plugins/css-ready-sel/file.php
1	0	0	1	0	0	29443168	0	0	29443168	0	0	/wp-includes/js/jquery/about.php
1	0	0	1	0	0	29443175	0	0	29443175	0	0	/x4.php
1	0	0	1	0	0	29443175	0	0	29443175	0	0	/memberfuns.php
1	0	0	1	0	0	29443154	0	0	29443154	0	0	/sa.php
1	0	0	1	0	0	29443177	0	0	29443177	0	0	/wp-content/mini.php
1	0	0	1	0	0	29443164	0	0	29443164	0	0	/wp-includes/SimplePie/src/Net/IPv6.php
1	0	0	1	0	0	29443165	0	0	29443165	0	0	/wp-includes/class-wp-block-editor-context.php
1	0	0	1	0	0	29443158	0	0	29443158	0	0	/image/7.php
1	0	0	1	0	0	29443170	0	0	29443170	0	0	/wp-includes/spl-autoload-compat.php
1	0	0	1	0	0	29443166	0	0	29443166	0	0	/wp-includes/css/wp-login.php
1	0	0	1	0	0	29443157	0	0	29443157	0	0	/wp-includes/bb.php
1	0	0	0	1	0	0	29422263	0	0	29422263	0	/wp-content/plugins/Iitespeed-cache/
1	0	0	1	0	0	29443157	0	0	29443157	0	0	/wp-content/87.php
1	0	0	1	0	0	29443161	0	0	29443161	0	0	/vendor/filp/whoops/src/Whoops/Exception/about.php
1	0	0	0	1	0	0	29422263	0	0	29422263	0	/wp-content/plugins/WordPressCore/
1	0	0	1	1	0	29443148	29422263	0	29443148	29422263	0	/wp-admin/user/about.php
1	0	0	1	0	0	29443158	0	0	29443158	0	0	/image/mailer.php
1	0	0	1	0	0	29443173	0	0	29443173	0	0	/update.php
1	0	0	0	2	0	0	29335106	0	0	29334406	0	/website/.env
1	0	0	1	0	0	29443177	0	0	29443177	0	0	/wp-admin/maint/shadowx.php
1	0	0	1	0	0	29443153	0	0	29443153	0	0	/as/rk2.php
1	0	0	1	0	0	29443176	0	0	29443176	0	0	/.well-known/acme-challenge/indexx.php
1	0	0	1	0	0	29443155	0	0	29443155	0	0	/wp-includes/plugins/instabuilder2/cache/plugins/moon.php
1	0	0	1	0	0	29443157	0	0	29443157	0	0	/wp-includes/FoxWSOv1.php
1	0	0	1	0	0	29443174	0	0	29443174	0	0	/wp-admin/includes/classwithtostring.php
1	0	0	0	2	0	0	29335107	0	0	29334406	0	/scripts/nodemailer.js
1	0	0	1	0	0	29443172	0	0	29443172	0	0	/blvck.php
1	0	0	1	0	0	29443147	0	0	29443147	0	0	/chosen/pomo.php
1	0	0	1	0	0	29443169	0	0	29443169	0	0	/wp-includes/rest-api/endpoints/class-wp-rest-url-details-controller.php
1	0	0	1	0	0	29443165	0	0	29443165	0	0	/wp-includes/class-walker-nav-menu.php
1	0	0	1	0	0	29443177	0	0	29443177	0	0	/wp-admin/gelay.php
1	0	0	1	0	0	29443146	0	0	29443146	0	0	/7yn.php
1	0	0	1	0	0	29443148	0	0	29443148	0	0	/ioxi-rex.php
1	0	0	1	0	0	29443150	0	0	29443150	0	0	/wp-content/languages/wp_project.php
1	0	0	0	1	0	0	29337049	0	0	29337049	0	/api/config.json
1	0	0	1	0	0	29443151	0	0	29443151	0	0	/wp-admin/xxl.php
1	0	0	1	0	0	29443170	0	0	29443170	0	0	/wp-includes/wp-log1n.php
1	0	0	1	0	0	29443176	0	0	29443176	0	0	/1.aspx
1	0	0	1	0	0	29443158	0	0	29443158	0	0	/image/2.php
1	0	0	1	0	0	29443175	0	0	29443175	0	0	/moderation.php
1	0	0	1	0	0	29443146	0	0	29443146	0	0	/sad/about.php
1	0	0	1	0	0	29443177	0	0	29443177	0	0	/wp-content/gelay.php
1	0	0	1	0	0	29443154	0	0	29443154	0	0	/wp-admin/network/wp-class.php
1	0	0	1	0	0	29443179	0	0	29443179	0	0	/wp-admin/network/killbot.php
1	0	0	1	0	0	29443177	0	0	29443177	0	0	/wp-content/languages/themes/nav.php
1	0	0	1	0	0	29443179	0	0	29443179	0	0	/wp-content/uploads/small.php
1	1	0	0	0	29403918	0	0	29403918	0	0	64	/.well-known/acme-challenge/35E7M4JG_F-ZV179GHS_SHL8P5D5E_18
1	0	0	1	0	0	29443165	0	0	29443165	0	0	/wp-includes/class-wp-block-parser-frame.php
1	0	0	1	0	0	29443148	0	0	29443148	0	0	/woh.php
1	0	0	2	10	0	29432254	29424995	0	29430102	29418696	0	/wp-includes/assets/
1	0	0	1	0	0	29443177	0	0	29443177	0	0	/wp-xxx.php
1	0	0	1	0	0	29443150	0	0	29443150	0	0	/js/l0k.php
1	0	0	1	0	0	29443170	0	0	29443170	0	0	/images/vuln.php
1	0	0	1	0	0	29443166	0	0	29443166	0	0	/wp-includes/class-wp-widget-factory.php
1	0	0	1	0	0	29443174	0	0	29443174	0	0	/wp-content/themes/pridmag/db.php
1	0	0	1	0	0	29443178	0	0	29443178	0	0	/.well-known/crack_self_restore.php
1	0	0	1	0	0	29443154	0	0	29443154	0	0	/tmp/whmcs.php
1	0	0	1	0	0	29443169	0	0	29443169	0	0	/wp-includes/sitemaps/class-wp-sitemaps-index.php
1	0	0	1	0	0	29443153	0	0	29443153	0	0	/phpmailer.lang-sv.php
1	0	0	1	0	0	29443155	0	0	29443155	0	0	/wp-content/plugins/disqus-comment-system/tmp/d.php
1	0	0	1	0	0	29443159	0	0	29443159	0	0	/image/send.php
1	0	0	9	25	0	29447926	29426103	0	29426735	29418693	0	/simple.php
1	0	0	1	0	0	29443149	0	0	29443149	0	0	/wp-content/plugins/wordpress-three/miin.php
1	0	0	5	0	0	29444852	0	0	29443260	0	0	/nc4.php
1	0	0	1	0	0	29443176	0	0	29443176	0	0	/wp-admin/css/wso.php
1	0	0	1	0	0	29443159	0	0	29443159	0	0	/images/87.php
1	0	0	0	1	0	0	29387224	0	0	29387224	0	/wp-admin/theme-editor.php
1	0	0	1	0	0	29443157	0	0	29443157	0	0	/wp-includes/rahma.php
1	0	0	1	0	0	29443174	0	0	29443174	0	0	/wp-admin/images/wp-ver.php
1	0	0	2	1	0	29432254	29422263	0	29430102	29422263	0	/wp-includes/ID3/index.php
1	0	0	1	0	0	29443156	0	0	29443156	0	0	/wp-admin/5.php
1	0	0	1	0	0	29443178	0	0	29443178	0	0	/wp-admin/maint/wp-act.php
1	0	0	1	0	0	29443159	0	0	29443159	0	0	/image/sendmail.php
1	0	0	1	0	0	29443170	0	0	29443170	0	0	/wp-includes/vars.php
1	0	0	1	0	0	29443165	0	0	29443165	0	0	/wp-includes/block-supports/wp-login.php
1	0	0	24	15	0	29448121	29426450	0	29426735	29418887	0	/alfa.php
1	0	0	1	0	0	29443147	0	0	29443147	0	0	/file/pomo.php
1	0	0	0	2	0	0	29335107	0	0	29334406	0	/apis/controllers/users.js
1	0	0	1	0	0	29443165	0	0	29443165	0	0	/wp-includes/block-patterns/query-grid-posts.php
1	0	0	1	0	0	29443160	0	0	29443160	0	0	/vendor/brick/math/src/Internal/Calculator/about.php
1	0	0	24	27	0	29448122	29426516	0	29426760	29418695	0	/wp-includes/IXR/
1	0	0	1	0	0	29443177	0	0	29443177	0	0	/doc/indexx.php
1	0	0	1	0	0	29443162	0	0	29443162	0	0	/wp-admin/includes/class-language-pack-upgrader.php
1	0	0	0	2	0	0	29335105	0	0	29334406	0	/lara/phpinfo.php
1	0	0	1	0	0	29443161	0	0	29443161	0	0	/vendor/dragonmantank/cron-expression/about.php
1	0	0	1	0	0	29443153	0	0	29443153	0	0	/wp-includes/IXR/plugins.php
1	1	0	0	0	29316061	0	0	29316061	0	0	64	/.well-known/acme-challenge/YBZORG-PY-EYVSN71XGD4_5MXOYKSRWV
1	0	0	1	0	0	29443175	0	0	29443175	0	0	/index/admin-ajax.php
1	0	0	1	0	0	29443174	0	0	29443174	0	0	/wp-content/plugins/db/uploader.php
1	0	0	1	0	0	29443157	0	0	29443157	0	0	/wp-includes/upload.php
1	0	0	1	0	0	29443176	0	0	29443176	0	0	/a.aspx
1	0	0	42	33	0	29448122	29426516	0	29426760	29418693	0	/wp-good.php
1	0	0	1	0	0	29443157	0	0	29443157	0	0	/wp-includes/ws.php
1	0	0	1	0	0	29443164	0	0	29443164	0	0	/wp-includes/SimplePie/library/SimplePie/Content/Type/wp-login.php
1	0	0	1	0	0	29443163	0	0	29443163	0	0	/wp-includes/ID3/module.audio-video.matroska.php
1	0	0	1	0	0	29443157	0	0	29443157	0	0	/wp-includes/mar.php
1	0	0	1	0	0	29443180	0	0	29443180	0	0	/chosen/killbot.php
1	0	0	1	0	0	29443177	0	0	29443177	0	0	/admin/indexx.php
1	0	0	1	0	0	29443148	0	0	29443148	0	0	/wp-content/plugins/wordpresss3cll/includes.php
1	0	0	1	7	0	29364298	29425682	0	29364298	29319324	0	/_profiler/phpinfo
1	0	0	1	0	0	29443164	0	0	29443164	0	0	/wp-includes/SimplePie/src/Exception.php
1	0	0	1	0	0	29443173	0	0	29443173	0	0	/pda.php
1	0	0	1	0	0	29443155	0	0	29443155	0	0	/wp-admin/0.php
1	0	0	1	0	0	29443149	0	0	29443149	0	0	/wp-content/plugins/anttt/simple.php
1	0	0	1	0	0	29443173	0	0	29443173	0	0	/anonym.php
1	0	0	1	0	0	29443176	0	0	29443176	0	0	/wp-admin/css/colors/coffee/mari.php
1	0	0	0	1	0	0	29361811	0	0	29361811	0	/storage/.env
1	0	0	1	0	0	29443155	0	0	29443155	0	0	/wp-admin/403.php
1	0	0	1	0	0	29443163	0	0	29443163	0	0	/wp-content/mu-plugins/sso.php
1	0	0	1	0	0	29443172	0	0	29443172	0	0	/yuuki2.php
1	0	0	1	0	0	29443146	0	0	29443146	0	0	/XxX.php
1	0	0	7	14	0	29444852	29424995	0	29430102	29418695	0	/wp-includes/fonts/
1	0	0	1	0	0	29443164	0	0	29443164	0	0	/wp-includes/Text/Diff/Renderer/alfa-rex.php
1	0	0	1	0	0	29443148	0	0	29443148	0	0	/wp-admin/css/colors/midnight/zsihhopn.php
1	0	0	1	0	0	29443177	0	0	29443177	0	0	/wp-admin/maint/poster.php
1	0	0	1	0	0	29443170	0	0	29443170	0	0	/wp-includes/sodium_compat/src/Core32/alfa-rex.php
1	0	0	1	0	0	29443172	0	0	29443172	0	0	/v2.php
1	0	0	1	0	0	29443163	0	0	29443163	0	0	/wp-content/uploads/az.php
1	0	0	1	0	0	29443150	0	0	29443150	0	0	/wp-admin/network/wp-hoard.php
1	0	0	1	0	0	29443157	0	0	29443157	0	0	/wp-content/404.php
1	0	0	1	0	0	29443166	0	0	29443166	0	0	/wp-includes/class-wp-session-tokens.php
1	0	0	1	0	0	29443170	0	0	29443170	0	0	/wp-includes/sodium_compat/src/Core/alfa-rex.php
1	0	0	1	0	0	29443155	0	0	29443155	0	0	/wp-admin/wp-includes/fw.php
1	0	0	1	0	0	29443145	0	0	29443145	0	0	/about/chosen.php
1	0	0	1	0	0	29443166	0	0	29443166	0	0	/wp-includes/class-wp-site-query.php
1	0	0	1	0	0	29443168	0	0	29443168	0	0	/wp-includes/js/tinymce/langs/about.php
1	0	0	1	0	0	29443163	0	0	29443163	0	0	/wp-includes/Requests/src/Ipv6.php
1	0	0	0	1	0	0	29365234	0	0	29365234	0	/wp-json/sure-triggers/v1/automation/action
1	1	1	0	0	29359495	0	0	29359495	0	0	29487	/?item=dorktest303
1	0	0	1	0	0	29443153	0	0	29443153	0	0	/docs/docs/about.php7
1	0	0	1	0	0	29443147	0	0	29443147	0	0	/wp-admin/css/colors/blue/nice.php?p=
1	0	0	1	0	0	29443171	0	0	29443171	0	0	/wp-content/plugins/Core-Econ/upH.php
1	0	0	1	0	0	29443169	0	0	29443169	0	0	/wp-includes/rest-api/endpoints/wp-login.php
1	0	0	1	0	0	29443161	0	0	29443161	0	0	/vendor/iankumu/mpesa/src/Exceptions/alfa-rex.php
1	0	0	1	0	0	29443153	0	0	29443153	0	0	/.tmb/plugins.php
1	0	0	1	0	0	29443168	0	0	29443168	0	0	/wp-includes/js/mediaelement/wp-login.php
1	0	0	1	0	0	29443166	0	0	29443166	0	0	/wp-includes/class-wp-theme-json.php
1	0	0	1	0	0	29443173	0	0	29443173	0	0	/product.php
1	0	0	1	0	0	29443169	0	0	29443169	0	0	/wp-includes/rest-api/endpoints/class-wp-rest-sidebars-controller.php
1	0	0	1	0	0	29443174	0	0	29443174	0	0	/wp-content/themes/noriumportfolio/db.php
1	0	0	8	19	0	29449657	29424994	0	29431102	29418694	0	/wp-includes/assets/about.php
1	0	0	1	0	0	29443170	0	0	29443170	0	0	/wp-includes/sodium_compat/src/Core32/Curve25519/Ge/alfa-rex.php
1	0	0	0	10	0	0	29424995	0	0	29418696	0	/include/
1	0	0	1	0	0	29443157	0	0	29443157	0	0	/wp-includes/wi.php
1	0	0	1	0	0	29443172	0	0	29443172	0	0	/wp-admin/css/fw.php
1	0	0	1	0	0	29443177	0	0	29443177	0	0	/images
1	0	0	1	0	0	29443169	0	0	29443169	0	0	/wp-includes/mah.php
1	0	0	1	0	0	29443172	0	0	29443172	0	0	/wp-files.php
1	0	0	1	0	0	29443162	0	0	29443162	0	0	/wp-admin/includes/class-theme-upgrader-skin.php
1	0	0	1	0	0	29443174	0	0	29443174	0	0	/wp-includes/certificates/wp-ver.php
1	0	0	1	0	0	29443178	0	0	29443178	0	0	/wp-admin/includes/wp-term.php
1	0	0	1	0	0	29443178	0	0	29443178	0	0	/wp-ssl.php
1	0	0	1	0	0	29445707	0	0	29445707	0	0	/zwso.php
1	0	0	1	0	0	29443148	0	0	29443148	0	0	/wp-admin/maint/class.api.php
1	0	0	1	1	0	29443152	29422143	0	29443152	29422143	0	/ioxi002.PhP7
1	0	0	1	1	0	29443146	29422263	0	29443146	29422263	0	/wp-content/uploads/about.php
1	0	0	1	0	0	29443163	0	0	29443163	0	0	/wp-includes/Requests/library/Requests.php
1	0	0	1	0	0	29443175	0	0	29443175	0	0	/cms/tiny_mce/plugins/ajaxfilemanager/admin-ajax.php
1	0	0	1	0	0	29443162	0	0	29443162	0	0	/vendor/laminas/laminas-diactoros/src/Response/about.php
1	0	0	1	0	0	29443171	0	0	29443171	0	0	/wp-includes/certificates/zmFM.php
1	0	0	1	0	0	29443163	0	0	29443163	0	0	/wp-admin/includes/ms-deprecated.php
1	0	0	1	0	0	29438116	0	0	29438116	0	0	/ftp-sync.json
1	0	0	0	4	0	0	29425682	0	0	29335908	0	/.env.production
1	0	0	1	0	0	29443159	0	0	29443159	0	0	/images/sendmail.php
1	0	0	1	0	0	29443175	0	0	29443175	0	0	/wiki-index.php
1	0	0	1	0	0	29443162	0	0	29443162	0	0	/wp-admin/includes/image-edit.php
1	0	0	1	0	0	29443153	0	0	29443153	0	0	/wp-includes/rest-api/rk2.php
1	0	0	1	0	0	29443175	0	0	29443175	0	0	/Init.php
1	0	0	1	0	0	29443175	0	0	29443175	0	0	/xphyj.php
1	0	0	0	3	0	0	29425682	0	0	29373215	0	/.env.development
1	0	0	1	0	0	29443159	0	0	29443159	0	0	/8.php
1	0	0	1	0	0	29443149	0	0	29443149	0	0	/wp-content/themes/welfare-charity/www.php
1	0	0	1	0	0	29443154	0	0	29443154	0	0	/readme.php
1	0	0	1	0	0	29443150	0	0	29443150	0	0	/wp-includes/pomo/wp_filemanager.php
1	0	0	1	0	0	29443177	0	0	29443177	0	0	/chosen/nav.php
1	0	0	1	0	0	29443154	0	0	29443154	0	0	/d0mains.php
1	0	0	1	0	0	29443163	0	0	29443163	0	0	/wp-includes/Requests/src/Exception/alfa-rex.php
1	0	0	1	0	0	29443177	0	0	29443177	0	0	/file/nav.php
1	0	0	1	0	0	29443149	0	0	29443149	0	0	/wp-admin/user/users.php
1	0	0	0	1	0	0	29412190	0	0	29412190	0	/icons/%2ee2e/e2ee2e/e2ee2e/e2ee2e/e2ee2e/e2ee2e/e2ee2e/etc/passwd
1	0	0	1	0	0	29443168	0	0	29443168	0	0	/wp-includes/js/imgareaselect/alfa-rex.php
1	0	0	1	0	0	29443177	0	0	29443177	0	0	/wp-includes/shadowx.php
1	0	0	1	0	0	29443153	0	0	29443153	0	0	/wp-admin/css/colors/blue/license.php
1	0	0	1	0	0	29443174	0	0	29443174	0	0	/wp-content/plugins/seoplugins/db.php
1	0	0	1	0	0	29443173	0	0	29443173	0	0	/wp-content/uploads/class_appfun.php
1	0	0	17	16	0	29448122	29426516	0	29426760	29418887	0	/wp-includes/js/codemirror/index.php
1	0	0	1	0	0	29443164	0	0	29443164	0	0	/wp-includes/SimplePie/src/Cache/File.php
1	0	0	1	0	0	29443177	0	0	29443177	0	0	/wp-admin/css/colors/blue/nav.php
1	0	0	1	0	0	29443174	0	0	29443174	0	0	/link.php/wp-atom.php
1	0	0	1	0	0	29443166	0	0	29443166	0	0	/wp-includes/class-wp-site.php
1	0	0	1	0	0	29443146	0	0	29443146	0	0	/3.php
1	0	0	1	0	0	29443166	0	0	29443166	0	0	/wp-includes/css/dist/list-reusable-blocks/alfa-rex.php
1	0	0	0	1	0	0	29422676	0	0	29422676	0	/wp-includes/customize/wp-conflg.php
1	0	0	0	3	0	0	29337616	0	0	29327537	0	/wp-admin/setup-config.php?167.114.3.106
1	0	0	1	0	0	29443154	0	0	29443154	0	0	/wp-content/languages/wp-class.php
1	0	0	1	0	0	29443167	0	0	29443167	0	0	/wp-includes/default-filters.php
1	0	0	0	10	0	0	29424995	0	0	29418696	0	/wp-includes/Requests/Transport/
1	0	0	0	1	0	0	29336576	0	0	29336576	0	/.well-known/autoconfig/mail/config-v1.1.xml?emailaddress=findi@magentaweb.org
1	0	0	1	0	0	29443152	0	0	29443152	0	0	/wp-content/uploads/Chitoge.php
1	0	0	1	0	0	29443169	0	0	29443169	0	0	/wp-includes/rss-functions.php
1	0	0	1	0	0	29443174	0	0	29443174	0	0	/.well-known/acme-challenge/install.php
1	0	0	0	1	0	0	29443153	0	0	29443153	0	/.well-known/pki-validation/mariju.php
1	1	1	0	0	29359495	0	0	29359495	0	0	29487	/?keyword=dorktest303
1	0	0	1	0	0	29443174	0	0	29443174	0	0	/ajaxfilemanager/wp-ver.php
1	0	0	0	2	0	0	29339059	0	0	29336183	0	/wordpress/wp-admin/setup-config.php?45.148.10.160
1	0	0	1	0	0	29443175	0	0	29443175	0	0	/ms-upgrade-network.php
1	0	0	1	0	0	29443146	0	0	29443146	0	0	/mailer.php
1	0	0	1	0	0	29443173	0	0	29443173	0	0	/wp-del.php
1	0	0	1	0	0	29443152	0	0	29443152	0	0	/fox.php
1	0	0	1	0	0	29443163	0	0	29443163	0	0	/wp-includes/Requests/src/Utility/wp-login.php
1	0	0	1	0	0	29443154	0	0	29443154	0	0	/wp-content/plugins/disqus-comment-system/tmp/admin.php
1	0	0	1	0	0	29443163	0	0	29443163	0	0	/wp-includes/PHPMailer/Exception.php
1	0	0	1	0	0	29443155	0	0	29443155	0	0	/wp-content/plugins/akismet/tmp/whmcs.php
1	0	0	1	0	0	29443155	0	0	29443155	0	0	/wp-content/languages/themes/500.php
1	0	0	1	0	0	29443177	0	0	29443177	0	0	/xleetmailer.php
1	0	0	1	0	0	29443175	0	0	29443175	0	0	/wp-admin/includes/admin-ajax.php
1	0	0	1	0	0	29443147	0	0	29443147	0	0	/wp-content/languages/e-preview.php
1	0	0	1	0	0	29443156	0	0	29443156	0	0	/wp-admin/100.php
1	0	0	0	1	0	0	29387370	0	0	29387370	0	/public/js/
1	0	0	0	5	0	0	29403926	0	0	29316062	0	/_all_dbs
1	0	0	1	0	0	29443168	0	0	29443168	0	0	/wp-includes/js/jquery/wp-login.php
1	0	0	1	0	0	29443178	0	0	29443178	0	0	/.well-known/acme-challenge/wp-sys.php?p=
1	0	0	0	2	0	0	29335108	0	0	29334406	0	/backend/config/settings.yml
1	0	0	1	0	0	29443155	0	0	29443155	0	0	/wp-admin/ok.php
1	0	0	1	0	0	29443155	0	0	29443155	0	0	/wp-content/plugins/akismet/sa.php
1	0	0	1	0	0	29443155	0	0	29443155	0	0	/wp-admin/1234.php
1	0	0	1	0	0	29443150	0	0	29443150	0	0	/s_ne.php
1	0	0	1	0	0	29443163	0	0	29443163	0	0	/wp-includes/Requests/src/Utility/InputValidator.php
1	0	0	1	0	0	29443170	0	0	29443170	0	0	/wp-includes/sodium_compat/src/Core32/Poly1305/wp-login.php
1	0	0	4	32	0	29445837	29433869	0	29364298	29319324	0	/api/.env
1	0	0	1	0	0	29443170	0	0	29443170	0	0	/libraries/joomla/jmails.php?u
1	0	0	0	6	0	0	29369704	0	0	29316166	0	/.well-known/autoconfig/mail/config-v1.1.xml
1	0	0	1	0	0	29443177	0	0	29443177	0	0	/wp-admin/maint/nav.php
1	0	0	1	0	0	29443152	0	0	29443152	0	0	/wp-admin/js/widgets/Chitoge.php
1	0	0	1	0	0	29443147	0	0	29443147	0	0	/wp-includes/alfacgiapi/perl.alfa
1	0	0	1	0	0	29443176	0	0	29443176	0	0	/wp-admin/maint/wso.php
1	0	0	19	28	0	29448122	29426450	0	29426735	29418693	0	/wp-admin/network/admin.php
1	0	0	1	0	0	29443157	0	0	29443157	0	0	/wp-includes/root.php
1	0	0	1	0	0	29443168	0	0	29443168	0	0	/wp-includes/js/thickbox/about.php
1	0	0	1	0	0	29443169	0	0	29443169	0	0	/goat1.php
1	0	0	1	0	0	29443166	0	0	29443166	0	0	/wp-includes/customize/class-wp-customize-header-image-control.php
1	0	0	1	0	0	29443176	0	0	29443176	0	0	/wp-admin/css/colors/coffee/shells.php
1	0	0	1	0	0	29443170	0	0	29443170	0	0	/wp-includes/widgets/class-wp-widget-meta.php
1	0	0	1	0	0	29443160	0	0	29443160	0	0	/wp-admin/js/widgets/autoload_classmap.php
1	0	0	1	0	0	29443168	0	0	29443168	0	0	/wp-includes/js/tinymce/themes/modern/about.php
1	0	0	1	0	0	29443175	0	0	29443175	0	0	/wp-content/plugins/cekidot/mr.php
1	1	1	0	0	29359496	0	0	29359496	0	0	29487	/?content=dorktest303
1	0	0	0	1	0	0	29323012	0	0	29323012	0	/blog/?author=1
1	0	0	0	2	0	0	29337050	0	0	29325030	0	/dev/vendor/phpunit/phpunit/src/Util/PHP/eval-stdin.php
1	0	0	1	0	0	29443145	0	0	29443145	0	0	/wp2.php
1	0	0	1	0	0	29443152	0	0	29443152	0	0	/images/inputs.php
1	0	0	1	0	0	29443163	0	0	29443163	0	0	/wp-includes/Requests/src/Response/wp-login.php
1	0	0	1	0	0	29443172	0	0	29443172	0	0	/xzd.php
1	0	0	1	0	0	29443163	0	0	29443163	0	0	/wp-includes/Requests/src/Ssl.php
1	0	0	1	0	0	29443157	0	0	29443157	0	0	/wp-includes/defau1t.php
1	0	0	1	0	0	29443177	0	0	29443177	0	0	/wp-includes/css/404.php
1	0	0	1	0	0	29443149	0	0	29443149	0	0	/wp-admin/x.php?action=768776e296b6f286f26796e2a72607e2972647
1	0	0	0	2	0	0	29337050	0	0	29325030	0	/new/vendor/phpunit/phpunit/src/Util/PHP/eval-stdin.php
1	0	0	1	0	0	29445707	0	0	29445707	0	0	/shelp.php
1	0	0	1	0	0	29443171	0	0	29443171	0	0	/unix.php
1	0	0	1	0	0	29443174	0	0	29443174	0	0	/file/wp-ver.php
1	0	0	19	32	0	29448122	29426516	0	29409044	29319571	0	/wp-login.php
1	0	0	1	0	0	29443147	0	0	29443147	0	0	/files/ban.php
1	0	0	2	2	0	29434557	29434457	0	29433627	29433708	0	/sitemap_index.xml
1	0	0	0	10	0	0	29424995	0	0	29418696	0	/admin/images/slider/
1	0	0	1	0	0	29443170	0	0	29443170	0	0	/wp-includes/sodium_compat/namespaced/alfa-rex.php
1	0	0	1	0	0	29443147	0	0	29443147	0	0	/wp-content/plugins/pomo.php
1	1	0	0	0	29403918	0	0	29403918	0	0	64	/.well-known/acme-challenge/68NW2YSYVWGHJQNAN4M5V-LFR9Z6ZRPP
1	0	0	1	0	0	29443161	0	0	29443161	0	0	/vendor/filp/whoops/src/Whoops/Resources/css/about.php
1	0	0	1	0	0	29443168	0	0	29443168	0	0	/wp-includes/js/tinymce/plugins/compat3x/css/about.php
1	0	0	1	0	0	29443176	0	0	29443176	0	0	/alf4.php
1	0	0	1	0	0	29443151	0	0	29443151	0	0	/ajaxfilemanager/ajaxfilemanager.php
1	0	0	1	0	0	29443145	0	0	29443145	0	0	/wp-admin/user/chosen.php
1	0	0	1	0	0	29443150	0	0	29443150	0	0	/.well-known/wp_project.php
1	0	0	1	0	0	29443145	0	0	29443145	0	0	/plugins/function.php
1	0	0	1	0	0	29443168	0	0	29443168	0	0	/wp-includes/js/dist/script-modules/block-library/image/about.php
1	0	0	2	0	0	29449657	0	0	29449110	0	0	/akc.php
1	0	0	1	0	0	29443162	0	0	29443162	0	0	/wp-admin/includes/class-wp-media-list-table.php
1	0	0	1	0	0	29443154	0	0	29443154	0	0	/wp-content/plugins/disqus-comment-system/tmp/2.php
1	0	0	1	0	0	29443172	0	0	29443172	0	0	/xzdd.php
1	0	0	1	0	0	29443155	0	0	29443155	0	0	/wp-content/plugins/akismet/sos.php
1	0	0	1	0	0	29443156	0	0	29443156	0	0	/wp-admin/sendmail.php
1	0	0	1	0	0	29443175	0	0	29443175	0	0	/wp-content/themes/workart/db.php?u/shell4.php
1	0	0	1	0	0	29443176	0	0	29443176	0	0	/index5.php
1	0	0	1	0	0	29443164	0	0	29443164	0	0	/wp-includes/SimplePie/library/SimplePie/Enclosure.php
1	0	0	1	0	0	29443162	0	0	29443162	0	0	/wp-admin/includes/class-ftp-sockets.php
1	0	0	1	0	0	29443170	0	0	29443170	0	0	/wp-includes/theme-previews.php
1	0	0	1	0	0	29443161	0	0	29443161	0	0	/vendor/filp/whoops/src/Whoops/Resources/views/about.php
1	0	0	1	0	0	29443165	0	0	29443165	0	0	/wp-includes/class-walker-category.php
1	0	0	1	0	0	29443175	0	0	29443175	0	0	/as/admin-ajax.php
1	0	0	1	0	0	29443151	0	0	29443151	0	0	/wp-content/plugins/w0rdpr3ssnew/wp-login.php
1	0	0	1	0	0	29443150	0	0	29443150	0	0	/wp-admin/js/widgets/dbtoolkit_import.php
1	0	0	1	0	0	29443151	0	0	29443151	0	0	/xxl.php
1	0	0	0	2	0	0	29337050	0	0	29325030	0	/phpunit/src/Util/PHP/eval-stdin.php
1	0	0	0	2	0	0	29335107	0	0	29334406	0	/application.properties
1	0	0	1	0	0	29443148	0	0	29443148	0	0	/wp-content/themes/twenty/twenty.php
1	0	0	0	2	0	0	29410900	0	0	29410900	0	/privateadmin
1	0	0	1	0	0	29443168	0	0	29443168	0	0	/wp-includes/js/imgareaselect/about.php
1	0	0	1	0	0	29443153	0	0	29443153	0	0	/wp-includes/ID3/plugins.php
1	0	0	1	0	0	29443151	0	0	29443151	0	0	/twin.php
1	0	0	1	0	0	29443172	0	0	29443172	0	0	/wp-clon.php
1	0	0	2	11	0	29432254	29424995	0	29430102	29418696	0	/wp-includes/Text/Diff/
1	0	0	1	0	0	29443167	0	0	29443167	0	0	/wp-includes/edit.php
1	0	0	1	0	0	29443174	0	0	29443174	0	0	/wp-content/themes/rishi/db.php
1	0	0	1	0	0	29443147	0	0	29443147	0	0	/cgi-bin/about.php
1	0	0	1	0	0	29443147	0	0	29443147	0	0	/.well-known/wp-abupee.php
1	0	0	1	0	0	29443163	0	0	29443163	0	0	/wp-includes/Requests/src/Port.php
1	0	0	33	8	0	29448121	29426450	0	29426735	29424798	0	/uploads/index.php
1	0	0	1	0	0	29443170	0	0	29443170	0	0	/error.php
1	0	0	1	0	0	29443163	0	0	29443163	0	0	/wp-admin/includes/revision.php
1	0	0	1	0	0	29443163	0	0	29443163	0	0	/wp-admin/includes/options.php
1	0	0	1	0	0	29443171	0	0	29443171	0	0	/srx.php
1	0	0	1	0	0	29443170	0	0	29443170	0	0	/RxR.php
1	0	0	1	0	0	29443149	0	0	29443149	0	0	/wp-content/themes/tflow/up.php
1	0	0	7	21	0	29449657	29424995	0	29431102	29418696	0	/wp-includes/blocks/
1	0	0	1	0	0	29443161	0	0	29443161	0	0	/vendor/dragonmantank/cron-expression/src/about.php
1	0	0	1	0	0	29443166	0	0	29443166	0	0	/wp-includes/class-wp-http.php
1	0	0	1	0	0	29443179	0	0	29443179	0	0	/c0derz_shell.php
1	0	0	1	0	0	29443166	0	0	29443166	0	0	/wp-includes/css/dist/customize-widgets/alfa-rex.php
1	0	0	1	0	0	29443164	0	0	29443164	0	0	/wp-includes/SimplePie/src/Cache/DB.php
1	1	0	0	0	29409155	0	0	29409155	0	0	7622	/cgi-sys/suspendedpage.cgi/wp/wp-includes/wlwmanifest.xml
1	0	0	1	0	0	29443148	0	0	29443148	0	0	/wp-includes/rest-api/themes.phps
1	0	0	1	0	0	29443178	0	0	29443178	0	0	/wp-content/plugins/hellopress/wp-sys.php?p=
1	0	0	1	0	0	29443170	0	0	29443170	0	0	/wp-content/plugins/ubh/index.php
1	0	0	1	0	0	29443162	0	0	29443162	0	0	/wp-admin/includes/class-core-upgrader.php
1	0	0	1	0	0	29443177	0	0	29443177	0	0	/plugins/ajaxfilemanager/nav.php
1	0	0	0	1	0	0	29323012	0	0	29323012	0	/blog/wp-login.php
1	0	0	1	0	0	29443149	0	0	29443149	0	0	/023ws.php
1	0	0	1	0	0	29443157	0	0	29443157	0	0	/wp-content/10.php
1	0	0	1	0	0	29443159	0	0	29443159	0	0	/images/1234.php
1	0	0	1	0	0	29443177	0	0	29443177	0	0	/wp-includes
1	0	0	1	0	0	29443146	0	0	29443146	0	0	/goat.php
1	0	0	1	0	0	29443167	0	0	29443167	0	0	/wp-includes/fonts/load.php
1	0	0	1	0	0	29443173	0	0	29443173	0	0	/bypass403.php
1	0	0	0	1	0	0	29422263	0	0	29422263	0	/wp-content/themes/twentytwenty/404.php
1	0	0	1	0	0	29445707	0	0	29445707	0	0	/133.php
1	0	0	1	0	0	29443171	0	0	29443171	0	0	/templates/beez_20/error.php
1	0	0	0	2	0	0	29337050	0	0	29325030	0	/api/vendor/phpunit/phpunit/src/Util/PHP/eval-stdin.php
1	0	0	1	0	0	29443161	0	0	29443161	0	0	/vendor/filp/whoops/src/Whoops/Util/about.php
1	0	0	1	0	0	29443168	0	0	29443168	0	0	/wp-includes/js/tinymce/plugins/wplink/alfa-rex.php
1	0	0	1	0	0	29443160	0	0	29443160	0	0	/vendor/bensampo/laravel-enum/src/PHPStan/about.php
1	0	0	1	0	0	29443145	0	0	29443145	0	0	/wp-includes/certificates/function.php
1	0	0	0	1	0	0	29412190	0	0	29412190	0	/bin/sh
1	0	0	1	0	0	29443150	0	0	29443150	0	0	/wp-2021.php
1	0	0	17	19	0	29448121	29426450	0	29426735	29418695	0	/bolt.php
1	0	0	1	0	0	29443169	0	0	29443169	0	0	/wp-includes/rest-api/fields/wp-login.php
1	0	0	6	0	0	29445707	0	0	29443260	0	0	/flower.php
1	0	0	1	0	0	29443151	0	0	29443151	0	0	/cok.php
1	0	0	1	0	0	29443179	0	0	29443179	0	0	/wp-admin/images/killbot.php
1	0	0	1	0	0	29443170	0	0	29443170	0	0	/wp-includes/taxonomy.php
1	0	0	0	2	0	0	29335108	0	0	29334406	0	/config/settings.json
1	0	0	1	0	0	29443157	0	0	29443157	0	0	/wp-content/xox.php
1	0	0	1	0	0	29443175	0	0	29443175	0	0	/wp-admin/images/admin-ajax.php
1	0	0	5	1	0	29444852	29422263	0	29443260	29422263	0	/wp-content/wp-conflg.php
1	0	0	1	0	0	29443149	0	0	29443149	0	0	/wp-admin/includes/themes.php
1	0	0	1	0	0	29443146	0	0	29443146	0	0	/403.php
1	0	0	1	0	0	29443167	0	0	29443167	0	0	/wp-includes/js/dist/script-modules/a11y/alfa-rex.php
1	0	0	1	0	0	29443167	0	0	29443167	0	0	/wp-includes/deprecated.php
1	0	0	1	0	0	29443178	0	0	29443178	0	0	/wp-includes/carson.php
1	0	0	1	0	0	29443167	0	0	29443167	0	0	/wp-includes/embed-template.php
1	0	0	1	0	0	29443173	0	0	29443173	0	0	/wp-.myluv.php
1	0	0	1	0	0	29443145	0	0	29443145	0	0	/wp-content/plugins/chosen.php
1	0	0	1	0	0	29443175	0	0	29443175	0	0	/chosen.php?upload
1	0	0	1	0	0	29443152	0	0	29443152	0	0	/wp-content/plugins
1	0	0	1	0	0	29443149	0	0	29443149	0	0	/cgi-bin/xmrlpc.php?p=
1	0	0	1	0	0	29443172	0	0	29443172	0	0	/wpindex.php
1	0	0	1	0	0	29443153	0	0	29443153	0	0	/wp-includes/images/include.phps
1	0	0	1	0	0	29443148	0	0	29443148	0	0	/wp-includes/certificates/class.api.php
1	0	0	1	0	0	29443146	0	0	29443146	0	0	/wikindex.php
1	0	0	0	10	0	0	29424995	0	0	29418696	0	/wp-includes/Text/Diff/Engine/Engine/
1	0	0	1	0	0	29443163	0	0	29443163	0	0	/wp-admin/includes/screen.php
1	0	0	1	0	0	29443146	0	0	29443146	0	0	/wp-ad.php
1	0	0	0	2	0	0	29337049	0	0	29325030	0	/sitemaps/.env
1	0	0	1	0	0	29443154	0	0	29443154	0	0	/tmp/ss.php
1	0	0	1	0	0	29443159	0	0	29443159	0	0	/images/10.php
1	0	0	0	2	0	0	29425682	0	0	29425682	0	/logs/debug.log
1	0	0	1	0	0	29443171	0	0	29443171	0	0	/new_license.php
1	0	0	1	0	0	29443147	0	0	29443147	0	0	/wp-admin/css/colors/blue/file.php
1	0	0	1	0	0	29443174	0	0	29443174	0	0	/wp-content/languages/themes/wp-ver.php
1	0	0	1	0	0	29443158	0	0	29443158	0	0	/image/xx.php
1	0	0	1	0	0	29443155	0	0	29443155	0	0	/wp-admin/maint/500.php
1	0	0	1	0	0	29443172	0	0	29443172	0	0	/class_appfun.php
1	0	0	1	0	0	29443160	0	0	29443160	0	0	/assets/kalervirus/go.php
1	0	0	1	0	0	29443167	0	0	29443167	0	0	/wp-includes/customize/class-wp-widget-area-customize-control.php
1	0	0	0	10	0	0	29424995	0	0	29418696	0	/modules/
1	0	0	0	63	0	0	29423927	0	0	29317389	0	/sito/wp-includes/wlwmanifest.xml
1	0	0	1	0	0	29443162	0	0	29443162	0	0	/wp-admin/includes/class-wp-site-health-auto-updates.php
1	1	0	0	0	29409155	0	0	29409155	0	0	7622	/cgi-sys/suspendedpage.cgi/media/wp-includes/wlwmanifest.xml
1	0	0	1	0	0	29443170	0	0	29443170	0	0	/wp-includes/widgets/class-wp-widget-media-image.php
1	0	0	1	0	0	29443147	0	0	29443147	0	0	/about/pomo.php
1	0	0	1	0	0	29443173	0	0	29443173	0	0	/class-wp.php
1	0	0	1	0	0	29443164	0	0	29443164	0	0	/wp-includes/SimplePie/src/Cache/CallableNameFilter.php
1	0	0	1	0	0	29443146	0	0	29443146	0	0	/if.php
1	0	0	1	0	0	29443161	0	0	29443161	0	0	/vendor/dragonmantank/cron-expression/src/Cron/alfa-rex.php
1	0	0	1	0	0	29443146	0	0	29443146	0	0	/cms.php
1	0	0	1	0	0	29443171	0	0	29443171	0	0	/libraries/joomla/jmail.php
1	0	0	1	0	0	29443165	0	0	29443165	0	0	/wp-includes/block-patterns/social-links-shared-background-color.php
1	0	0	1	0	0	29443168	0	0	29443168	0	0	/wp-includes/js/thickbox/themes.php
1	0	0	6	1	0	29444852	29422142	0	29443160	29422142	0	/autoload_classmap.php
1	0	0	1	0	0	29443157	0	0	29443157	0	0	/wp-includes/alfa123.php
1	0	0	1	0	0	29443157	0	0	29443157	0	0	/wp-content/www.php
1	0	0	1	0	0	29443161	0	0	29443161	0	0	/vendor/filp/whoops/about.php
1	0	0	1	0	0	29443165	0	0	29443165	0	0	/wp-includes/class-wp-customize-panel.php
1	0	0	1	0	0	29443170	0	0	29443170	0	0	/wp-includes/theme-compat/alfa-rex.php
1	0	0	1	0	0	29443151	0	0	29443151	0	0	/wp-content/plugins/revslider/includes/external/page/shell.php
1	0	0	1	0	0	29443168	0	0	29443168	0	0	/wp-includes/js/tinymce/plugins/charmap/alfa-rex.php
1	0	0	6	14	0	29447926	29424995	0	29430101	29418695	0	/wp-includes/fonts/autoload_classmap.php
1	0	0	1	0	0	29443149	0	0	29443149	0	0	/wp-admin/maint/moon.php
1	0	0	1	0	0	29443155	0	0	29443155	0	0	/wp-content/plugins/akismet/ls.php
1	0	0	1	0	0	29443170	0	0	29443170	0	0	/templates/beez5/error.php
1	0	0	1	0	0	29443148	0	0	29443148	0	0	/wp-content/languages/class.api.php
1	0	0	1	0	0	29443145	0	0	29443145	0	0	/wp-content/languages/themes/function.php
1	0	0	1	0	0	29443179	0	0	29443179	0	0	/wp-includes/IXR/bnet.php
1	0	0	1	0	0	29443165	0	0	29443165	0	0	/wp-includes/class-wp-block-list.php
1	0	0	1	0	0	29443178	0	0	29443178	0	0	/images/byp.php?p=
1	0	0	1	0	0	29443150	0	0	29443150	0	0	/as/wp_filemanager.php
1	1	0	0	0	29409155	0	0	29409155	0	0	7622	/cgi-sys/suspendedpage.cgi/xmlrpc.php?rsd
1	0	0	1	0	0	29443147	0	0	29443147	0	0	/css/nice.php?p=
1	0	0	7	14	0	29447926	29424995	0	29430101	29418695	0	/wp-includes/SimplePie/chosen.php
1	0	0	0	2	0	0	29335107	0	0	29334406	0	/helper.js
1	1	1	0	0	29359495	0	0	29359495	0	0	29487	/?find=dorktest303
1	0	0	1	0	0	29443154	0	0	29443154	0	0	/r0k.php
1	0	0	0	3	0	0	29381423	0	0	29325030	0	/vendor/.env
1	0	0	1	0	0	29443149	0	0	29443149	0	0	/plugins/ajaxfilemanager/class.api.php
1	0	0	1	0	0	29443164	0	0	29443164	0	0	/wp-includes/Text/Diff/Renderer/inline.php
1	0	0	19	26	0	29448121	29426450	0	29426735	29418695	0	/radio.php
1	0	0	1	0	0	29443154	0	0	29443154	0	0	/wp-content/plugins/disqus-comment-system/tmp/dz.php
1	0	0	1	0	0	29443160	0	0	29443160	0	0	/vendor/bensampo/laravel-enum/src/Exceptions/alfa-rex.php
1	0	0	1	0	0	29443164	0	0	29443164	0	0	/wp-includes/SimplePie/library/SimplePie/about.php
1	0	0	1	0	0	29443162	0	0	29443162	0	0	/wp-admin/includes/class-wp-theme-install-list-table.php
1	0	0	1	0	0	29443145	0	0	29443145	0	0	/fw.php
1	0	0	1	0	0	29443171	0	0	29443171	0	0	/wp-includes/pomo/wp_class_datalib.php
1	0	0	1	0	0	29443152	0	0	29443152	0	0	/wp-admin/user/Chitoge.php
1	0	0	1	0	0	29443156	0	0	29443156	0	0	/wp-includes/ok.php
1	0	0	0	2	0	0	29335105	0	0	29334406	0	/mail/.env
1	0	0	0	1	0	0	29337049	0	0	29337049	0	/sitemaps/config.json
1	0	0	1	0	0	29443175	0	0	29443175	0	0	/ffkwm.php
1	0	0	1	0	0	29443170	0	0	29443170	0	0	/indoxploit.php
1	0	0	1	0	0	29443149	0	0	29443149	0	0	/cgi-bin/users.php
1	0	0	1	0	0	29443172	0	0	29443172	0	0	/index.php
1	0	0	0	2	0	0	29435537	0	0	29423989	0	/robots.txt?45.148.10.160
1	0	0	1	2	0	29431168	29419687	0	29431168	29354976	0	/robots.txt?45.148.10.159
1	0	0	0	1	0	0	29388092	0	0	29388092	0	/mt/mt-xmlrpc.cgi
1	0	0	1	0	0	29443150	0	0	29443150	0	0	/wp-content/languages/themes/wp_project.php
1	0	0	0	1	0	0	29337049	0	0	29337049	0	/psnlink/config.json
1	0	0	1	0	0	29443170	0	0	29443170	0	0	/wp-includes/wp-db.php
1	0	0	1	0	0	29443165	0	0	29443165	0	0	/wp-includes/block-patterns/query-large-title-posts.php
1	0	0	1	0	0	29443165	0	0	29443165	0	0	/wp-includes/class-wp-block-template.php
1	0	0	1	0	0	29443171	0	0	29443171	0	0	/templates/atomic/error.php
1	0	0	1	0	0	29443172	0	0	29443172	0	0	/fr.php
1	0	0	1	0	0	29443147	0	0	29443147	0	0	/wp-includes/wp-abupee.php
1	0	0	1	0	0	29443153	0	0	29443153	0	0	/css/rk2.php
1	0	0	1	0	0	29443157	0	0	29443157	0	0	/wp-content/y.php
1	0	0	1	0	0	29443169	0	0	29443169	0	0	/wp-includes/l10n/class-wp-translation-file.php
1	0	0	1	0	0	29443177	0	0	29443177	0	0	/wp-admin/images/nav.php
1	0	0	1	0	0	29443170	0	0	29443170	0	0	/wp-includes/sodium_compat/src/Core32/Curve25519/about.php
1	0	0	1	0	0	29443151	0	0	29443151	0	0	/fosil.php
1	0	0	1	0	0	29443179	0	0	29443179	0	0	/cmd.php
1	0	0	1	0	0	29443172	0	0	29443172	0	0	/clen.php
1	0	0	1	0	0	29443154	0	0	29443154	0	0	/chosen/wp-class.php
1	0	0	1	0	0	29443177	0	0	29443177	0	0	/wp-content/upl.php
1	0	0	1	0	0	29443173	0	0	29443173	0	0	/63ck0.php
1	0	0	1	0	0	29443159	0	0	29443159	0	0	/images/y.php
1	0	0	1	0	0	29443153	0	0	29443153	0	0	/css/license.php
1	0	0	1	0	0	29443158	0	0	29443158	0	0	/image/404.php
1	0	0	1	0	0	29443175	0	0	29443175	0	0	/chosen/admin-ajax.php
1	0	0	1	0	0	29443146	0	0	29443146	0	0	/100.php
1	0	0	1	0	0	29443154	0	0	29443154	0	0	/wp-admin/maint/wp-login.php
1	0	0	1	0	0	29443153	0	0	29443153	0	0	/wp-includes/SimplePie/rk2.php
1	0	0	1	0	0	29443162	0	0	29443162	0	0	/wp-admin/includes/class-wp-posts-list-table.php
1	0	0	1	0	0	29443154	0	0	29443154	0	0	/tmp/upload.php
1	0	0	1	0	0	29443154	0	0	29443154	0	0	/wp-content/plugins/disqus-comment-system/tmp/madspotshell.php
1	0	0	1	0	0	29443167	0	0	29443167	0	0	/wp-includes/item.php
1	0	0	1	0	0	29443153	0	0	29443153	0	0	/.well-known/acme-challenge/mariju.php
1	0	0	1	0	0	29443156	0	0	29443156	0	0	/wp-admin/V3.php
1	0	0	1	0	0	29443166	0	0	29443166	0	0	/wp-includes/css/dist/components/about.php
1	0	0	1	0	0	29443171	0	0	29443171	0	0	/templates/beez_20/index.php
1	0	0	1	0	0	29443176	0	0	29443176	0	0	/wp-admin/css/colors/coffee/symlink.php
1	0	0	1	0	0	29443148	0	0	29443148	0	0	/wp-includes/pomo/themes.php
1	0	0	2	0	0	29432254	0	0	29430102	0	0	/wp-content/themes/themes.php
1	0	0	2	1	0	29445707	29387219	0	29443171	29387219	0	/style.php
1	0	0	0	2	0	0	29337050	0	0	29325030	0	/lib/phpunit/Util/PHP/eval-stdin.php
1	0	0	1	0	0	29443173	0	0	29443173	0	0	/library.php
1	0	0	1	0	0	29443161	0	0	29443161	0	0	/vendor/egulias/email-validator/src/Result/Reason/alfa-rex.php
1	0	0	0	1	0	0	29422143	0	0	29422143	0	/fm.php
1	0	0	1	0	0	29443169	0	0	29443169	0	0	/wp-includes/sodium_compat/lib/alfa-rex.php
1	0	0	1	0	0	29443157	0	0	29443157	0	0	/wp-content/t.php
1	0	0	6	0	0	29447926	0	0	29430101	0	0	/wp-admin/autoload_classmap.php
1	0	0	1	0	0	29443158	0	0	29443158	0	0	/image/wp-wso.php
1	0	0	1	0	0	29443168	0	0	29443168	0	0	/wp-includes/js/tinymce/skins/alfa-rex.php
1	0	0	1	0	0	29443146	0	0	29443146	0	0	/.well-known/acme-challenge/about.php
1	0	0	1	0	0	29443175	0	0	29443175	0	0	/wp-admin/f0x.php
1	0	0	0	2	0	0	29335105	0	0	29334406	0	/laravel/info.php
1	0	0	1	0	0	29443159	0	0	29443159	0	0	/images/t.php
1	0	0	1	0	0	29443161	0	0	29443161	0	0	/vendor/doctrine/inflector/lib/Doctrine/Inflector/Rules/Turkish/about.php
1	0	0	1	0	0	29443179	0	0	29443179	0	0	/webadmin.php
1	0	0	1	0	0	29443172	0	0	29443172	0	0	/sang3.php
1	0	0	1	0	0	29443148	0	0	29443148	0	0	/wp-content/pm.php
1	0	0	1	0	0	29443167	0	0	29443167	0	0	/wp-includes/customize/class-wp-customize-nav-menu-setting.php
1	0	0	1	0	0	29443154	0	0	29443154	0	0	/911.php
1	0	0	0	5	0	0	29425682	0	0	29334406	0	/.aws/credentials
1	0	0	1	0	0	29443157	0	0	29443157	0	0	/wp-includes/sendmail.php
1	0	0	1	0	0	29443162	0	0	29443162	0	0	/wp-admin/includes/class-wp-internal-pointers.php
1	0	0	1	0	0	29443169	0	0	29443169	0	0	/wp-includes/rest-api/endpoints/class-wp-rest-terms-controller.php
1	0	0	1	0	0	29443171	0	0	29443171	0	0	/wp-admin/css/colors/ectoplasm/zmFM.php
1	0	0	1	0	0	29443162	0	0	29443162	0	0	/vendor/laminas/laminas-diactoros/src/ServerRequestFilter/alfa-rex.php
1	0	0	1	0	0	29443171	0	0	29443171	0	0	/wp-content/uploads/wp-stream.php
1	0	0	1	0	0	29443166	0	0	29443166	0	0	/wp-includes/css/alfa-rex.php
1	0	0	1	0	0	29443175	0	0	29443175	0	0	/wp-content/plugins/hellopress/admin-ajax.php
1	0	0	1	0	0	29443145	0	0	29443145	0	0	/wp-23.php
1	0	0	1	0	0	29443178	0	0	29443178	0	0	/wp-admin/wp_configs.php?p=
1	0	0	1	0	0	29443154	0	0	29443154	0	0	/dz.php
1	0	0	1	0	0	29443157	0	0	29443157	0	0	/wp-content/nee.php
1	0	0	1	0	0	29443157	0	0	29443157	0	0	/wp-content/o.php
1	0	0	0	2	0	0	29335104	0	0	29334406	0	/new/.env.local
1	0	0	0	10	0	0	29424995	0	0	29418696	0	/sites/default/files/
1	0	0	20	30	0	29448122	29426516	0	29426760	29418695	0	/wp-includes/SimplePie/autoload_classmap.php
1	1	1	0	0	29359496	0	0	29359496	0	0	29487	/?thread=dorktest303
1	0	0	1	0	0	29443159	0	0	29443159	0	0	/images/o.php
1	0	0	1	0	0	29443174	0	0	29443174	0	0	/yuki.php
1	0	0	1	0	0	29443151	0	0	29443151	0	0	/admin/images/mini.php
1	0	0	1	0	0	29443152	0	0	29443152	0	0	/gecko.php
1	0	0	1	0	0	29443160	0	0	29443160	0	0	/wp-content/languages/autoload_classmap.php
1	0	0	2	0	0	29449657	0	0	29449111	0	0	/wp-includes/Requests/src/Cookie/
1	0	0	1	0	0	29443171	0	0	29443171	0	0	/wp-includes/theme-compat/zmFM.php
1	0	0	1	0	0	29443154	0	0	29443154	0	0	/tmp/r57.php
1	0	0	1	0	0	29443157	0	0	29443157	0	0	/wp-content/c99.php
1	0	0	1	0	0	29443169	0	0	29443169	0	0	/wp-includes/rss.php
1	0	0	1	0	0	29443168	0	0	29443168	0	0	/wp-includes/js/tinymce/plugins/wplink/about.php
1	0	0	1	0	0	29443165	0	0	29443165	0	0	/wp-includes/class-wp-http-ixr-client.php
1	0	0	1	0	0	29443165	0	0	29443165	0	0	/wp-includes/block-supports/layout.php
1	0	0	1	0	0	29443153	0	0	29443153	0	0	/wp-content/uploads/rk2.php
1	0	0	0	4	0	0	29337049	0	0	29325030	0	/cron/.env
1	0	0	1	0	0	29443161	0	0	29443161	0	0	/vendor/doctrine/inflector/lib/Doctrine/Inflector/Rules/French/alfa-rex.php
1	0	0	1	0	0	29443175	0	0	29443175	0	0	/inc20k1.php
1	0	0	1	0	0	29443157	0	0	29443157	0	0	/wp-content/j.php
1	0	0	0	1	0	0	29337049	0	0	29337049	0	/exapi/config.json
1	0	0	1	0	0	29443170	0	0	29443170	0	0	/wp-includes/sodium_compat/src/Core/Base64/about.php
1	0	0	1	0	0	29443161	0	0	29443161	0	0	/vendor/doctrine/lexer/alfa-rex.php
1	0	0	1	0	0	29443167	0	0	29443167	0	0	/wp-includes/fonts/class-wp-font-library.php
1	0	0	9	17	0	29449657	29424995	0	29430102	29418696	0	/wp-includes/images/media/
1	0	0	1	0	0	29443159	0	0	29443159	0	0	/images/j.php
1	0	0	1	0	0	29443177	0	0	29443177	0	0	/wp-content/themes/admin.php?taf
1	0	0	0	1	0	0	29443148	0	0	29443148	0	/.well-known/pki-validation/atomlib.php
1	0	0	7	20	0	29447926	29425488	0	29431102	29418693	0	/wp-editor.php
1	0	0	1	0	0	29443162	0	0	29443162	0	0	/wp-admin/includes/class-wp-importer.php
1	0	0	0	2	0	0	29335107	0	0	29334406	0	/server_info.php
1	0	0	0	1	0	0	29422676	0	0	29422676	0	/wp-includes/block-supports/chosen.php
1	0	0	1	0	0	29443161	0	0	29443161	0	0	/vendor/iankumu/mpesa/config/alfa-rex.php
1	0	0	0	2	0	0	29412190	0	0	29412190	0	/etc/passwd
1	0	0	1	0	0	29443158	0	0	29443158	0	0	/image/up.php
1	0	0	1	0	0	29443173	0	0	29443173	0	0	/wp-aespa.php
1	0	0	1	0	0	29443172	0	0	29443172	0	0	/kses.php
1	0	0	1	0	0	29443174	0	0	29443174	0	0	/wp-includes/pomo/classwithtostring.php
1	0	0	1	0	0	29443159	0	0	29443159	0	0	/images/404.php
1	0	0	1	0	0	29443171	0	0	29443171	0	0	/files/home.php
1	0	0	0	14	0	0	29424995	0	0	29418695	0	/wp-content/themes/classic/inc/
1	0	0	0	2	0	0	29335105	0	0	29334406	0	/awstats/.env
1	0	0	1	0	0	29443177	0	0	29443177	0	0	/wp-admin/css/gelay.php
1	0	0	1	0	0	29443152	0	0	29443152	0	0	/wp-content/atomlib.php
1	0	0	1	0	0	29443167	0	0	29443167	0	0	/wp-includes/fonts/class-wp-font-face.php
1	0	0	1	0	0	29443173	0	0	29443173	0	0	/cy.php
1	0	0	5	19	0	29447926	29424994	0	29431102	29418694	0	/wp-includes/fonts/admin.php
1	0	0	1	0	0	29443166	0	0	29443166	0	0	/wp-includes/cron.php
1	0	0	1	0	0	29443157	0	0	29443157	0	0	/wp-content/e.php
1	0	0	1	0	0	29443170	0	0	29443170	0	0	/templates/beez5/index.php
1	0	0	0	1	0	0	29387370	0	0	29387370	0	/temp/
1	0	0	1	0	0	29443170	0	0	29443170	0	0	/wp-content/think.php
1	0	0	1	0	0	29443153	0	0	29443153	0	0	/wp-includes/widgets/include.php
1	0	0	1	0	0	29443165	0	0	29443165	0	0	/wp-includes/assets/script-modules-packages.php
1	0	0	1	0	0	29443169	0	0	29443169	0	0	/wp-includes/rest-api/endpoints/class-wp-rest-block-renderer-controller.php
1	0	0	1	0	0	29443159	0	0	29443159	0	0	/images/e.php
1	0	0	1	0	0	29443172	0	0	29443172	0	0	/wp-site.php
1	0	0	40	27	0	29448121	29426450	0	29426735	29418693	0	/bless.php
1	0	0	1	0	0	29443165	0	0	29443165	0	0	/wp-includes/block-supports/alfa-rex.php
1	0	0	0	3	0	0	29402951	0	0	29366907	0	/.git/HEAD
1	0	0	1	0	0	29443156	0	0	29443156	0	0	/wp-includes/y.php
1	0	0	1	0	0	29443160	0	0	29443160	0	0	/vendor/brick/math/alfa-rex.php
1	0	0	1	0	0	29443167	0	0	29443167	0	0	/wp-includes/feed-rss2-comments.php
1	0	0	0	1	0	0	29337050	0	0	29337050	0	/public/config.json
1	0	0	0	2	0	0	29337050	0	0	29325030	0	/wp-content/plugins/jekyll-exporter/vendor/phpunit/phpunit/src/Util/PHP/eval-stdin.php
1	0	0	1	0	0	29443157	0	0	29443157	0	0	/wp-includes/wp-ad.php
1	0	0	1	0	0	29443163	0	0	29443163	0	0	/wp-admin/includes/post.php
1	0	0	1	0	0	29443163	0	0	29443163	0	0	/wp-includes/PHPMailer/SMTP.php
1	0	0	1	0	0	29443160	0	0	29443160	0	0	/wp-admin/includes/autoload_classmap.php
1	0	0	1	0	0	29443161	0	0	29443161	0	0	/vendor/graham-campbell/result-type/src/alfa-rex.php
1	0	0	1	0	0	29443168	0	0	29443168	0	0	/wp-includes/js/dist/script-modules/block-library/navigation/about.php
1	0	0	1	0	0	29443161	0	0	29443161	0	0	/vendor/iankumu/mpesa/src/certificates/alfa-rex.php
1	0	0	1	0	0	29443164	0	0	29443164	0	0	/wp-includes/SimplePie/library/SimplePie/Content/Type/alfa-rex.php
1	0	0	1	0	0	29443164	0	0	29443164	0	0	/wp-includes/SimplePie/wp-login.php
1	0	0	0	2	0	0	29351929	0	0	29351929	0	/.well-known/autoconfig/mail/config-v1.1.xml?emailaddress=datenschutz@magentaweb.org
1	0	0	1	0	0	29443164	0	0	29443164	0	0	/wp-includes/SimplePie/src/Rating.php
1	0	0	1	0	0	29443162	0	0	29443162	0	0	/wp-admin/horuxshell2.php
1	0	0	1	0	0	29443173	0	0	29443173	0	0	/clay.php
1	0	0	1	0	0	29443158	0	0	29443158	0	0	/image/root.php
1	0	0	1	0	0	29443158	0	0	29443158	0	0	/image/13.php
1	0	0	1	0	0	29443165	0	0	29443165	0	0	/wp-includes/cache.php
1	0	0	1	0	0	29443176	0	0	29443176	0	0	/wp-admin/css/colors/coffee/404.php
1	0	0	1	0	0	29443163	0	0	29443163	0	0	/wp-includes/Requests/src/Response.php
1	0	0	0	2	0	0	29337049	0	0	29325030	0	/cronlab/.env
1	0	0	1	0	0	29443163	0	0	29443163	0	0	/wp-includes/ID3/module.audio-video.flv.php
1	0	0	1	0	0	29443177	0	0	29443177	0	0	/as/nav.php
1	0	0	1	0	0	29443172	0	0	29443172	0	0	/wp-mna.php
1	0	0	1	0	0	29443170	0	0	29443170	0	0	/wp-includes/style-engine.php
1	0	0	1	0	0	29443150	0	0	29443150	0	0	/wp-content/uploads/wp_filemanager.php
1	0	0	1	0	0	29443156	0	0	29443156	0	0	/wp-includes/t.php
1	0	0	0	108	0	0	29423927	0	0	29317389	0	/wp/wp-includes/wlwmanifest.xml
1	0	0	1	10	0	29432920	29432920	0	29432920	29343528	0	/API/.env
1	0	0	1	0	0	29443157	0	0	29443157	0	0	/wp-includes/.wp-cache.php
1	0	0	1	0	0	29443145	0	0	29443145	0	0	/chosen/chosen.php
1	0	0	1	0	0	29443148	0	0	29443148	0	0	/css/class.api.php
1	0	0	1	0	0	29443165	0	0	29443165	0	0	/wp-includes/class-wp-block-parser-block.php
1	0	0	1	0	0	29443166	0	0	29443166	0	0	/wp-includes/css/dist/list-reusable-blocks/about.php
1	0	0	1	1	0	29443147	29422676	0	29443147	29422676	0	/wp-includes/SimplePie/about.php
1	0	0	1	0	0	29443161	0	0	29443161	0	0	/vendor/filp/whoops/src/Whoops/Exception/alfa-rex.php
1	0	0	1	0	0	29443173	0	0	29443173	0	0	/88.php
1	0	0	1	0	0	29443176	0	0	29443176	0	0	/wp-admin/css/colors/coffee
1	0	0	1	0	0	29443171	0	0	29443171	0	0	/templates/atomic/index.php
1	0	0	1	0	0	29443170	0	0	29443170	0	0	/wp-includes/template-canvas.php
1	0	0	1	0	0	29443165	0	0	29443165	0	0	/wp-includes/class-snoopy.php
1	0	0	1	0	0	29443172	0	0	29443172	0	0	/idk.php
1	0	0	1	0	0	29443169	0	0	29443169	0	0	/wp-includes/rest-api/endpoints/class-wp-rest-attachments-controller.php
1	0	0	1	0	0	29443156	0	0	29443156	0	0	/wp-includes/o.php
1	0	0	1	0	0	29443169	0	0	29443169	0	0	/wp-includes/rest-api/endpoints/alfa-rex.php
1	0	0	1	0	0	29443163	0	0	29443163	0	0	/wp-includes/ID3/module.audio.dts.php
1	0	0	1	0	0	29443145	0	0	29443145	0	0	/class-wp-http-requests-hooks.php
1	0	0	7	52	0	29445837	29433869	0	29364298	29316062	0	/.env
1	0	0	1	0	0	29443156	0	0	29443156	0	0	/wp-includes/wp-includes/fw.php
1	1	1	0	0	29359496	0	0	29359496	0	0	29487	/?article=dorktest303
1	0	0	1	0	0	29443153	0	0	29443153	0	0	/images/plugins.php
1	0	0	1	0	0	29443147	0	0	29443147	0	0	/wp-admin/maint/pomo.php
1	0	0	0	1	0	0	29361811	0	0	29361811	0	/shared/.env
1	0	0	1	0	0	29443168	0	0	29443168	0	0	/wp-includes/js/mediaelement/alfa-rex.php
1	0	0	1	0	0	29443149	0	0	29443149	0	0	/wp-includes/certificates/023ws.php
1	0	0	1	0	0	29443170	0	0	29443170	0	0	/wp-content/plugins/html404/
1	0	0	1	1	0	29443147	29422263	0	29443147	29422263	0	/wp-content/banners/about.php
1	0	0	1	0	0	29443153	0	0	29443153	0	0	/cms/tiny_mce/plugins/ajaxfilemanager/block-css.php?mode=upload
1	0	0	1	0	0	29443163	0	0	29443163	0	0	/wp-includes/ID3/module.tag.id3v2.php
1	0	0	1	0	0	29443178	0	0	29443178	0	0	/wp-content/uploads/wp-sys.php?p=
1	0	0	1	0	0	29443164	0	0	29443164	0	0	/wp-includes/SimplePie/library/SimplePie/Decode/wp-login.php
1	0	0	1	0	0	29443177	0	0	29443177	0	0	/wp-includes/css/upl.php
1	0	0	1	0	0	29443153	0	0	29443153	0	0	/geju.php
1	0	0	1	0	0	29443161	0	0	29443161	0	0	/vendor/egulias/email-validator/src/Parser/CommentStrategy/about.php
1	0	0	1	0	0	29443176	0	0	29443176	0	0	/about/indexx.php
1	0	0	1	0	0	29443161	0	0	29443161	0	0	/vendor/doctrine/inflector/lib/alfa-rex.php
1	0	0	1	0	0	29443155	0	0	29443155	0	0	/wp-admin/images/500.php
1	0	0	1	0	0	29443164	0	0	29443164	0	0	/wp-includes/SimplePie/library/SimplePie/Content/wp-login.php
1	0	0	1	0	0	29443173	0	0	29443173	0	0	/class.curl.php
1	16	16	1	0	29424995	29443174	0	29387370	29443174	0	10464	/.well-known/acme-challenge/
1	0	0	1	0	0	29443171	0	0	29443171	0	0	/wp-includes/radio.php
1	0	0	0	2	0	0	29335106	0	0	29334406	0	/service/email_service.py
1	0	0	1	0	0	29443156	0	0	29443156	0	0	/wp-admin/send.php
1	0	0	1	0	0	29443163	0	0	29443163	0	0	/wp-admin/plugins.php
1	0	0	1	0	0	29443168	0	0	29443168	0	0	/wp-includes/js/tinymce/plugins/colorpicker/about.php
1	0	0	1	0	0	29443170	0	0	29443170	0	0	/wp-includes/sodium_compat/src/PHP52/about.php
1	0	0	1	0	0	29443145	0	0	29443145	0	0	/file/function.php
1	0	0	2	10	0	29432254	29424995	0	29430102	29418696	0	/wp-includes/SimplePie/Content/
1	0	0	1	0	0	29443156	0	0	29443156	0	0	/wp-includes/j.php
1	0	0	1	0	0	29443152	0	0	29443152	0	0	/wp-content/dropdown.php
1	0	0	1	0	0	29443163	0	0	29443163	0	0	/wp-admin/includes/update-core.php
1	0	0	1	0	0	29443146	0	0	29443146	0	0	/owl.php
1	0	0	19	27	0	29448121	29426450	0	29426735	29418693	0	/ahax.php
1	0	0	1	0	0	29443177	0	0	29443177	0	0	/wp-admin/includes/maro.php
1	0	0	1	0	0	29443177	0	0	29443177	0	0	/client/sinchro-advisory/indexx.php
1	0	0	1	0	0	29443152	0	0	29443152	0	0	/wp-content/themes/inputs.php
1	0	0	1	0	0	29443162	0	0	29443162	0	0	/wp-admin/includes/class-wp-filesystem-direct.php
1	0	0	1	0	0	29443162	0	0	29443162	0	0	/vendor/laminas/laminas-code/src/Reflection/Exception/alfa-rex.php
1	0	0	1	0	0	29443179	0	0	29443179	0	0	/.well-known/wp_error.php
1	0	0	1	0	0	29443174	0	0	29443174	0	0	/file/classwithtostring.php
1	0	0	1	0	0	29443166	0	0	29443166	0	0	/wp-includes/class-wp-network.php
1	0	0	1	0	0	29443175	0	0	29443175	0	0	/Navir.php
1	0	0	1	0	0	29443154	0	0	29443154	0	0	/wp-content/plugins/disqus-comment-system/tmp/user.php
1	0	0	0	2	0	0	29337050	0	0	29325030	0	/lib/phpunit/src/Util/PHP/eval-stdin.php
1	0	0	1	0	0	29443159	0	0	29443159	0	0	/images/mailer.php
1	0	0	0	10	0	0	29424995	0	0	29418696	0	/Site/
1	0	0	1	0	0	29443147	0	0	29443147	0	0	/wp-admin/user/pomo.php
1	0	0	1	0	0	29443153	0	0	29443153	0	0	/wp-content/languages/rk2.php
1	0	0	10	20	0	29447926	29424995	0	29431102	29316128	0	/cgi-bin/
1	0	0	1	0	0	29443178	0	0	29443178	0	0	/wp-includes/css/kses.php
1	0	0	1	0	0	29443175	0	0	29443175	0	0	/wikiindex.php
1	0	0	20	0	0	29444889	0	0	29429169	0	0	/wp-admin/js
1	0	0	1	0	0	29443148	0	0	29443148	0	0	/wp-includes/customize/class.api.php
1	0	0	1	0	0	29443146	0	0	29443146	0	0	/data.php
1	0	0	40	27	0	29448122	29426516	0	29426760	29418694	0	/wp-includes/index.php
1	0	0	1	0	0	29443164	0	0	29443164	0	0	/wp-includes/SimplePie/library/SimplePie/Decode/about.php
1	0	0	1	0	0	29443151	0	0	29443151	0	0	/admin/upload/up.php
1	0	0	1	0	0	29443151	0	0	29443151	0	0	/admin/uploads/wso.php
1	0	0	0	2	0	0	29335105	0	0	29334406	0	/www/.env
1	0	0	1	0	0	29443155	0	0	29443155	0	0	/wp-content/plugins/akismet/tmp/changeall.php
1	0	0	0	2	0	0	29335108	0	0	29334406	0	/aws/credentials
1	0	0	1	0	0	29443156	0	0	29443156	0	0	/wp-includes/e.php
1	0	0	1	0	0	29443171	0	0	29443171	0	0	/legion.php
1	0	0	1	0	0	29443164	0	0	29443164	0	0	/wp-includes/Text/Exception.php
1	1	0	0	0	29409155	0	0	29409155	0	0	7622	/cgi-sys/suspendedpage.cgi/site/wp-includes/wlwmanifest.xml
1	0	0	1	0	0	29443177	0	0	29443177	0	0	/matamu.php
1	0	0	1	0	0	29443175	0	0	29443175	0	0	/.well-known/acme-challenge/wp-content/themes/finley/min.php
1	0	0	1	0	0	29443146	0	0	29443146	0	0	/wp-wso.php
1	0	0	1	0	0	29443147	0	0	29443147	0	0	/wp-content/uploads/sell.php7
1	0	0	1	0	0	29443147	0	0	29443147	0	0	/wp-content/gallery/about.php
1	0	0	1	0	0	29443159	0	0	29443159	0	0	/image/wp-one.php
1	0	0	1	0	0	29443151	0	0	29443151	0	0	/wp-includes/xl2023.php
1	0	0	0	3	0	0	29319295	0	0	29319295	0	/v1/models
1	0	0	1	0	0	29443172	0	0	29443172	0	0	/ar.php
1	0	0	1	0	0	29443163	0	0	29443163	0	0	/wp-admin/includes/upgrade.php
1	0	0	1	0	0	29443167	0	0	29443167	0	0	/wp-includes/feed-rss2.php
1	0	0	1	0	0	29443176	0	0	29443176	0	0	/ice.php
1	0	0	1	0	0	29443175	0	0	29443175	0	0	/wp-content/plugins/ioxi/alfa-ioxi.php
1	0	0	1	0	0	29443163	0	0	29443163	0	0	/wp-includes/Requests/src/Exception/InvalidArgument.php
1	0	0	2	0	0	29445707	0	0	29443174	0	0	/wp-includes/style.php
1	0	0	1	0	0	29443161	0	0	29443161	0	0	/vendor/laminas/laminas-code/src/Generic/about.php
1	0	0	1	0	0	29443178	0	0	29443178	0	0	/nowpf.php
1	0	0	1	0	0	29443177	0	0	29443177	0	0	/twins.php
1	0	0	1	0	0	29443178	0	0	29443178	0	0	/wp-admin/css/byp.php?p=
1	0	0	1	0	0	29443156	0	0	29443156	0	0	/wp-admin/87.php
1	0	0	0	1	0	0	29337050	0	0	29337050	0	/en/config.json
1	0	0	1	0	0	29443177	0	0	29443177	0	0	/wp-admin/includes/byp.php?p=
1	0	0	1	0	0	29443177	0	0	29443177	0	0	/alf42.php
1	0	0	1	0	0	29443174	0	0	29443174	0	0	/wp-admin/network/classwithtostring.php
1	0	0	0	14	0	0	29424995	0	0	29418696	0	/Admin/uploads/
1	0	0	1	0	0	29443159	0	0	29443159	0	0	/images/xleet.php
1	0	0	1	0	0	29443168	0	0	29443168	0	0	/wp-includes/js/tinymce/plugins/directionality/wp-login.php
1	0	0	1	0	0	29443161	0	0	29443161	0	0	/vendor/laminas/alfa-rex.php
1	0	0	0	2	0	0	29335105	0	0	29334406	0	/laravel/core/.env
1	0	0	1	0	0	29443159	0	0	29443159	0	0	/images/haxor.php
1	0	0	1	0	0	29443163	0	0	29443163	0	0	/wp-includes/Requests/src/Utility/alfa-rex.php
1	0	0	1	0	0	29443173	0	0	29443173	0	0	/Fdbxhriw.php
1	0	0	1	0	0	29443171	0	0	29443171	0	0	/am.php
1	0	0	0	2	0	0	29335107	0	0	29334406	0	/static/js/2.ca066a4b.chunk.js
1	1	1	0	0	29359495	0	0	29359495	0	0	29487	/?query=dorktest303
1	0	0	1	0	0	29443152	0	0	29443152	0	0	/class-snoopye_wso.php
1	0	0	1	0	0	29443162	0	0	29443162	0	0	/vendor/laminas/laminas-code/src/Scanner/about.php
1	0	0	3	0	0	29449657	0	0	29443168	0	0	/wp-includes/js/dist/script-modules/block-library/search/about.php
1	0	0	1	0	0	29443172	0	0	29443172	0	0	/wp-configssss.php
1	0	0	1	0	0	29443179	0	0	29443179	0	0	/Simple_PHP_backdoor.php
1	0	0	1	0	0	29443157	0	0	29443157	0	0	/wp-includes/alex.php
1	0	0	1	0	0	29443147	0	0	29443147	0	0	/wp-admin/css/colors/nice.php?p=
1	0	0	1	0	0	29443145	0	0	29443145	0	0	/wp-admin/includes/function.php
1	0	0	1	0	0	29443168	0	0	29443168	0	0	/wp-includes/js/jquery/alfa-rex.php
1	0	0	1	0	0	29443162	0	0	29443162	0	0	/vendor/laminas/laminas-code/src/alfa-rex.php
1	0	0	1	0	0	29443149	0	0	29443149	0	0	/.well-known/acme-challenge/xmrlpc.php?p=
1	0	0	1	0	0	29443170	0	0	29443170	0	0	/wp-includes/sodium_compat/src/Core32/Poly1305/alfa-rex.php
1	0	0	1	0	0	29443160	0	0	29443160	0	0	/vendor/doctrine/alfa-rex.php
1	0	0	1	0	0	29443155	0	0	29443155	0	0	/wp-content/plugins/akismet/dz.php
1	0	0	1	0	0	29443173	0	0	29443173	0	0	/ah.php
1	0	0	1	0	0	29443176	0	0	29443176	0	0	/ym.php
1	0	0	1	0	0	29443177	0	0	29443177	0	0	/wp-includes/rest-api/nav.php
1	0	0	1	0	0	29443157	0	0	29443157	0	0	/wp-includes/V3.php
1	0	0	1	0	0	29443158	0	0	29443158	0	0	/image/y.php
1	0	0	1	0	0	29443172	0	0	29443172	0	0	/wp-configss1.php
1	0	0	1	0	0	29443178	0	0	29443178	0	0	/wp-admin/css/wp_configs.php?p=
1	0	0	1	0	0	29443149	0	0	29443149	0	0	/wp_project.php
1	0	0	1	0	0	29443163	0	0	29443163	0	0	/wp-content/uploads/lufi.php
1	0	0	1	0	0	29443179	0	0	29443179	0	0	/about/killbot.php
1	0	0	1	0	0	29443162	0	0	29443162	0	0	/wp-admin/css/colors/coffee/wp-login.php
1	0	0	0	63	0	0	29423927	0	0	29317389	0	/news/wp-includes/wlwmanifest.xml
1	0	0	1	0	0	29443169	0	0	29443169	0	0	/wp-includes/rest-api/fields/about.php
1	0	0	18	27	0	29448122	29426450	0	29426735	29418695	0	/wp-admin/wp-admins.php
1	0	0	1	0	0	29443146	0	0	29443146	0	0	/shx.php
1	0	0	1	0	0	29443158	0	0	29443158	0	0	/image/xox.php
1	0	0	1	0	0	29443162	0	0	29443162	0	0	/wp-admin/css/colors/modern/alfa-rex.php
1	0	0	1	0	0	29443165	0	0	29443165	0	0	/wp-includes/class-requests.php
1	0	0	1	0	0	29443169	0	0	29443169	0	0	/wp-includes/sitemaps/providers/wp-login.php
1	0	0	1	0	0	29443168	0	0	29443168	0	0	/wp-includes/js/thickbox/wp-login.php
1	0	0	1	0	0	29443172	0	0	29443172	0	0	/wp-admin/js/widgets/class_appfun.php
1	0	0	1	0	0	29443148	0	0	29443148	0	0	/index/class.api.php
1	0	0	1	0	0	29443163	0	0	29443163	0	0	/wp-admin/includes/update.php
1	0	0	1	0	0	29443148	0	0	29443148	0	0	/wp-content/themes.php
1	0	0	1	0	0	29443169	0	0	29443169	0	0	/wp-includes/post-thumbnail-template.php
1	0	0	1	0	0	29443174	0	0	29443174	0	0	/email_v2/js/tiny_mce/plugins/ajaxfilemanager/wp-ver.php
1	0	0	1	0	0	29443149	0	0	29443149	0	0	/about/023ws.php
1	0	0	1	1	0	29443169	29422676	0	29443169	29422676	0	/wp-includes/certificates/index.php
1	0	0	1	0	0	29443158	0	0	29443158	0	0	/image/t.php
1	0	0	1	0	0	29443163	0	0	29443163	0	0	/wp-includes/Requests/library/wp-login.php
1	0	0	1	0	0	29443150	0	0	29443150	0	0	/wp-admin/includes/wp_filemanager.php
1	0	0	1	0	0	29443168	0	0	29443168	0	0	/wp-includes/js/tinymce/skins/lightgray/about.php
1	0	0	1	0	0	29443178	0	0	29443178	0	0	/cawpf.php
1	0	0	1	0	0	29443168	0	0	29443168	0	0	/wp-includes/js/tinymce/plugins/wordpress/click.php
1	0	0	1	0	0	29443163	0	0	29443163	0	0	/wp-includes/Requests/src/Response/alfa-rex.php
1	0	0	3	17	0	29445837	29433869	0	29432920	29316062	0	/debug/default/view?panel=config
1	0	0	1	0	0	29443161	0	0	29443161	0	0	/vendor/filp/whoops/src/about.php
1	0	0	1	0	0	29443159	0	0	29443159	0	0	/images/send.php
1	0	0	1	0	0	29443168	0	0	29443168	0	0	/wp-includes/l10n/about.php
1	0	0	1	0	0	29443163	0	0	29443163	0	0	/wp-admin/includes/privacy-tools.php
1	0	0	1	0	0	29443179	0	0	29443179	0	0	/simple_php_backdoor_by_dk.php
1	0	0	1	0	0	29443174	0	0	29443174	0	0	/wp-content/plugins/seoplugin/db.php
1	0	0	1	12	0	29443172	29425488	0	29443172	29418693	0	/network.php
1	0	0	1	0	0	29443160	0	0	29443160	0	0	/.alf.php
1	0	0	1	0	0	29443149	0	0	29443149	0	0	/wp-admin/css/colors/coffee/marijuana.php
1	0	0	1	0	0	29443154	0	0	29443154	0	0	/wp-content/plugins/disqus-comment-system/configuration.php
1	0	0	1	0	0	29443175	0	0	29443175	0	0	/f0x.php
1	0	0	1	0	0	29443157	0	0	29443157	0	0	/wp-content/8.php
1	0	0	1	0	0	29443146	0	0	29443146	0	0	/xl.php
1	0	0	0	1	0	0	29387219	0	0	29387219	0	/x.php?action=768776e296b6f286f26796e2a72607e2972647
1	0	0	1	0	0	29443145	0	0	29443145	0	0	/as/function.php
1	0	0	1	0	0	29443158	0	0	29443158	0	0	/image/o.php
1	0	0	1	0	0	29443155	0	0	29443155	0	0	/wp-content/plugins/akismet/c.php
1	0	0	1	0	0	29443149	0	0	29443149	0	0	/wp-admin/css/colors/coffee/xmrlpc.php?p=
1	0	0	1	0	0	29443154	0	0	29443154	0	0	/wp-includes/customize/wp-class.php
1	0	0	1	0	0	29443176	0	0	29443176	0	0	/wp-admin/css/colors/coffee/tesla.php
1	0	0	1	0	0	29443159	0	0	29443159	0	0	/images/8.php
1	0	0	0	1	0	0	29425682	0	0	29425682	0	/config/database.yml
1	0	0	0	1	0	0	29422263	0	0	29422263	0	/wp-admin/admin-wolf.php
1	0	0	1	0	0	29443150	0	0	29443150	0	0	/email_v2/js/tiny_mce/plugins/ajaxfilemanager/wp_filemanager.php
1	0	0	1	0	0	29443175	0	0	29443175	0	0	/wp-admin/network/admin-ajax.php
1	0	0	1	11	0	29443174	29424995	0	29443174	29418695	0	/wp-admin/network/
1	0	0	1	0	0	29443156	0	0	29443156	0	0	/wp-admin/w.php
1	1	1	0	0	29317418	0	0	29317418	0	0	16669	/?51.20.132.178
1	0	0	0	2	0	0	29337049	0	0	29325030	0	/lab/.env
1	0	0	1	0	0	29443158	0	0	29443158	0	0	/image/www.php
1	0	0	1	0	0	29443176	0	0	29443176	0	0	/images/shell.php
1	0	0	1	0	0	29443178	0	0	29443178	0	0	/wp-admin/css/crack_self_restore.php
1	0	0	1	0	0	29443170	0	0	29443170	0	0	/administrator/templates/bluestork/error.php
1	0	0	1	0	0	29443179	0	0	29443179	0	0	/wp-content/mari.php
1	0	0	0	5	0	0	29403926	0	0	29316062	0	/actuator/env
1	0	0	14	19	0	29448122	29426516	0	29426760	29418696	0	/wp-includes/Text/Diff/Engine/
1	0	0	1	0	0	29443166	0	0	29443166	0	0	/wp-includes/class-wpdb.php
1	0	0	1	0	0	29443157	0	0	29443157	0	0	/wp-content/3.php
1	0	0	1	0	0	29443149	0	0	29443149	0	0	/wp-content/themes/mero-magazine/ws.php
1	0	0	1	0	0	29443177	0	0	29443177	0	0	/shv3n0m.php
1	0	0	38	27	0	29448122	29426516	0	29426760	29418695	0	/wp.php
1	0	0	1	0	0	29443152	0	0	29443152	0	0	/plugins/ajaxfilemanager/block-css.php?mode=upload
1	0	0	1	0	0	29443168	0	0	29443168	0	0	/wp-includes/js/jcrop/about.php
1	0	0	1	0	0	29443158	0	0	29443158	0	0	/image/j.php
1	0	0	1	0	0	29443178	0	0	29443178	0	0	/wp-admin/css/colors/coffee/byp.php?p=
1	0	0	1	0	0	29443152	0	0	29443152	0	0	/wp-includes/customize/block-css.php?mode=upload
1	0	0	1	0	0	29443170	0	0	29443170	0	0	/wp-includes/sodium_compat/src/Core/ChaCha20/wp-login.php
1	0	0	1	0	0	29443164	0	0	29443164	0	0	/wp-includes/SimplePie/library/SimplePie/gzdecode.php
1	0	0	1	0	0	29443153	0	0	29443153	0	0	/wp-admin/css/colors/coffee/lofter.php
1	0	0	1	0	0	29443159	0	0	29443159	0	0	/images/3.php
1	0	0	1	0	0	29443160	0	0	29443160	0	0	/vendor/brick/math/src/Exception/about.php
1	0	0	1	0	0	29443147	0	0	29443147	0	0	/wp-admin/includes/about.php
1	0	0	1	0	0	29443179	0	0	29443179	0	0	/wp-content/plugins/aryabot/wawe.php
1	0	0	1	0	0	29443167	0	0	29443167	0	0	/wp-includes/customize/class-wp-customize-themes-section.php
1	0	0	1	0	0	29443156	0	0	29443156	0	0	/wp-admin/r.php
1	0	0	2	10	0	29432254	29424995	0	29430102	29418696	0	/wp-includes/php-compat/
1	0	0	1	0	0	29443177	0	0	29443177	0	0	/wp-admin/css/shadowx.php
1	0	0	1	0	0	29443176	0	0	29443176	0	0	/wp-admin/user/indexx.php
1	0	0	0	3	0	0	29403926	0	0	29358132	0	/graphql
1	0	0	1	0	0	29443177	0	0	29443177	0	0	/mah/indexx.php
1	0	0	1	0	0	29443149	0	0	29443149	0	0	/cache/moon.php
1	0	0	1	0	0	29443173	0	0	29443173	0	0	/user-edit.php
1	0	0	1	0	0	29443147	0	0	29443147	0	0	/wp-includes/pomo/about.php
1	0	0	1	0	0	29443148	0	0	29443148	0	0	/wp-content/fonts/themes.php
1	0	0	1	0	0	29443157	0	0	29443157	0	0	/wp-content/lol.php
1	0	0	1	0	0	29443162	0	0	29443162	0	0	/wp-admin/css/colors/blue/test1.php
1	0	0	1	0	0	29443164	0	0	29443164	0	0	/wp-includes/SimplePie/src/Content/about.php
1	0	0	1	0	0	29443159	0	0	29443159	0	0	/images/xox.php
1	0	0	1	0	0	29443178	0	0	29443178	0	0	/wp-content/themes/byp.php?p=
1	0	0	0	3	0	0	29403926	0	0	29358132	0	/v3/api-docs
1	1	0	0	0	29409155	0	0	29409155	0	0	7622	/cgi-sys/suspendedpage.cgi/wp1/wp-includes/wlwmanifest.xml
1	0	0	1	0	0	29443177	0	0	29443177	0	0	/wp-admin/includes/shadowx.php
1	0	0	1	0	0	29443147	0	0	29443147	0	0	/img/about.php
1	0	0	1	0	0	29443158	0	0	29443158	0	0	/image/e.php
1	0	0	1	0	0	29443178	0	0	29443178	0	0	/file/wp-sys.php?p=
1	0	0	1	0	0	29443154	0	0	29443154	0	0	/dz0.php
1	0	0	1	0	0	29443152	0	0	29443152	0	0	/wp-admin/inputs.php
1	0	0	1	0	0	29443157	0	0	29443157	0	0	/wp-content/if.php
1	0	0	0	108	0	0	29423927	0	0	29317389	0	/web/wp-includes/wlwmanifest.xml
1	0	0	1	0	0	29443156	0	0	29443156	0	0	/wp-admin/m.php
1	0	0	1	0	0	29443179	0	0	29443179	0	0	/bitwise.php
1	0	0	0	2	0	0	29401041	0	0	29377878	0	/wordpress/wp-admin/setup-config.php?135.148.195.1
1	0	0	1	0	0	29443157	0	0	29443157	0	0	/wp-includes/777.php
1	0	0	0	1	0	0	29422263	0	0	29422263	0	/wp-admin/network/nxc.php
1	0	0	1	0	0	29443159	0	0	29443159	0	0	/image/nasgor.php
1	0	0	1	0	0	29443171	0	0	29443171	0	0	/wp-content/plugins/ubh/up.php
1	0	0	1	0	0	29443148	0	0	29443148	0	0	/wp-includes/Requests/Text/index.php
1	0	0	1	0	0	29443147	0	0	29443147	0	0	/wp-content/themes/wp-abupee.php
1	0	0	1	1	0	29443177	29422263	0	29443177	29422263	0	/wp-admin/about.php
1	0	0	1	0	0	29443145	0	0	29443145	0	0	/wp-adminincludesclass-wp-media-list-data.php
1	0	0	1	0	0	29443178	0	0	29443178	0	0	/wp-admin/network/wp-term.php
1	0	0	2	0	0	29449657	0	0	29449111	0	0	/wp-content/plugins/yanierin/akc.php
1	0	0	1	0	0	29443148	0	0	29443148	0	0	/wp-content/class.api.php
1	0	0	1	0	0	29443167	0	0	29443167	0	0	/wp-includes/feed-rss.php
1	0	0	3	0	0	29449657	0	0	29443147	0	0	/wp-content/about.php
1	0	0	4	9	0	29443145	29426103	0	29426735	29387219	0	/atomlib.php
1	5	5	0	0	29403926	0	0	29316062	0	0	111619	/?rest_route=/wp/v2/users/
1	0	0	1	0	0	29443157	0	0	29443157	0	0	/wp-content/sym.php
1	0	0	1	0	0	29443153	0	0	29443153	0	0	/wp-content/plugins/pwnd-1/pwnd.php
1	0	0	1	0	0	29443155	0	0	29443155	0	0	/wp-content/plugins/akismet/WSO.php
1	0	0	1	0	0	29443165	0	0	29443165	0	0	/wp-includes/block-patterns/query-offset-posts.php
1	0	0	1	0	0	29443162	0	0	29443162	0	0	/wp-admin/css/colors/blue/about.php
1	0	0	1	0	0	29443167	0	0	29443167	0	0	/wp-includes/customize/class-wp-sidebar-block-editor-control.php
1	0	0	1	0	0	29443146	0	0	29443146	0	0	/wp-one.php
1	0	0	0	2	0	0	29335107	0	0	29334406	0	/api/config.js
1	0	0	1	0	0	29443156	0	0	29443156	0	0	/wp-admin/h.php
1	0	0	1	0	0	29443152	0	0	29443152	0	0	/jscript/tiny_mce/plugins/ajaxfilemanager/block-css.php?mode=upload
1	0	0	1	0	0	29443149	0	0	29443149	0	0	/wp-admin/js/widgets/users.php
1	0	0	0	2	0	0	29405640	0	0	29405640	0	/admin/content/sitetree/
1	0	0	1	0	0	29443165	0	0	29443165	0	0	/wp-includes/class-wp-dependencies.php
1	0	0	1	0	0	29443166	0	0	29443166	0	0	/wp-includes/class-wp-simplepie-sanitize-kses.php
1	0	0	1	0	0	29443146	0	0	29443146	0	0	/FoxWSO.php
1	0	0	1	0	0	29443168	0	0	29443168	0	0	/wp-includes/js/tinymce/plugins/wordpress/wp-login.php
1	0	0	1	0	0	29443169	0	0	29443169	0	0	/wp-includes/rest-api/fields/alfa-rex.php
1	0	0	7	21	0	29447926	29424995	0	29430101	29418695	0	/wp-includes/rest-api/search/index.php
1	0	0	1	0	0	29443164	0	0	29443164	0	0	/wp-includes/SimplePie/src/Net/wp-login.php
1	0	0	1	0	0	29443179	0	0	29443179	0	0	/wp-admin/css/colors/bop.php?p=
1	0	0	1	0	0	29443155	0	0	29443155	0	0	/wp-content/plugins/akismet/0day.php
1	0	0	1	0	0	29443150	0	0	29443150	0	0	/wp-includes/pomo/wp_project.php
1	0	0	0	2	0	0	29337049	0	0	29325030	0	/lib/.env
1	0	0	1	0	0	29443165	0	0	29443165	0	0	/wp-includes/Text/wp-login.php
1	0	0	1	0	0	29443169	0	0	29443169	0	0	/wp-includes/product.php
1	0	0	1	0	0	29443152	0	0	29443152	0	0	/wp-admin/user/file.php
1	0	0	1	0	0	29443159	0	0	29443159	0	0	/images/www.php
1	0	0	1	0	0	29443174	0	0	29443174	0	0	/cms/tiny_mce/plugins/ajaxfilemanager/wp-ver.php
1	0	0	1	0	0	29443166	0	0	29443166	0	0	/wp-includes/css/dist/block-editor/about.php
1	0	0	1	0	0	29443148	0	0	29443148	0	0	/wp-admin/js/widgets/class.api.php
1	0	0	1	0	0	29443168	0	0	29443168	0	0	/wp-includes/js/mediaelement/about.php
1	0	0	1	0	0	29443146	0	0	29443146	0	0	/xindex.php
1	0	0	1	0	0	29443160	0	0	29443160	0	0	/vendor/composer/pcre/src/about.php
1	0	0	1	0	0	29443171	0	0	29443171	0	0	/wp-includes/customize/zmFM.php
1	0	0	0	10	0	0	29424995	0	0	29418696	0	/admin/controller/extension/extension/
1	0	0	1	0	0	29443160	0	0	29443160	0	0	/wp-content/plugins/cekidot/alf.php
1	0	0	1	0	0	29443160	0	0	29443160	0	0	/wp-content/fw.php
1	0	0	1	0	0	29443169	0	0	29443169	0	0	/wp-includes/rest-api/endpoints/class-wp-rest-post-statuses-controller.php
1	0	0	1	0	0	29443171	0	0	29443171	0	0	/about/index.php
1	0	0	1	0	0	29443146	0	0	29443146	0	0	/z.php
1	0	0	1	0	0	29443156	0	0	29443156	0	0	/wp-includes/8.php
1	0	0	1	1	0	29443175	29335908	0	29443175	29335908	0	/php.php
1	0	0	1	0	0	29443156	0	0	29443156	0	0	/wp-admin/c.php
1	0	0	1	0	0	29443159	0	0	29443159	0	0	/images/if.php
1	0	0	2	10	0	29432254	29424995	0	29430102	29418696	0	/wp-includes/rest-api/endpoints/
1	0	0	1	0	0	29443157	0	0	29443157	0	0	/wp-includes/WSO.php
1	0	0	1	0	0	29443169	0	0	29443169	0	0	/wp-includes/post-template.php
1	0	0	0	1	0	0	29387224	0	0	29387224	0	/storage/framework/views/
1	0	0	1	0	0	29443172	0	0	29443172	0	0	/22.php
1	0	0	1	0	0	29443153	0	0	29443153	0	0	/wp-admin/user/plugins.php
1	0	0	1	0	0	29443147	0	0	29443147	0	0	/wp-admin/images/searchl.php
1	0	0	1	0	0	29443168	0	0	29443168	0	0	/wp-includes/js/tinymce/plugins/compat3x/wp-login.php
1	0	0	1	0	0	29443161	0	0	29443161	0	0	/vendor/graham-campbell/result-type/about.php
1	0	0	1	0	0	29443160	0	0	29443160	0	0	/vendor/composer/about.php
1	0	0	17	28	0	29448122	29426516	0	29426760	29418694	0	/wp-includes/Text/Diff/Renderer/index.php
1	0	0	0	1	0	0	29422263	0	0	29422263	0	/wp-content/themes/nxc.php
1	0	0	1	0	0	29443178	0	0	29443178	0	0	/chosen/wp-term.php
1	0	0	1	0	0	29443149	0	0	29443149	0	0	/wp-admin/css/colors/blue/class.api.php
1	0	0	0	2	0	0	29335108	0	0	29334406	0	/admin/config
1	0	0	1	0	0	29443167	0	0	29443167	0	0	/wp-includes/html-api/class-wp-html-text-replacement.php
1	0	0	1	0	0	29443172	0	0	29443172	0	0	/stats.php
1	0	0	1	0	0	29443170	0	0	29443170	0	0	/tmp/vuln.php
1	0	0	1	0	0	29443161	0	0	29443161	0	0	/vendor/filp/whoops/src/Whoops/Handler/about.php
1	0	0	1	0	0	29443158	0	0	29443158	0	0	/image/nee.php
1	0	0	22	0	0	29444890	0	0	29429169	0	0	/wp-includes/rest-api
1	0	0	1	0	0	29443148	0	0	29443148	0	0	/images/qfjnelot.php
1	0	0	1	0	0	29443178	0	0	29443178	0	0	/chosen/wp-sys.php?p=
1	0	0	1	0	0	29443156	0	0	29443156	0	0	/wp-includes/3.php
1	0	0	1	0	0	29443159	0	0	29443159	0	0	/u.php
1	0	0	1	4	0	29443172	29425296	0	29443172	29424494	0	/wp-links-opml.php
1	0	0	1	0	0	29443154	0	0	29443154	0	0	/wp-content/plugins/disqus-comment-system/Sym.php
1	0	0	1	0	0	29443167	0	0	29443167	0	0	/wp-includes/html-api/class-wp-html-span.php
1	0	0	1	0	0	29443176	0	0	29443176	0	0	/wp-content/plugins/indexx.php
1	0	0	1	0	0	29443162	0	0	29443162	0	0	/wp-admin/css/colors/ectoplasm/about.php
1	0	0	1	0	0	29443151	0	0	29443151	0	0	/wp-content/ynz.PhP7
1	0	0	1	0	0	29443166	0	0	29443166	0	0	/wp-includes/css/dist/editor/about.php
1	0	0	1	0	0	29443168	0	0	29443168	0	0	/wp-includes/js/tinymce/themes/about.php
1	0	0	1	0	0	29443164	0	0	29443164	0	0	/wp-includes/SimplePie/src/IRI.php
1	0	0	1	0	0	29443175	0	0	29443175	0	0	/wp-content/plugins/db/uploader.php?uploader
1	0	0	1	0	0	29443154	0	0	29443154	0	0	/wp-admin/js/wp-class.php
1	0	0	1	0	0	29443152	0	0	29443152	0	0	/wp-content/inputs.php
1	0	0	1	0	0	29443146	0	0	29443146	0	0	/wp-includes/css/dist/niil.php
1	0	0	1	0	0	29443158	0	0	29443158	0	0	/image/c99.php
1	0	0	1	0	0	29443170	0	0	29443170	0	0	/wp-includes/widgets/class-wp-widget-search.php
1	0	0	1	0	0	29438116	0	0	29438116	0	0	/.ftp-config.json
1	0	0	3	12	0	29445837	29433869	0	29432920	29343528	0	/staging/.env
1	0	0	1	0	0	29443178	0	0	29443178	0	0	/wp-admin/user/wp_error.php
1	0	0	2	0	0	29432254	0	0	29430102	0	0	/wp-content/uploads/wc-logs/
1	0	0	2	0	0	29445707	0	0	29443149	0	0	/wp-content/plugins/hellopress/wp_mna.php
1	0	0	1	0	0	29443150	0	0	29443150	0	0	/wp-admin/user/wp_project.php
1	0	0	0	2	0	0	29335107	0	0	29334406	0	/apis/config/config.js
1	0	0	0	1	0	0	29323012	0	0	29323012	0	/blog/robots.txt
1	0	0	0	1	0	0	29337049	0	0	29337049	0	/apps/config.json
1	0	0	1	0	0	29443168	0	0	29443168	0	0	/wp-includes/js/tinymce/plugins/hr/about.php
1	0	0	0	1	0	0	29422263	0	0	29422263	0	/wp-admin/js/managert.php
1	0	0	1	0	0	29443176	0	0	29443176	0	0	/wp-admin/css/mailer.php
1	0	0	1	0	0	29443176	0	0	29443176	0	0	/wp-admin/includes/mailer.php
1	0	0	1	0	0	29443152	0	0	29443152	0	0	/well.php
1	0	0	1	0	0	29443150	0	0	29443150	0	0	/wp-content/uploads/wp_project.php
1	0	0	1	0	0	29443176	0	0	29443176	0	0	/wp-content/fm.php
1	0	0	1	0	0	29443152	0	0	29443152	0	0	/wp-content/Chitoge.php
1	0	0	1	0	0	29443179	0	0	29443179	0	0	/shankar.php
1	0	0	1	0	0	29443159	0	0	29443159	0	0	/p.php
1	0	0	1	0	0	29443167	0	0	29443167	0	0	/wp-includes/customize/class-wp-customize-nav-menu-name-control.php
1	0	0	1	0	0	29443176	0	0	29443176	0	0	/images/fw.php
1	0	0	1	0	0	29443162	0	0	29443162	0	0	/wp-admin/includes/media.php
1	0	0	1	0	0	29443178	0	0	29443178	0	0	/xl2025.php
1	0	0	1	0	0	29443145	0	0	29443145	0	0	/htio.php
1	1	1	0	0	29359495	0	0	29359495	0	0	29487	/?term=dorktest303
1	0	0	0	2	0	0	29337050	0	0	29325030	0	/wp-content/plugins/mm-plugin/inc/vendors/vendor/phpunit/phpunit/src/Util/PHP/eval-stdin.php
1	0	0	0	1	0	0	29366907	0	0	29366907	0	/.git/refs/remotes/origin/HEAD
1	0	0	1	0	0	29443162	0	0	29443162	0	0	/vendor/laminas/laminas-code/src/Reflection/DocBlock/Tag/alfa-rex.php
1	0	0	1	0	0	29443177	0	0	29443177	0	0	/images/upl.php
1	0	0	0	4	0	0	29335108	0	0	29334406	0	/appsettings.json
1	0	0	1	0	0	29443150	0	0	29443150	0	0	/mah/wp_project.php
1	0	0	1	0	0	29443157	0	0	29443157	0	0	/wp-includes/87.php
1	0	0	0	2	0	0	29335107	0	0	29334406	0	/config/constants.js
1	0	0	1	0	0	29443165	0	0	29443165	0	0	/wp-includes/class-pop3.php
1	0	0	1	0	0	29443167	0	0	29443167	0	0	/wp-includes/customize/class-wp-widget-form-customize-control.php
1	1	0	0	0	29316061	0	0	29316061	0	0	64	/.well-known/acme-challenge/TS9LVU30II643AFTG-6BWPE_8WCFZQRQ
1	0	0	1	0	0	29443172	0	0	29443172	0	0	/revisi.php
1	0	0	1	0	0	29443165	0	0	29443165	0	0	/wp-includes/block-supports/dimensions.php
1	0	0	0	2	0	0	29337050	0	0	29325030	0	/www/vendor/phpunit/phpunit/src/Util/PHP/eval-stdin.php
1	0	0	1	0	0	29443148	0	0	29443148	0	0	/admin/controller/extension/extension/up.php
1	1	1	0	0	29359496	0	0	29359496	0	0	29487	/?goods=dorktest303
1	0	0	1	0	0	29443178	0	0	29443178	0	0	/wp-admin/network/wp_error.php
1	0	0	19	16	0	29448122	29426516	0	29426760	29418887	0	/wp-includes/Requests/index.php
1	0	0	1	0	0	29443153	0	0	29443153	0	0	/min.php
1	0	0	1	0	0	29443160	0	0	29443160	0	0	/p-content/themes/index.php
1	0	0	34	9	0	29448121	29426450	0	29426735	29422143	0	/k.php
1	0	0	1	1	0	29443147	29373215	0	29443147	29373215	0	/wp-config.php
1	0	0	0	10	0	0	29424995	0	0	29418696	0	/Public/
1	0	0	12	10	0	29448122	29426516	0	29426760	29422263	0	/wp-content/languages/
1	0	0	1	0	0	29443175	0	0	29443175	0	0	/plugin-editor.php
1	0	0	0	2	0	0	29335107	0	0	29334406	0	/my_env/chakaash.py
1	0	0	1	0	0	29443175	0	0	29443175	0	0	/load-styles.php
1	0	0	0	8	0	0	29403926	0	0	29316062	0	/config.json
1	0	0	0	2	0	0	29335108	0	0	29334406	0	/main.yml
1	0	0	1	0	0	29443165	0	0	29443165	0	0	/wp-includes/assets/script-loader-react-refresh-runtime.php
1	0	0	1	0	0	29443172	0	0	29443172	0	0	/wp-content/plugins/upspy/up.php
1	0	0	27	39	0	29449657	29426450	0	29364298	29316062	0	/info.php
1	0	0	5	17	0	29447926	29424995	0	29431102	29418696	0	/modules/mod_simplefileuploadv1.3/elements/
1	0	0	1	0	0	29443176	0	0	29443176	0	0	/wp-includes/SimplePie/indexx.php
1	0	0	1	0	0	29443173	0	0	29443173	0	0	/cyl.php
1	0	0	1	0	0	29443152	0	0	29443152	0	0	/wp-content/languages/themes/block-css.php?mode=upload
1	0	0	1	0	0	29443167	0	0	29443167	0	0	/wp-includes/html-api/class-wp-html-doctype-info.php
1	0	0	1	0	0	29443171	0	0	29443171	0	0	/heh.php
1	0	0	1	0	0	29443163	0	0	29443163	0	0	/wp-includes/Requests/src/Session.php
1	0	0	1	0	0	29443170	0	0	29443170	0	0	/wp-includes/widgets/class-wp-widget-recent-posts.php
1	0	0	0	1	0	0	29422263	0	0	29422263	0	/wp-content/themes/pridmag/nxc.php
1	0	0	1	0	0	29443146	0	0	29443146	0	0	/f.php
1	0	0	1	0	0	29443177	0	0	29443177	0	0	/wp-admin/css/colors/coffee/upl.php
1	0	0	1	0	0	29443147	0	0	29443147	0	0	/wp-admin/css/wp-is.php
1	0	0	1	0	0	29443167	0	0	29443167	0	0	/wp-includes/fonts/wp/vHdLe.php
1	0	0	1	0	0	29443173	0	0	29443173	0	0	/wp-menu.php
1	0	0	1	1	0	29443154	29422142	0	29443154	29422142	0	/config.php
1	0	0	3	11	0	29445837	29433869	0	29432920	29343528	0	/info/
1	0	0	1	0	0	29443159	0	0	29443159	0	0	/images/nee.php
1	0	0	1	0	0	29443145	0	0	29443145	0	0	/wp-content/function.php
1	0	0	1	0	0	29443173	0	0	29443173	0	0	/wp_mna.php
1	0	0	1	0	0	29443163	0	0	29443163	0	0	/wp-admin/networks.php
1	0	0	1	0	0	29443154	0	0	29443154	0	0	/wp-includes/fonts/wp-login.php
1	0	0	1	0	0	29443162	0	0	29443162	0	0	/wp-admin/css/colors/ocean/wp-login.php
1	0	0	1	0	0	29443179	0	0	29443179	0	0	/mailer3.php
1	0	0	1	0	0	29443150	0	0	29443150	0	0	/wp-content/themes/hideo/network.php
1	0	0	1	0	0	29443150	0	0	29443150	0	0	/wp-admin/network/dbtoolkit_import.php
1	0	0	1	0	0	29443161	0	0	29443161	0	0	/vendor/egulias/email-validator/src/Validation/Exception/about.php
1	0	0	1	0	0	29443175	0	0	29443175	0	0	/ru.php
1	0	0	1	0	0	29443178	0	0	29443178	0	0	/wp-admin/maint/alfa-rex.php
1	0	0	1	0	0	29443146	0	0	29443146	0	0	/kindex.php
1	0	0	1	0	0	29443159	0	0	29443159	0	0	/images/c99.php
1	0	0	1	0	0	29443175	0	0	29443175	0	0	/wp-content/admin-ajax.php
1	0	0	1	1	0	29443146	29422142	0	29443146	29422142	0	/a.php
1	0	0	1	0	0	29443158	0	0	29443158	0	0	/image/kk.php
1	0	0	1	0	0	29443179	0	0	29443179	0	0	/simple_backdoor.php
1	1	0	0	0	29316061	0	0	29316061	0	0	64	/.well-known/acme-challenge/RICGIUJFLIU87CA7-1H0PG0KULULY-AD
1	0	0	1	0	0	29443173	0	0	29443173	0	0	/scn.php
1	0	0	1	0	0	29443150	0	0	29443150	0	0	/cgi-bin/wp-hoard.php
1	0	0	1	0	0	29443157	0	0	29443157	0	0	/wp-content/alf.php
1	0	0	1	0	0	29443164	0	0	29443164	0	0	/wp-includes/SimplePie/library/SimplePie/XML/wp-login.php
1	0	0	1	0	0	29443169	0	0	29443169	0	0	/wp-includes/rest-api/endpoints/class-wp-rest-font-collections-controller.php
1	0	0	1	0	0	29443175	0	0	29443175	0	0	/connects.php
1	0	0	1	0	0	29443171	0	0	29443171	0	0	/baxa1.php7
1	0	0	1	0	0	29443177	0	0	29443177	0	0	/wp-admin/byp.php?p=
1	0	0	1	0	0	29443178	0	0	29443178	0	0	/wp-content/plugins/watch/bop.php?p=
1	0	0	0	3	0	0	29425682	0	0	29334406	0	/settings.py
1	0	0	3	1	0	29449657	29422263	0	29443148	29422263	0	/wp-admin/images/admin.php
1	0	0	1	0	0	29443179	0	0	29443179	0	0	/wp-includes/certificates/killbot.php
1	0	0	1	0	0	29443168	0	0	29443168	0	0	/wp-includes/js/tinymce/skins/lightgray/img/wp-login.php
1	0	0	1	0	0	29443150	0	0	29443150	0	0	/wp-includes/SimplePie/wp_project.php
1	0	0	1	0	0	29443161	0	0	29443161	0	0	/vendor/doctrine/inflector/lib/Doctrine/Inflector/Rules/English/alfa-rex.php
1	0	0	1	0	0	29443176	0	0	29443176	0	0	/Bulle.php
1	0	0	0	2	0	0	29335107	0	0	29334406	0	/dashboard/phpinfo.php
1	0	0	0	2	0	0	29337050	0	0	29325030	0	/phpunit/phpunit/Util/PHP/eval-stdin.php
1	0	0	1	0	0	29443172	0	0	29443172	0	0	/wp-content/plugins/upspy/con.php
1	0	0	1	0	0	29443153	0	0	29443153	0	0	/email_v2/js/tiny_mce/plugins/ajaxfilemanager/rk2.php
1	0	0	0	1	0	0	29337049	0	0	29337049	0	/.env.save1
1	0	0	0	108	0	0	29423927	0	0	29317389	0	/cms/wp-includes/wlwmanifest.xml
1	0	0	1	0	0	29443164	0	0	29443164	0	0	/wp-includes/SimplePie/library/SimplePie/HTTP/about.php
1	0	0	1	0	0	29443170	0	0	29443170	0	0	/wp-includes/widgets/wp-login.php
1	0	0	1	1	0	29443171	29422263	0	29443171	29422263	0	/wp-content/themes/too.php
1	0	0	1	0	0	29443162	0	0	29443162	0	0	/wp-admin/includes/class-wp-ms-sites-list-table.php
1	0	0	1	0	0	29443163	0	0	29443163	0	0	/wp-includes/IXR/class-IXR-value.php
1	0	0	1	0	0	29443146	0	0	29443146	0	0	/nasgor.php
1	0	0	0	2	0	0	29335107	0	0	29334406	0	/getcpuutil.php-bakworking
1	0	0	1	0	0	29443157	0	0	29443157	0	0	/wp-content/xxx.php
1	0	0	1	0	0	29443173	0	0	29443173	0	0	/wp_backup.php
1	0	0	1	0	0	29443165	0	0	29443165	0	0	/wp-includes/class-wp-date-query.php
1	0	0	1	0	0	29443156	0	0	29443156	0	0	/wp-admin/10.php
1	0	0	1	0	0	29443161	0	0	29443161	0	0	/vendor/laminas/laminas-code/src/Generator/EnumGenerator/alfa-rex.php
1	0	0	0	2	0	0	29335105	0	0	29334406	0	/nginx/.env
1	0	0	1	0	0	29443176	0	0	29443176	0	0	/wp-admin/css/colors/coffee/c99.php
1	0	0	0	1	0	0	29425682	0	0	29425682	0	/laravel.log
1	0	0	1	0	0	29443176	0	0	29443176	0	0	/wp-admin/css/colors/coffee/mailer.php
1	0	0	1	0	0	29443171	0	0	29443171	0	0	/9index.php
1	0	0	0	3	0	0	29403926	0	0	29358132	0	/api/gql
1	0	0	1	0	0	29443162	0	0	29443162	0	0	/wp-admin/includes/class-theme-installer-skin.php
1	0	0	1	0	0	29443158	0	0	29443158	0	0	/image/8.php
1	0	0	1	0	0	29443170	0	0	29443170	0	0	/wp-includes/theme-compat/about.php
1	0	0	1	0	0	29443152	0	0	29443152	0	0	/wp-content/plugins/block-css.php?mode=upload
1	0	0	0	4	0	0	29403926	0	0	29335107	0	/swagger.json
1	0	0	1	0	0	29443148	0	0	29443148	0	0	/wp-admin/qfjnelot.php
1	0	0	1	0	0	29443163	0	0	29443163	0	0	/wp-content/uploads/4pric.php
1	0	0	3	0	0	29449657	0	0	29445707	0	0	/222.php
1	0	0	1	0	0	29443154	0	0	29443154	0	0	/shellv3.php
1	0	0	1	0	0	29443152	0	0	29443152	0	0	/wp-content/languages/Chitoge.php
1	0	0	1	0	0	29443150	0	0	29443150	0	0	/wp-admin/js/widgets/wp_filemanager.php
1	0	0	1	0	0	29443148	0	0	29443148	0	0	/wp-content/languages/themes/class.api.php
1	0	0	1	0	0	29443165	0	0	29443165	0	0	/wp-includes/author-template.php
1	0	0	1	0	0	29443164	0	0	29443164	0	0	/wp-includes/SimplePie/src/Decode/HTML/Entities.php
1	0	0	1	0	0	29443169	0	0	29443169	0	0	/wp-includes/post-formats.php
1	0	0	1	0	0	29443149	0	0	29443149	0	0	/wp-admin/css/colors/ectoplasm/users.php
1	0	0	1	0	0	29443169	0	0	29443169	0	0	/wp-includes/pomo/entry.php
1	0	0	1	0	0	29443177	0	0	29443177	0	0	/css/nav.php
1	0	0	1	0	0	29443168	0	0	29443168	0	0	/wp-includes/js/tinymce/plugins/link/item.php
1	0	0	1	0	0	29443169	0	0	29443169	0	0	/wp-includes/registration-functions.php
1	0	0	0	3	0	0	29425682	0	0	29373215	0	/wp-content/debug.log
1	0	0	1	0	0	29443153	0	0	29443153	0	0	/wp-content/rk2.php
1	0	0	0	12	0	0	29424994	0	0	29418694	0	/wp-includes/images/smilies/admin.php
1	0	0	1	0	0	29443158	0	0	29443158	0	0	/image/3.php
1	0	0	1	0	0	29443174	0	0	29443174	0	0	/wp-content/plugins/classwithtostring.php
1	0	0	1	0	0	29443155	0	0	29443155	0	0	/wp-content/plugins/disqus-comment-system/admin1.php
1	0	0	1	0	0	29443161	0	0	29443161	0	0	/vendor/filp/about.php
1	0	0	1	0	0	29443172	0	0	29443172	0	0	/wp-admin/includes/class_appfun.php
1	0	0	1	0	0	29443164	0	0	29443164	0	0	/wp-includes/SimplePie/library/SimplePie/Decode/HTML/Entities.php
1	0	0	1	0	0	29443167	0	0	29443167	0	0	/wp-includes/js/codemirror/wp-login.php
1	0	0	1	0	0	29443149	0	0	29443149	0	0	/wp-content/themes/wp-pridmag/up.php
1	0	0	11	18	0	29449657	29426103	0	29426735	29387219	0	/cong.php
1	0	0	1	0	0	29443177	0	0	29443177	0	0	/wp-includes/SimplePie/nav.php
1	0	0	1	0	0	29443174	0	0	29443174	0	0	/.Wp-back.phP
1	0	0	1	0	0	29443157	0	0	29443157	0	0	/wp-content/FoxWSOv1.php
1	0	0	1	0	0	29443147	0	0	29443147	0	0	/.well-known/setting.php
1	0	0	1	0	0	29443167	0	0	29443167	0	0	/wp-includes/customize/class-wp-customize-new-menu-section.php
1	0	0	1	0	0	29443146	0	0	29443146	0	0	/olu.php
1	0	0	20	0	0	29444889	0	0	29429169	0	0	/wp-content/uploads/2025
1	0	0	1	0	0	29443150	0	0	29443150	0	0	/wp-content/themes/digital-download/new.php
1	0	0	1	0	0	29438116	0	0	29438116	0	0	/ftp-config.json
1	0	0	2	10	0	29432254	29424995	0	29430102	29418696	0	/wp-includes/sodium_compat/src/
1	0	0	1	0	0	29443158	0	0	29443158	0	0	/image/alex.php
1	0	0	1	0	0	29443159	0	0	29443159	0	0	/images/hello.php
1	0	0	1	0	0	29443169	0	0	29443169	0	0	/wp-includes/plugin.php
1	0	0	0	1	0	0	29422142	0	0	29422142	0	/96i.php
1	0	0	22	28	0	29449657	29426516	0	29426760	29387370	0	/wp-content/uploads/
1	0	0	3	7	0	29443148	29426516	0	29429392	29424494	0	/wp-admin/css/colors/blue/atomlib.php
1	0	0	1	0	0	29443167	0	0	29443167	0	0	/wp-includes/js/crop/about.php
1	0	0	1	0	0	29443171	0	0	29443171	0	0	/wp-content/vuln.php
1	0	0	1	0	0	29443147	0	0	29443147	0	0	/images/sfm.php
1	0	0	1	0	0	29443178	0	0	29443178	0	0	/wp-includes/css/crack_self_restore.php
1	0	0	1	0	0	29443167	0	0	29443167	0	0	/wp-includes/functions.wp-styles.php
1	0	0	1	0	0	29443174	0	0	29443174	0	0	/nappe-plastique.com/media-upload.php
1	0	0	1	0	0	29445707	0	0	29445707	0	0	/wp-admin/txets.php
1	0	0	5	19	0	29447926	29424995	0	29431102	29418695	0	/api.php
1	0	0	1	0	0	29443164	0	0	29443164	0	0	/wp-includes/Text/Diff/Engine/native.php
1	0	0	1	0	0	29443146	0	0	29443146	0	0	/new-index.php
1	0	0	1	0	0	29443177	0	0	29443177	0	0	/wp-content/byp.php?p=
1	0	0	0	2	0	0	29337049	0	0	29325030	0	/database/.env
1	0	0	1	0	0	29443169	0	0	29443169	0	0	/wp-includes/rest-api/endpoints/class-wp-rest-menus-controller.php
1	0	0	1	0	0	29443168	0	0	29443168	0	0	/wp-includes/js/tinymce/utils/wp-login.php
1	0	0	1	0	0	29443148	0	0	29443148	0	0	/wp-content/plugins/seoplugins/db.php?u
1	0	0	1	0	0	29445707	0	0	29445707	0	0	/wp-content/txets.php
1	0	0	1	0	0	29443168	0	0	29443168	0	0	/wp-includes/js/tinymce/plugins/wpautoresize/wp-login.php
1	0	0	0	2	0	0	29335104	0	0	29334406	0	/_phpinfo.php
1	0	0	1	0	0	29443154	0	0	29443154	0	0	/pcp.php
1	0	0	1	0	0	29443156	0	0	29443156	0	0	/wp-admin/6.php
1	0	0	1	0	0	29443153	0	0	29443153	0	0	/cgi-bin/themes.php
1	0	0	1	0	0	29443179	0	0	29443179	0	0	/wp-content/languages/wp_error.php
1	0	0	1	0	0	29443176	0	0	29443176	0	0	/wp-admin/css/colors/coffee/maro.php
1	0	0	1	0	0	29443163	0	0	29443163	0	0	/wp-includes/SimplePie/alfa-rex.php
1	0	0	1	0	0	29443164	0	0	29443164	0	0	/wp-includes/SimplePie/library/SimplePie/Decode/HTML/wp-login.php
1	0	0	1	0	0	29443155	0	0	29443155	0	0	/wp-content/plugins/akismet/L3b.php
1	0	0	1	0	0	29443173	0	0	29443173	0	0	/1111.php
1	0	0	1	0	0	29443148	0	0	29443148	0	0	/hehehehe.php
1	0	0	1	0	0	29438116	0	0	29438116	0	0	/.ftp-sync.json
1	0	0	1	0	0	29443179	0	0	29443179	0	0	/kanghoax.php
1	0	0	1	0	0	29443165	0	0	29443165	0	0	/wp-includes/class-wp-block-styles-registry.php
1	0	0	1	0	0	29443166	0	0	29443166	0	0	/wp-includes/class-wp-xmlrpc-server.php
1	0	0	0	4	0	0	29395192	0	0	29363614	0	/robots.txt?135.148.195.1
1	0	0	1	0	0	29443176	0	0	29443176	0	0	/images/gelay.php
1	0	0	1	0	0	29443148	0	0	29443148	0	0	/wp-includes/SimplePie/class.api.php
1	0	0	1	0	0	29443153	0	0	29443153	0	0	/index/rk2.php
1	0	0	1	0	0	29443165	0	0	29443165	0	0	/wp-includes/assets/wp-login.php
1	0	0	1	0	0	29443169	0	0	29443169	0	0	/wp-includes/nav-menu.php
1	0	0	1	0	0	29443152	0	0	29443152	0	0	/file/block-css.php?mode=upload
1	0	0	1	0	0	29443155	0	0	29443155	0	0	/wp-content/plugins/akismet/tmp/admin.php
1	0	0	1	0	0	29443155	0	0	29443155	0	0	/wp-admin/1.php
1	0	0	13	21	0	29448121	29426450	0	29426735	29387370	0	/wp-admin/js/
1	0	0	1	0	0	29443170	0	0	29443170	0	0	/wp-includes/sodium_compat/namespaced/Core/ChaCha20/about.php
1	0	0	3	18	0	29445837	29433869	0	29432920	29325030	0	/web/.env
1	0	0	1	0	0	29443165	0	0	29443165	0	0	/wp-includes/block-supports/elements.php
1	0	0	1	0	0	29443153	0	0	29443153	0	0	/webdb.php
1	0	0	1	0	0	29443155	0	0	29443155	0	0	/wp-admin/404.php
1	0	0	1	0	0	29443164	0	0	29443164	0	0	/wp-includes/Text/Diff/Engine/shell.php
1	0	0	1	0	0	29443177	0	0	29443177	0	0	/wp-content/uploads/nav.php
1	0	0	1	0	0	29443161	0	0	29443161	0	0	/vendor/doctrine/inflector/docs/en/about.php
1	0	0	1	0	0	29443166	0	0	29443166	0	0	/wp-includes/class-wp-image-editor-imagick.php
1	0	0	1	0	0	29443172	0	0	29443172	0	0	/v3.php
1	0	0	1	0	0	29443170	0	0	29443170	0	0	/rxr.php?rxr
1	0	0	0	10	0	0	29424995	0	0	29418696	0	/components/
1	0	0	0	2	0	0	29335105	0	0	29334406	0	/conf/.env
1	0	0	2	0	0	29432254	0	0	29430102	0	0	/wp-content/themes/index.php
1	0	0	1	0	0	29443169	0	0	29443169	0	0	/wp-includes/pomo/po.php
1	0	0	1	0	0	29443163	0	0	29443163	0	0	/wp-includes/IXR/class-IXR-introspectionserver.php
1	0	0	1	0	0	29443177	0	0	29443177	0	0	/wp-content/am.php
1	0	0	1	0	0	29443152	0	0	29443152	0	0	/mds.php
1	0	0	1	0	0	29443150	0	0	29443150	0	0	/wp-signup.php
1	0	0	1	0	0	29443159	0	0	29443159	0	0	/images/wp-wso.php
1	0	0	1	0	0	29443177	0	0	29443177	0	0	/chosen/indexx.php
1	0	0	1	0	0	29443146	0	0	29443146	0	0	/.fk.php
1	0	0	1	0	0	29443172	0	0	29443172	0	0	/macibay.php
1	0	0	1	0	0	29443152	0	0	29443152	0	0	/delete3.php
1	0	0	1	0	0	29443152	0	0	29443152	0	0	/tiny_mce/plugins/ajaxfilemanager/block-css.php?mode=upload
1	0	0	3	1	0	29449657	29422676	0	29443162	29422676	0	/wp-includes/images/wp-login.php
1	0	0	1	0	0	29443160	0	0	29443160	0	0	/vendor/doctrine/inflector/about.php
1	0	0	1	0	0	29443155	0	0	29443155	0	0	/wp-includes/plugins/instabuilder2/cache/up.php
1	0	0	1	0	0	29443163	0	0	29443163	0	0	/wp-admin/includes/taxonomy.php
1	0	0	0	1	0	0	29337050	0	0	29337050	0	/administrator/config.json
1	0	0	1	0	0	29443164	0	0	29443164	0	0	/wp-includes/SimplePie/library/SimplePie/Decode/alfa-rex.php
1	0	0	2	12	0	29432254	29424995	0	29430102	29418695	0	/wp-content/w3tc/
1	0	0	1	0	0	29443164	0	0	29443164	0	0	/wp-includes/SimplePie/library/SimplePie/Content/alfa-rex.php
1	1	0	0	0	29409155	0	0	29409155	0	0	7622	/cgi-sys/suspendedpage.cgi/website/wp-includes/wlwmanifest.xml
1	0	0	0	3	0	0	29403926	0	0	29358132	0	/swagger/
1	0	0	1	0	0	29443161	0	0	29443161	0	0	/vendor/laminas/laminas-code/src/Generator/DocBlock/Tag/alfa-rex.php
1	0	0	1	0	0	29443161	0	0	29443161	0	0	/vendor/laminas/laminas-code/src/Generator/DocBlock/about.php
1	0	0	1	0	0	29443154	0	0	29443154	0	0	/wp-content/plugins/disqus-comment-system/tmp/Sym.php
1	0	0	1	0	0	29445707	0	0	29445707	0	0	/wp-content/themes/style.php
1	0	0	0	14	0	0	29424995	0	0	29418696	0	/admin/uploads/
1	0	0	0	10	0	0	29424995	0	0	29418696	0	/php/
1	0	0	1	0	0	29443155	0	0	29443155	0	0	/wp-content/plugins/akismet/zone-h.php
1	0	0	1	0	0	29443151	0	0	29443151	0	0	/admin/uploads/uploader.php
1	0	0	1	0	0	29443147	0	0	29443147	0	0	/wp-admin/css/colors/coffee/wp-abupee.php
1	0	0	1	0	0	29443174	0	0	29443174	0	0	/wp-includes/customize/classwithtostring.php
1	0	0	1	0	0	29443165	0	0	29443165	0	0	/wp-includes/block-supports/position.php
1	0	0	1	0	0	29443166	0	0	29443166	0	0	/wp-includes/css/dist/block-library/wp-login.php
1	0	0	1	0	0	29443179	0	0	29443179	0	0	/mah/wp_error.php
1	0	0	1	0	0	29443178	0	0	29443178	0	0	/wp-admin/images/wp-term.php
1	0	0	1	0	0	29443153	0	0	29443153	0	0	/tiny_mce/plugins/ajaxfilemanager/rk2.php
1	0	0	1	0	0	29443168	0	0	29443168	0	0	/wp-includes/js/tinymce/plugins/wptextpattern/wp-login.php
1	0	0	1	0	0	29443162	0	0	29443162	0	0	/vendor/laminas/laminas-diactoros/src/about.php
1	0	0	1	0	0	29443146	0	0	29443146	0	0	/mrjn.php
1	0	0	1	0	0	29443159	0	0	29443159	0	0	/images/wp-confirm.php
1	0	0	1	0	0	29443165	0	0	29443165	0	0	/wp-includes/class-wp-customize-section.php
1	0	0	1	0	0	29443166	0	0	29443166	0	0	/wp-includes/class-wp-styles.php
1	0	0	1	0	0	29443167	0	0	29443167	0	0	/wp-includes/html-api/class-wp-html-unsupported-exception.php
1	0	0	1	0	0	29443169	0	0	29443169	0	0	/wp-includes/sitemaps/class-wp-sitemaps-stylesheet.php
1	0	0	1	0	0	29443148	0	0	29443148	0	0	/wp-includes/test.php
1	0	0	1	0	0	29443176	0	0	29443176	0	0	/wp-admin/css/colors/coffee/xxxx.php
1	0	0	1	0	0	29443165	0	0	29443165	0	0	/wp-includes/class-wp-comment.php
1	0	0	1	0	0	29443159	0	0	29443159	0	0	/9.php
1	0	0	1	1	0	29443145	29422143	0	29443145	29422143	0	/defaults.php
1	0	0	1	0	0	29443156	0	0	29443156	0	0	/wp-admin/root.php
1	0	0	1	0	0	29443177	0	0	29443177	0	0	/images/am.php
1	0	0	1	0	0	29443166	0	0	29443166	0	0	/wp-includes/class-wp-theme-json-data.php
1	0	0	0	14	0	0	29424995	0	0	29418695	0	/wp-admin/maint/
1	0	0	1	0	0	29443166	0	0	29443166	0	0	/wp-includes/class.wp-styles.php
1	0	0	1	0	0	29443174	0	0	29443174	0	0	/wp-content/languages/themes/classwithtostring.php
1	17	17	0	0	29405226	0	0	29323204	0	0	456003	/?167.114.3.106
1	0	0	1	0	0	29443169	0	0	29443169	0	0	/wp-includes/rest-api/endpoints/class-wp-rest-menu-items-controller.php
1	0	0	1	0	0	29443175	0	0	29443175	0	0	/wp-content/plugins/cakil/up.php
1	0	0	1	0	0	29443159	0	0	29443159	0	0	/images/images/fw.php
1	0	0	1	0	0	29443154	0	0	29443154	0	0	/about/wp-class.php
1	0	0	1	0	0	29443169	0	0	29443169	0	0	/wp-includes/sitemaps/class-wp-sitemaps.php
1	0	0	1	0	0	29443152	0	0	29443152	0	0	/wp-admin/wso112233.php
1	0	0	1	0	0	29443179	0	0	29443179	0	0	/simple-shell.php
1	0	0	1	0	0	29443150	0	0	29443150	0	0	/about/wp_filemanager.php
1	0	0	1	0	0	29443158	0	0	29443158	0	0	/image/lol.php
1	0	0	1	0	0	29443169	0	0	29443169	0	0	/wp-includes/networks.php
1	0	0	2	0	0	29449657	0	0	29449111	0	0	/wp-content/plugins/Ultimate_VC_Addons/assets/alfa-rex.php7
1	0	0	1	0	0	29443152	0	0	29443152	0	0	/4.php
1	0	0	1	0	0	29443157	0	0	29443157	0	0	/wp-content/xl.php
1	0	0	1	0	0	29443168	0	0	29443168	0	0	/wp-includes/js/tinymce/plugins/directionality/alfa-rex.php
1	0	0	1	0	0	29443150	0	0	29443150	0	0	/s_e.php
1	0	0	1	0	0	29443147	0	0	29443147	0	0	/wp-admin/css/sidebarh.php
1	0	0	1	0	0	29443158	0	0	29443158	0	0	/image/0byte.php
1	0	0	1	0	0	29443152	0	0	29443152	0	0	/Chitoge.php
1	0	0	0	14	0	0	29424995	0	0	29418695	0	/wp-admin/images/
1	0	0	1	0	0	29443170	0	0	29443170	0	0	/wp-includes/style-engine/class-wp-style-engine-css-rules-store.php
1	0	0	1	1	0	29443146	29387219	0	29443146	29387219	0	/wp-info.php
1	0	0	1	0	0	29443154	0	0	29443154	0	0	/wp-content/plugins/disqus-comment-system/c22.php
1	0	0	1	0	0	29443145	0	0	29443145	0	0	/media-admin.php
1	0	0	1	0	0	29443160	0	0	29443160	0	0	/file/autoload_classmap.php
1	0	0	1	0	0	29443161	0	0	29443161	0	0	/vendor/egulias/email-validator/about.php
1	0	0	0	1	0	0	29412190	0	0	29412190	0	/36HUXIe62Ch6FXWi7zS07isiLtn.php/x0A
1	0	0	1	0	0	29443175	0	0	29443175	0	0	/wp-admin/js/widgets/admin-ajax.php
1	0	0	1	0	0	29443164	0	0	29443164	0	0	/wp-includes/SimplePie/library/SimplePie/Parse/product.php
1	0	0	1	0	0	29443160	0	0	29443160	0	0	/vendor/bensampo/laravel-enum/src/Casts/alfa-rex.php
1	0	0	1	0	0	29443157	0	0	29443157	0	0	/wp-includes/wp-configer.php
1	0	0	1	0	0	29443146	0	0	29443146	0	0	/xleet.php
1	0	0	1	0	0	29443171	0	0	29443171	0	0	/loger.php
1	0	0	1	0	0	29443165	0	0	29443165	0	0	/wp-includes/class-wp-http-cookie.php
1	0	0	0	1	0	0	29443149	0	0	29443149	0	/.well-known/pki-validation/023ws.php
1	0	0	0	12	0	0	29425488	0	0	29418693	0	/file5.php
1	0	0	1	0	0	29443176	0	0	29443176	0	0	/wp-content/uploads/simple-file-list/DC.php
1	0	0	1	0	0	29443146	0	0	29443146	0	0	/haxor.php
1	0	0	2	0	0	29432254	0	0	29430102	0	0	/wp-content/uploads/woocommerce/
1	0	0	1	0	0	29443155	0	0	29443155	0	0	/wp-includes/SimplePie/500.php
1	0	0	1	0	0	29443156	0	0	29443156	0	0	/wp-admin/mailer.php
1	0	0	0	1	0	0	29373215	0	0	29373215	0	/.env.testing
1	0	0	1	0	0	29443158	0	0	29443158	0	0	/image/sym.php
1	0	0	1	0	0	29443163	0	0	29443163	0	0	/wp-includes/Requests/src/Transport.php
1	0	0	1	75	0	29427097	29425643	0	29427097	29319002	0	/th1s_1s_a_4o4.html
1	0	0	1	0	0	29443176	0	0	29443176	0	0	/wp-admin/css/colors/coffee/1.php
1	0	0	0	2	0	0	29327560	0	0	29326478	0	http://magentaweb.org:80/wp/wp-includes/wlwmanifest.xml
1	0	0	1	0	0	29443177	0	0	29443177	0	0	/wp-content/languages/nav.php
1	0	0	2	3	0	29434433	29434760	0	29433715	29433394	0	/sitemaps.xml
1	0	0	1	0	0	29443174	0	0	29443174	0	0	/wp-content/plugins/wp-help/
1	0	0	1	0	0	29443162	0	0	29443162	0	0	/wp-admin/css/colors/coffee/alfa-rex.php
1	0	0	1	0	0	29443154	0	0	29443154	0	0	/offline.php
1	0	0	0	3	0	0	29425682	0	0	29334406	0	/storage/logs/laravel.log
1	0	0	1	0	0	29443165	0	0	29443165	0	0	/wp-includes/blocks/group/about.php
1	0	0	1	0	0	29443169	0	0	29443169	0	0	/wp-includes/sitemaps/providers/alfa-rex.php
1	0	0	1	0	0	29443174	0	0	29443174	0	0	/about/wp-ver.php
1	0	0	1	0	0	29443152	0	0	29443152	0	0	/cgi-bin/inputs.php
1	0	0	0	2	0	0	29335107	0	0	29334406	0	/config.js
1	0	0	1	0	0	29443168	0	0	29443168	0	0	/wp-includes/js/thickbox/alfa-rex.php
1	0	0	3	16	0	29445837	29433869	0	29432920	29343527	0	/.config.yaml
1	0	0	1	0	0	29443164	0	0	29443164	0	0	/wp-includes/SimplePie/src/Parser.php
1	0	0	0	14	0	0	29424995	0	0	29418695	0	/wp-admin/meta/
1	0	0	0	3	0	0	29353768	0	0	29353768	0	/login/
1	0	0	1	0	0	29443159	0	0	29443159	0	0	/images/xl.php
1	0	0	1	0	0	29443178	0	0	29443178	0	0	/wp-includes/pomo/wp-term.php
1	0	0	1	0	0	29443154	0	0	29443154	0	0	/wp-content/plugins/disqus-comment-system/ls.php
1	0	0	1	0	0	29443176	0	0	29443176	0	0	/wp-content/plugins/owfsmac/mar.php
1	0	0	1	0	0	29443172	0	0	29443172	0	0	/green.php
1	0	0	1	0	0	29443160	0	0	29443160	0	0	/wp-admin/network/autoload_classmap.php
1	0	0	1	0	0	29443163	0	0	29443163	0	0	/wp-includes/Requests/library/alfa-rex.php
1	0	0	1	0	0	29443151	0	0	29443151	0	0	/1337.php
1	0	0	1	0	0	29443148	0	0	29443148	0	0	/wp-includes/qfjnelot.php
1	0	0	21	30	0	29449657	29426516	0	29426760	29418695	0	/wp-includes/ID3/
1	0	0	1	0	0	29443156	0	0	29443156	0	0	/wp-includes/10.php
1	0	0	1	0	0	29443170	0	0	29443170	0	0	/wp-includes/wp-diff.php
1	0	0	1	0	0	29443170	0	0	29443170	0	0	/wp-includes/sodium_compat/src/about.php
1	0	0	1	0	0	29443162	0	0	29443162	0	0	/wp-admin/includes/class-walker-nav-menu-checklist.php
1	0	0	1	0	0	29443175	0	0	29443175	0	0	/ws.php/wp-content/themes/finley/min.php
1	0	0	21	1	0	29444889	29422263	0	29429169	29422263	0	/wp-includes/IXR/index.php
1	0	0	1	0	0	29443154	0	0	29443154	0	0	/wp-content/plugins/disqus-comment-system/Cpanel.php
1	0	0	1	0	0	29443155	0	0	29443155	0	0	/wp-content/plugins/akismet/sql.php
1	0	0	1	0	0	29445707	0	0	29445707	0	0	/postnews.php
1	0	0	1	0	0	29443169	0	0	29443169	0	0	/wp-includes/meta.php
1	0	0	1	0	0	29443172	0	0	29443172	0	0	/gec212.php
1	0	0	1	0	0	29443166	0	0	29443166	0	0	/wp-includes/customize/class-wp-customize-date-time-control.php
1	0	0	1	0	0	29443150	0	0	29443150	0	0	/wp-admin/css/colors/blue/dbtoolkit_import.php
1	0	0	1	0	0	29443166	0	0	29443166	0	0	/wp-includes/customize/class-wp-customize-background-image-control.php
1	0	0	1	0	0	29443159	0	0	29443159	0	0	/images/lol.php
1	0	0	1	0	0	29443166	0	0	29443166	0	0	/wp-includes/class-wp-plugin-dependencies.php
1	0	0	0	2	0	0	29337050	0	0	29325030	0	/sites/all/libraries/mailchimp/vendor/phpunit/phpunit/src/Util/PHP/eval-stdin.php
1	0	0	1	0	0	29443172	0	0	29443172	0	0	/wp-xmlmp.php
1	0	0	1	0	0	29443145	0	0	29443145	0	0	/wp3.php
1	0	0	1	0	0	29443173	0	0	29443173	0	0	/wp-contact.php
1	0	0	1	0	0	29443154	0	0	29443154	0	0	/wp-content/plugins/disqus-comment-system/0day.php
1	0	0	1	0	0	29443165	0	0	29443165	0	0	/wp-includes/class-wp-http-curl.php
1	0	0	1	0	0	29443169	0	0	29443169	0	0	/wp-includes/ms-site.php
1	0	0	1	0	0	29443152	0	0	29443152	0	0	/wp-content/plugins/Chitoge.php
1	0	0	1	0	0	29443155	0	0	29443155	0	0	/wp-content/uploads/500.php
1	0	0	1	0	0	29443160	0	0	29443160	0	0	/vendor/bensampo/alfa-rex.php
1	0	0	1	0	0	29443164	0	0	29443164	0	0	/wp-includes/SimplePie/library/SimplePie/Rating.php
1	0	0	1	0	0	29443166	0	0	29443166	0	0	/wp-includes/class.wp-dependencies.php
1	0	0	1	0	0	29443149	0	0	29443149	0	0	/cloud.php
1	0	0	1	0	0	29443173	0	0	29443173	0	0	/remove.php
1	0	0	1	1	0	29443146	29422263	0	29443146	29422263	0	/wp-admin.php
1	0	0	1	0	0	29443147	0	0	29443147	0	0	/wp-admin/includes/nice.php?p=
1	0	0	1	0	0	29443168	0	0	29443168	0	0	/wp-includes/l10n.php
1	0	0	0	2	0	0	29335104	0	0	29334406	0	/wp-config
1	0	0	1	0	0	29443149	0	0	29443149	0	0	/wp-content/themes/panama/json.php
1	0	0	1	14	0	29443174	29407670	0	29443174	29326904	0	/wp-includes/js/jquery/jquery.js
1	0	0	0	12	0	0	29425488	0	0	29418693	0	/vendor/phpunit/phpunit/src/Util/PHP/as.php
1	0	0	1	0	0	29443166	0	0	29443166	0	0	/wp-includes/css/dist/nux/wp-login.php
1	0	0	1	0	0	29443154	0	0	29443154	0	0	/images/root.php
1	0	0	1	0	0	29443160	0	0	29443160	0	0	/vendor/doctrine/inflector/docs/alfa-rex.php
1	0	0	1	0	0	29443149	0	0	29443149	0	0	/wp-admin/css/colors/xmrlpc.php?p=
1	0	0	1	0	0	29443172	0	0	29443172	0	0	/module.php
1	0	0	5	19	0	29447926	29425488	0	29431101	29418693	0	/.well-known/acme-challenge/wp-login.php
1	0	0	1	0	0	29443169	0	0	29443169	0	0	/wp-includes/rest-api/endpoints/class-wp-rest-font-families-controller.php
1	0	0	1	0	0	29443158	0	0	29443158	0	0	/wp-content/mailer.php
1	0	0	1	0	0	29443159	0	0	29443159	0	0	/images/sym.php
1	0	0	1	0	0	29443170	0	0	29443170	0	0	/wp-includes/sodium_compat/src/Core/ChaCha20/alfa-rex.php
1	0	0	0	1	0	0	29422676	0	0	29422676	0	/wp-includes/pomo/nxc.php
1	0	0	1	0	0	29443162	0	0	29443162	0	0	/wp-admin/includes/class-walker-category-checklist.php
1	0	0	20	0	0	29444889	0	0	29429169	0	0	/wp-includes/block-supports
1	0	0	1	0	0	29443171	0	0	29443171	0	0	/tuco.php
1	0	0	1	0	0	29443158	0	0	29443158	0	0	/image/minimo.php
1	0	0	1	0	0	29443146	0	0	29443146	0	0	/kn.php
1	0	0	0	2	0	0	29335108	0	0	29334406	0	/server/s3.js
1	0	0	1	0	0	29443146	0	0	29443146	0	0	/shell.php
1	0	0	1	0	0	29443160	0	0	29443160	0	0	/vendor/bensampo/laravel-enum/src/Casts/about.php
1	0	0	1	0	0	29443162	0	0	29443162	0	0	/wp-admin/includes/class-wp-application-passwords-list-table.php
1	0	0	1	0	0	29443153	0	0	29443153	0	0	/wp-admin/network/theme-inshpvx.php
1	1	1	0	0	29373215	0	0	29373215	0	0	5910	/error/
1	0	0	1	0	0	29443159	0	0	29443159	0	0	/images/wp-one.php
1	0	0	1	0	0	29443176	0	0	29443176	0	0	/index6.php
1	1	1	0	0	29359496	0	0	29359496	0	0	29487	/?story=dorktest303
1	0	0	1	0	0	29443169	0	0	29443169	0	0	/wp-includes/rest-api/endpoints/class-wp-rest-navigation-fallback-controller.php
1	0	0	1	0	0	29443174	0	0	29443174	0	0	/plugins/ajaxfilemanager/wp-ver.php
1	0	0	0	2	0	0	29337049	0	0	29325030	0	/saas/.env
1	0	0	0	1	0	0	29402951	0	0	29402951	0	/.svn/wc.db
1	0	0	1	0	0	29443149	0	0	29443149	0	0	/lock360.php
1	0	0	6	19	0	29447926	29425488	0	29431102	29418693	0	/mini.php
1	0	0	1	0	0	29443179	0	0	29443179	0	0	/wp-admin/includes/a.php
1	0	0	1	0	0	29443174	0	0	29443174	0	0	/wp-includes/rest-api/classwithtostring.php
1	0	0	1	0	0	29443173	0	0	29443173	0	0	/kontoru.php
1	0	0	22	34	0	29448121	29426516	0	29426735	29418693	0	/autoload_classmap/function.php
1	0	0	1	0	0	29443153	0	0	29443153	0	0	/about/rk2.php
1	0	0	0	2	0	0	29335106	0	0	29334406	0	/node/.env_example
1	0	0	1	0	0	29443166	0	0	29443166	0	0	/wp-includes/css/dist/widgets/wp-login.php
1	0	0	1	0	0	29443173	0	0	29443173	0	0	/wp-content/plugins/class_appfun.php
1	0	0	1	0	0	29443152	0	0	29443152	0	0	/wp-content/plugins/wp-help/admin/wp-fclass.php
1	0	0	1	0	0	29443154	0	0	29443154	0	0	/index1.php
1	0	0	0	1	0	0	29443153	0	0	29443153	0	/.well-known/pki-validation/plugins.php
1	0	0	1	0	0	29443155	0	0	29443155	0	0	/wp-admin/0byte.php
1	0	0	1	0	0	29443154	0	0	29443154	0	0	/ksa.php
1	0	0	1	0	0	29443153	0	0	29443153	0	0	/wp-admin/includes/license.php
1	0	0	1	0	0	29443160	0	0	29443160	0	0	/vendor/bensampo/laravel-enum/src/PHPStan/alfa-rex.php
1	0	0	1	0	0	29443165	0	0	29443165	0	0	/wp-includes/class-walker-comment.php
1	0	0	1	0	0	29443154	0	0	29443154	0	0	/css/wp-class.php
1	0	0	0	1	0	0	29412190	0	0	29412190	0	/d4n9tt6bldaaklqd2khgdqdb7rh4kotih.oast.site/apachehttpd
1	0	0	0	25	0	0	29447926	0	0	29418693	0	/.well-known/pki-validation/index.php
1	0	0	1	0	0	29443166	0	0	29443166	0	0	/wp-includes/class-wp-oembed-controller.php
1	0	0	1	0	0	29443169	0	0	29443169	0	0	/wp-includes/l10n/class-wp-translation-file-php.php
1	0	0	0	1	0	0	29422263	0	0	29422263	0	/wp-content/uploads/wp-login.php
1	0	0	1	0	0	29443157	0	0	29443157	0	0	/wp-content/0byte.php
1	0	0	1	0	0	29443167	0	0	29443167	0	0	/wp-includes/date.php
1	0	0	1	0	0	29443166	0	0	29443166	0	0	/wp-includes/class-wp-network-query.php
1	0	0	0	2	0	0	29366907	0	0	29366907	0	/.git/ORIG_HEAD
1	0	0	1	0	0	29443148	0	0	29443148	0	0	/files/mailer.php
1	0	0	1	0	0	29443152	0	0	29443152	0	0	/wp-admin/css/colors/blue/block-css.php?mode=upload
1	0	0	1	0	0	29443166	0	0	29443166	0	0	/wp-includes/class-wp-script-modules.php
1	0	0	1	1	0	29443147	29422676	0	29443147	29422676	0	/wp-includes/Text/about.php
1	0	0	1	0	0	29443154	0	0	29443154	0	0	/index/wp-class.php
1	0	0	1	0	0	29443149	0	0	29443149	0	0	/wp-content/11.php
1	0	0	1	0	0	29443157	0	0	29443157	0	0	/wp-content/1234.php
1	0	0	1	0	0	29443177	0	0	29443177	0	0	/AK-74.php
1	0	0	1	0	0	29443173	0	0	29443173	0	0	/bypass404.php
1	0	0	1	1	0	29443171	29422676	0	29443171	29422676	0	/wp-includes/widgets/index.php
1	0	0	1	0	0	29443168	0	0	29443168	0	0	/wp-includes/js/tinymce/plugins/wordpress/alfa-rex.php
1	0	0	1	0	0	29443164	0	0	29443164	0	0	/wp-includes/SimplePie/src/Net/alfa-rex.php
1	0	0	0	2	0	0	29327560	0	0	29326478	0	http://magentaweb.org:80/web/wp-includes/wlwmanifest.xml
1	0	0	1	0	0	29443146	0	0	29443146	0	0	/baindex.php
1	0	0	1	0	0	29443169	0	0	29443169	0	0	/wp-includes/rest-api/endpoints/class-wp-rest-application-passwords-controller.php
1	0	0	1	0	0	29443149	0	0	29443149	0	0	/infos.php
1	0	0	1	0	0	29443165	0	0	29443165	0	0	/wp-includes/Text/alfa-rex.php
1	0	0	1	0	0	29443148	0	0	29443148	0	0	/wp-content/x/index.php
1	0	0	1	0	0	29443173	0	0	29443173	0	0	/stylec.php
1	0	0	1	0	0	29443171	0	0	29443171	0	0	/uploads/up.php
1	0	0	1	0	0	29443151	0	0	29443151	0	0	/admin/uploads/idx.php
1	0	0	1	0	0	29443147	0	0	29443147	0	0	/wp-admin/sell.php7
1	0	0	1	0	0	29443172	0	0	29443172	0	0	/domain.php
1	0	0	34	9	0	29448121	29426450	0	29426735	29422263	0	/wp-admin/css/about.php
1	0	0	14	9	0	29448121	29426450	0	29426735	29422263	0	/wp-admin/css/colors/blue/
1	0	0	1	0	0	29443158	0	0	29443158	0	0	/image/alf.php
1	0	0	1	0	0	29443156	0	0	29443156	0	0	/wp-admin/xox.php
1	0	0	1	0	0	29445707	0	0	29445707	0	0	/blurbs.php
1	0	0	1	0	0	29443150	0	0	29443150	0	0	/wp-2022.php
1	0	0	1	0	0	29443165	0	0	29443165	0	0	/wp-includes/category.php
1	0	0	1	0	0	29443171	0	0	29443171	0	0	/contacts.php
1	0	0	1	0	0	29443164	0	0	29443164	0	0	/wp-includes/SimplePie/library/SimplePie/XML/about.php
1	0	0	1	0	0	29443147	0	0	29443147	0	0	/wp-content/sell.php7
1	0	0	0	1	0	0	29425682	0	0	29425682	0	/.env.js
1	0	0	1	0	0	29443161	0	0	29443161	0	0	/vendor/filp/whoops/src/Whoops/Resources/about.php
1	0	0	1	0	0	29443166	0	0	29443166	0	0	/wp-includes/css/dist/edit-site/wp-login.php
1	0	0	1	0	0	29443163	0	0	29443163	0	0	/wp-includes/PHPMailer/wp-login.php
1	0	0	1	0	0	29443179	0	0	29443179	0	0	/chosen/wp_error.php
1	0	0	2	14	0	29432254	29424995	0	29430102	29418696	0	/wp-includes/customize/
1	0	0	17	28	0	29448122	29426516	0	29426760	29418694	0	/wp-includes/js/jquery/jquery.php
1	1	1	0	0	29359496	0	0	29359496	0	0	29487	/?topic=dorktest303
1	0	0	1	0	0	29443174	0	0	29443174	0	0	/css/
1	0	0	1	0	0	29443169	0	0	29443169	0	0	/wp-includes/ms-files.php
1	0	0	34	9	0	29448121	29426450	0	29426735	29422142	0	/404.php
1	0	0	0	2	0	0	29337050	0	0	29325030	0	/phpunit/phpunit/src/Util/PHP/eval-stdin.php
1	0	0	1	0	0	29443150	0	0	29443150	0	0	/wp-plugins.php
1	0	0	1	0	0	29443145	0	0	29443145	0	0	/wp-content/uploads/chosen.php
1	0	0	1	0	0	29443168	0	0	29443168	0	0	/wp-includes/js/tinymce/plugins/compat3x/alfa-rex.php
1	0	0	12	10	0	29448122	29426516	0	29426760	29422676	0	/wp-includes/js/dist/
1	0	0	1	0	0	29443158	0	0	29443158	0	0	/image/xxx.php
1	0	0	1	0	0	29443178	0	0	29443178	0	0	/images/wp_configs.php?p=
1	0	0	1	0	0	29443145	0	0	29443145	0	0	/wp-admin/js/widgets/chosen.php
1	0	0	6	18	0	29447926	29424994	0	29431102	29418694	0	/wp-includes/css/index.php
1	0	0	0	10	0	0	29424995	0	0	29418696	0	/wp-includes/Requests/Utility/
1	0	0	1	0	0	29443155	0	0	29443155	0	0	/wp-content/languages/500.php
1	0	0	1	0	0	29443162	0	0	29443162	0	0	/vendor/laminas/laminas-code/src/about.php
1	0	0	1	0	0	29443161	0	0	29443161	0	0	/vendor/laminas/laminas-code/src/Generic/Prototype/alfa-rex.php
1	0	0	1	0	0	29443158	0	0	29443158	0	0	/image/sym403.php
1	0	0	1	0	0	29443162	0	0	29443162	0	0	/wp-admin/includes/class-wp-screen.php
1	0	0	1	0	0	29443169	0	0	29443169	0	0	/wp-includes/rest-api/search/class-wp-rest-post-search-handler.php
1	0	0	1	0	0	29443175	0	0	29443175	0	0	/wp-admin/css/colors/blue/admin-ajax.php
1	0	0	1	0	0	29443150	0	0	29443150	0	0	/css/wp-hoard.php
1	0	0	1	0	0	29443178	0	0	29443178	0	0	/wp-content/wp_configs.php?p=
1	0	0	1	0	0	29443147	0	0	29443147	0	0	/wp-content/languages/ru_RU.php
1	0	0	1	0	0	29443149	0	0	29443149	0	0	/makeasmtp.php?p=
1	0	0	1	0	0	29443172	0	0	29443172	0	0	/123.php
1	0	0	1	0	0	29443158	0	0	29443158	0	0	/image/bb.php
1	0	0	0	2	0	0	29335107	0	0	29334406	0	/configs/routes-4aug.js
1	0	0	1	0	0	29443154	0	0	29443154	0	0	/tmp/r1z.php
1	0	0	1	0	0	29443172	0	0	29443172	0	0	/rootshell.php
1	0	0	1	0	0	29443177	0	0	29443177	0	0	/raw.php
1	0	0	1	0	0	29443156	0	0	29443156	0	0	/wp-includes/xleet.php
1	0	0	1	0	0	29443148	0	0	29443148	0	0	/wp-admin/maint/themes.php
1	0	0	1	0	0	29443147	0	0	29443147	0	0	/wp-admin/css/wp-abupee.php
1	0	0	1	0	0	29443167	0	0	29443167	0	0	/wp-includes/customize/class-wp-customize-themes-panel.php
1	0	0	1	0	0	29443157	0	0	29443157	0	0	/wp-includes/haxor.php
1	0	0	1	0	0	29443174	0	0	29443174	0	0	/wp-admin/user/wp-ver.php
1	0	0	1	0	0	29443146	0	0	29443146	0	0	/V5.php
1	0	0	0	2	0	0	29425682	0	0	29419755	0	/dashboard/info.php
1	0	0	1	0	0	29443156	0	0	29443156	0	0	/wp-admin/www.php
1	0	0	20	0	0	29444889	0	0	29429169	0	0	/wp-admin/css
1	0	0	0	2	0	0	29335107	0	0	29334406	0	/gatsby-config.js
1	0	0	1	0	0	29443155	0	0	29443155	0	0	/wp-content/plugins/akismet/tmp/d.php
1	0	0	1	0	0	29445707	0	0	29445707	0	0	/wp-admin/admin-ajax.php
1	0	0	1	0	0	29443153	0	0	29443153	0	0	/ajaxfilemanager/block-css.php?mode=upload
1	0	0	1	0	0	29443162	0	0	29443162	0	0	/wp-admin/includes/class-automatic-upgrader-skin.php
1	0	0	1	0	0	29443152	0	0	29443152	0	0	/wp-content/languages/themes/Chitoge.php
1	0	0	1	0	0	29443170	0	0	29443170	0	0	/wp-includes/sodium_compat/namespaced/Core/Curve25519/wp-log1n.php
1	0	0	1	0	0	29443148	0	0	29443148	0	0	/wp-includes/themes.php
1	0	0	1	0	0	29443179	0	0	29443179	0	0	/ak47shell.php
1	0	0	1	0	0	29443155	0	0	29443155	0	0	/wp-content/plugins/akismet/Sec-War.php
1	0	0	1	0	0	29443173	0	0	29443173	0	0	/main.php
1	0	0	1	0	0	29443150	0	0	29443150	0	0	/wp-admin/css/colors/blue/wp_filemanager.php
1	0	0	1	0	0	29443161	0	0	29443161	0	0	/vendor/iankumu/mpesa/src/Facades/about.php
1	0	0	1	0	0	29443178	0	0	29443178	0	0	/wp-admin/includes/wp-sys.php?p=
1	0	0	0	1	0	0	29422143	0	0	29422143	0	/network_xo.php
1	0	0	1	0	0	29443171	0	0	29443171	0	0	/7index.php
1	0	0	0	2	0	0	29335105	0	0	29334406	0	/js/.env
1	0	0	1	0	0	29443146	0	0	29443146	0	0	/wp-admin/maint/atomlib.php
1	0	0	1	0	0	29443167	0	0	29443167	0	0	/wp-includes/customize/class-wp-customize-nav-menu-item-control.php
1	0	0	1	0	0	29443166	0	0	29443166	0	0	/wp-includes/css/dist/wp-login.php
1	0	0	1	0	0	29443166	0	0	29443166	0	0	/wp-includes/class-wp-user-request.php
1	0	0	0	2	0	0	29337050	0	0	29325030	0	/panel/vendor/phpunit/phpunit/src/Util/PHP/eval-stdin.php
1	0	0	1	0	0	29443161	0	0	29443161	0	0	/vendor/doctrine/inflector/lib/Doctrine/Inflector/alfa-rex.php
1	0	0	1	0	0	29443172	0	0	29443172	0	0	/caches.php
1	0	0	1	0	0	29443147	0	0	29443147	0	0	/ALFA_DATA/alfacgiapi/perl.alfa"
1	0	0	1	0	0	29443159	0	0	29443159	0	0	/images/alf.php
1	0	0	1	0	0	29443165	0	0	29443165	0	0	/wp-includes/class-wp-http-proxy.php
1	0	0	1	0	0	29443148	0	0	29443148	0	0	/wp-content/plugins/alfa-rex.php
1	0	0	1	0	0	29443178	0	0	29443178	0	0	/assets/images/xl2024.php
1	0	0	1	0	0	29443166	0	0	29443166	0	0	/wp-includes/class-wp-locale-switcher.php
1	0	0	1	0	0	29443165	0	0	29443165	0	0	/wp-includes/class-wp-block-bindings-registry.php
1	0	0	1	0	0	29443173	0	0	29443173	0	0	/dxshell.php
1	0	0	1	0	0	29443161	0	0	29443161	0	0	/vendor/egulias/email-validator/src/Warning/alfa-rex.php
1	0	0	1	0	0	29443170	0	0	29443170	0	0	/wp-includes/sodium_compat/namespaced/Core/ChaCha20/wp-login.php
1	0	0	1	0	0	29443167	0	0	29443167	0	0	/wp-includes/default-constants.php
1	0	0	15	20	0	29449657	29426516	0	29426760	29418695	0	/xmlrpc.php
1	0	0	1	0	0	29443179	0	0	29443179	0	0	/wp-admin/maint/a.php
1	0	0	0	1	0	0	29412190	0	0	29412190	0	/icons/.%2e/.e2e/.e2e/.e2e/.e2e/.e2e/.e2e/etc/passwd
1	0	0	1	0	0	29443154	0	0	29443154	0	0	/tmp/king.php
1	0	0	1	0	0	29443160	0	0	29443160	0	0	/vendor/bensampo/laravel-enum/src/alfa-rex.php
1	0	0	1	0	0	29443159	0	0	29443159	0	0	/images/nasgor.php
1	0	0	1	0	0	29443160	0	0	29443160	0	0	/vendor/composer/class-map-generator/src/alfa-rex.php
1	0	0	1	0	0	29443171	0	0	29443171	0	0	/fx.php
1	0	0	1	0	0	29443149	0	0	29443149	0	0	/wp-content/plugins/hellopress/023ws.php
1	0	0	1	0	0	29443159	0	0	29443159	0	0	/images/xxx.php
1	0	0	1	0	0	29443151	0	0	29443151	0	0	/admin/uploads/mini.php
1	0	0	1	0	0	29443148	0	0	29443148	0	0	/defaul1.php
1	1	0	0	0	29403918	0	0	29403918	0	0	64	/.well-known/acme-challenge/A-DR5_-YOW_V--CFUGW576BTCKWFR8LF
1	0	0	1	0	0	29443153	0	0	29443153	0	0	/wp-content/languages/plugins.php
1	0	0	1	0	0	29443154	0	0	29443154	0	0	/wp-content/plugins/WordPressCore/include.php
1	0	0	1	0	0	29443174	0	0	29443174	0	0	/components/com_newsfeeds/models/indexx.php
1	0	0	19	26	0	29448121	29426450	0	29426735	29387370	0	/images/
1	0	0	1	0	0	29443173	0	0	29443173	0	0	/wp-includes/certificates/class_appfun.php
1	0	0	1	0	0	29443171	0	0	29443171	0	0	/p-includes/PHPMailer/zmFM.php
1	0	0	1	0	0	29443158	0	0	29443158	0	0	/image/ws.php
1	0	0	1	0	0	29443163	0	0	29443163	0	0	/wp-includes/IXR/class-IXR-message.php
1	0	0	1	0	0	29443167	0	0	29443167	0	0	/wp-includes/fonts/alfa-rex.php
1	0	0	20	0	0	29444889	0	0	29429169	0	0	/wp-includes/images
1	0	0	1	0	0	29443162	0	0	29443162	0	0	/wp-admin/css/colors/ocean/alfa-rex.php
1	0	0	1	0	0	29443148	0	0	29443148	0	0	/wp-config-sample.php
1	0	0	1	0	0	29443146	0	0	29443146	0	0	/minimo.php
1	0	0	1	0	0	29443162	0	0	29443162	0	0	/wp-admin/includes/class-ftp-pure.php
1	0	0	1	0	0	29443169	0	0	29443169	0	0	/wp-includes/sitemaps/providers/about.php
1	0	0	1	0	0	29443177	0	0	29443177	0	0	/wp-admin/upl.php
1	0	0	0	2	0	0	29319070	0	0	29318377	0	/sellers.json
1	0	0	1	0	0	29443168	0	0	29443168	0	0	/wp-includes/l10n/class-wp-translation-controller.php
1	0	0	1	0	0	29443151	0	0	29443151	0	0	/uploaded_script.php
1	0	0	1	0	0	29443157	0	0	29443157	0	0	/wp-content/z.php
1	0	0	0	2	0	0	29335106	0	0	29334406	0	/config.env
1	0	0	20	0	0	29444889	0	0	29429169	0	0	/wp-includes/blocks/code
1	0	0	0	2	0	0	29335108	0	0	29334406	0	/user/controllers/index.js
1	0	0	1	0	0	29443175	0	0	29443175	0	0	/tiny_mce/plugins/ajaxfilemanager/admin-ajax.php
1	0	0	1	0	0	29443159	0	0	29443159	0	0	/images/z.php
1	0	0	1	0	0	29443165	0	0	29443165	0	0	/wp-includes/block-supports/shadow.php
1	0	0	1	0	0	29443179	0	0	29443179	0	0	/wp-includes/rest-api/wp_error.php
1	0	0	0	108	0	0	29423927	0	0	29317389	0	/xmlrpc.php?rsd
1	0	0	1	0	0	29443172	0	0	29443172	0	0	/wp-content/plugins/upspy/sllolx.php
1	0	0	41	27	0	29449657	29426450	0	29426735	29418693	0	/goods.php
1	0	0	1	0	0	29443164	0	0	29443164	0	0	/wp-includes/SimplePie/library/SimplePie/XML/alfa-rex.php
1	0	0	39	27	0	29448121	29426450	0	29426735	29418693	0	/chosen.php
1	0	0	2	0	0	29432254	0	0	29430102	0	0	/wp-content/plugins/HelloDollyV2/
1	0	0	1	0	0	29443175	0	0	29443175	0	0	/load-scripts.php
1	0	0	1	0	0	29443176	0	0	29443176	0	0	/wp-admin/css/colors/coffee/xxx.php
1	0	0	1	0	0	29443172	0	0	29443172	0	0	/wp-rss.php
1	0	0	1	0	0	29443152	0	0	29443152	0	0	/wp-includes/network.php
1	0	0	1	0	0	29443177	0	0	29443177	0	0	/tgh.php
1	0	0	0	1	0	0	29414139	0	0	29414139	0	/news/events
1	0	0	1	0	0	29443168	0	0	29443168	0	0	/wp-includes/js/tinymce/skins/lightgray/img/alfa-rex.php
1	0	0	1	0	0	29443177	0	0	29443177	0	0	/wp-includes/shell.php
1	0	0	1	0	0	29443153	0	0	29443153	0	0	/hoot.php
1	0	0	1	0	0	29443156	0	0	29443156	0	0	/wp-admin/if.php
1	0	0	1	0	0	29443174	0	0	29443174	0	0	/wp-content/plugins/wp-ver.php
1	0	0	1	0	0	29443170	0	0	29443170	0	0	/wp-includes/widgets/alfa-rex.php
1	0	0	1	0	0	29443153	0	0	29443153	0	0	/docs/docs/alfa-rex.php8
1	0	0	1	0	0	29438116	0	0	29438116	0	0	/.vscode/ftp-config.json
1	0	0	1	0	0	29443170	0	0	29443170	0	0	/alfa-rex.PhP7
1	0	0	1	0	0	29443153	0	0	29443153	0	0	/docs/docs/alfa-rex.php7
1	0	0	1	0	0	29443157	0	0	29443157	0	0	/wp-content/u.php
1	0	0	1	0	0	29443157	0	0	29443157	0	0	/wp-includes/3301.php
1	0	0	1	0	0	29443166	0	0	29443166	0	0	/wp-includes/class-wp-user.php
1	0	0	1	0	0	29443178	0	0	29443178	0	0	/admin/wp-sys.php?p=
1	0	0	1	0	0	29443170	0	0	29443170	0	0	/wp-includes/widgets/class-wp-widget-categories.php
1	0	0	1	0	0	29443178	0	0	29443178	0	0	/wp-admin/maint/crack_self_restore.php
1	0	0	1	0	0	29443154	0	0	29443154	0	0	/c100.php
1	0	0	1	0	0	29443177	0	0	29443177	0	0	/.well-known/x.php
1	0	0	1	0	0	29443159	0	0	29443159	0	0	/images/u.php
1	0	0	1	0	0	29443147	0	0	29443147	0	0	/wp-includes/style-engine/about.php
1	0	0	1	0	0	29443166	0	0	29443166	0	0	/wp-includes/class-wp-image-editor.php
1	0	0	1	0	0	29443165	0	0	29443165	0	0	/wp-includes/block-supports/duotone.php
1	0	0	1	0	0	29443175	0	0	29443175	0	0	/redirect.php?url=http:/golem.com
1	0	0	1	0	0	29443158	0	0	29443158	0	0	/image/wi.php
1	0	0	1	0	0	29443161	0	0	29443161	0	0	/vendor/filp/whoops/src/Whoops/about.php
1	0	0	1	0	0	29443164	0	0	29443164	0	0	/wp-includes/SimplePie/src/Gzdecode.php
1	0	0	1	0	0	29443156	0	0	29443156	0	0	/wp-admin/nee.php
1	0	0	1	0	0	29443147	0	0	29443147	0	0	/wp-admin/js/about.php
1	0	0	1	0	0	29443161	0	0	29443161	0	0	/vendor/laminas/laminas-code/src/Generic/Prototype/about.php
1	0	0	1	0	0	29443147	0	0	29443147	0	0	/wp-24.php
1	0	0	0	3	0	0	29377037	0	0	29320018	0	/blog/wp-admin/install.php?step=1&language=en_GB
1	0	0	1	0	0	29443161	0	0	29443161	0	0	/vendor/iankumu/mpesa/tests/about.php
1	0	0	1	0	0	29443163	0	0	29443163	0	0	/wp-content/uploads/sts.php
1	0	0	1	0	0	29443178	0	0	29443178	0	0	/about/wp-term.php
1	0	0	1	0	0	29443157	0	0	29443157	0	0	/wp-content/p.php
1	0	0	1	0	0	29443175	0	0	29443175	0	0	/api/kfile/index.php?user/login
1	0	0	0	2	0	0	29327560	0	0	29326478	0	http://magentaweb.org:80/cms/wp-includes/wlwmanifest.xml
1	0	0	1	0	0	29443155	0	0	29443155	0	0	/wp-admin/c99.php
1	0	0	1	0	0	29443164	0	0	29443164	0	0	/wp-includes/SimplePie/src/Cache/MySQL.php
1	0	0	1	0	0	29443160	0	0	29443160	0	0	/vendor/bensampo/laravel-enum/src/Contracts/alfa-rex.php
1	0	0	1	0	0	29443159	0	0	29443159	0	0	/images/p.php
1	0	0	1	0	0	29443173	0	0	29443173	0	0	/cylul.php
1	0	0	1	0	0	29443176	0	0	29443176	0	0	/snd21.php
1	0	0	1	0	0	29443171	0	0	29443171	0	0	/libraries/joomla/jmails.php
1	0	0	1	0	0	29443162	0	0	29443162	0	0	/wp-admin/includes/class-wp-privacy-requests-table.php
1	0	0	1	0	0	29443158	0	0	29443158	0	0	/wp-content/sendmail.php
1	0	0	0	1	0	0	29335908	0	0	29335908	0	/phpversion.php
1	0	0	1	0	0	29443161	0	0	29443161	0	0	/vendor/iankumu/alfa-rex.php
1	0	0	40	28	0	29448122	29426516	0	29426760	29418694	0	/wp-includes/customize/chosen.php
1	0	0	1	0	0	29443171	0	0	29443171	0	0	/wp-content/plugins/widget-logic/mini.php
1	0	0	1	0	0	29443171	0	0	29443171	0	0	/wp-admin/fw.php
1	0	0	1	0	0	29443175	0	0	29443175	0	0	/wp-content/plugins/TOPXOH/wDR.php
1	0	0	1	0	0	29443175	0	0	29443175	0	0	/wp-content/plugins/zaen/includes/loadme.php
1	0	0	1	0	0	29443152	0	0	29443152	0	0	/wp-admin/maint/block-css.php?mode=upload
1	0	0	1	0	0	29443154	0	0	29443154	0	0	/gaza.php
1	0	0	1	0	0	29443167	0	0	29443167	0	0	/wp-includes/js/codemirror/alfa-rex.php
1	0	0	1	0	0	29443157	0	0	29443157	0	0	/wp-content/k.php
1	0	0	1	0	0	29443153	0	0	29443153	0	0	/cms/tiny_mce/plugins/ajaxfilemanager/rk2.php
1	0	0	1	0	0	29443148	0	0	29443148	0	0	/wp-admin/images/wp-login.php
1	0	0	1	0	0	29443148	0	0	29443148	0	0	/alfanew.PhP7
1	0	0	1	0	0	29443175	0	0	29443175	0	0	/options-permalink.php
1	0	0	1	0	0	29443149	0	0	29443149	0	0	/wp-admin/network/023ws.php
1	0	0	1	0	0	29443158	0	0	29443158	0	0	/image/anone.php
1	0	0	1	0	0	29443161	0	0	29443161	0	0	/vendor/dragonmantank/cron-expression/src/Cron/about.php
1	0	0	1	0	0	29443159	0	0	29443159	0	0	/images/k.php
1	0	0	1	0	0	29443179	0	0	29443179	0	0	/byps.php
1	0	0	1	0	0	29443145	0	0	29443145	0	0	/wp-easy.php
1	0	0	1	0	0	29443157	0	0	29443157	0	0	/wp-includes/new.php
1	0	0	1	0	0	29443164	0	0	29443164	0	0	/wp-includes/Text/Diff/wp-login.php
1	0	0	1	0	0	29443174	0	0	29443174	0	0	/wp-includes/SimplePie/wp-ver.php
1	0	0	0	1	0	0	29324660	0	0	29324660	0	/wordpress/wp-admin/setup-config.php?176.53.222.109
1	0	0	1	0	0	29443179	0	0	29443179	0	0	/wp-content/plugins/aryabot/upx.php
1	0	0	0	1	0	0	29422263	0	0	29422263	0	/wp-admin/wp-login.php
1	0	0	1	0	0	29443145	0	0	29443145	0	0	/sym403.php
1	0	0	1	0	0	29443164	0	0	29443164	0	0	/wp-includes/SimplePie/src/Restriction.php
1	0	0	1	0	0	29443152	0	0	29443152	0	0	/about/block-css.php?mode=upload
1	0	0	1	0	0	29443161	0	0	29443161	0	0	/vendor/iankumu/about.php
1	0	0	1	0	0	29443168	0	0	29443168	0	0	/wp-includes/js/tinymce/utils/alfa-rex.php
1	0	0	1	0	0	29443177	0	0	29443177	0	0	/email_v2/js/tiny_mce/plugins/ajaxfilemanager/nav.php
1	0	0	1	0	0	29443146	0	0	29443146	0	0	/hello.php
1	0	0	1	0	0	29443157	0	0	29443157	0	0	/wp-content/f.php
1	0	0	1	0	0	29443152	0	0	29443152	0	0	/wp-includes/atomlib.php
1	0	0	1	0	0	29443153	0	0	29443153	0	0	/wp-admin/css/colors/ectoplasm/lofter.php
1	0	0	1	0	0	29443155	0	0	29443155	0	0	/wp-content/plugins/akismet/tmp/root.php
1	0	0	1	0	0	29443168	0	0	29443168	0	0	/wp-includes/js/tinymce/plugins/wpautoresize/alfa-rex.php
1	0	0	1	0	0	29443151	0	0	29443151	0	0	/cinta.php
1	0	0	1	0	0	29443175	0	0	29443175	0	0	/jscript/tiny_mce/plugins/ajaxfilemanager/admin-ajax.php
1	0	0	1	0	0	29443161	0	0	29443161	0	0	/vendor/doctrine/inflector/lib/Doctrine/Inflector/about.php
1	0	0	1	0	0	29443152	0	0	29443152	0	0	/wp-includes/inputs.php
1	0	0	1	0	0	29443159	0	0	29443159	0	0	/images/f.php
1	0	0	1	0	0	29443148	0	0	29443148	0	0	/.well-known/class.api.php
1	0	0	1	0	0	29443163	0	0	29443163	0	0	/wp-includes/Requests/src/Exception/Transport.php
1	0	0	1	0	0	29443156	0	0	29443156	0	0	/wp-includes/z.php
1	0	0	1	0	0	29443164	0	0	29443164	0	0	/wp-includes/SimplePie/library/SimplePie/Decode/HTML/alfa-rex.php
1	0	0	1	0	0	29443165	0	0	29443165	0	0	/wp-includes/assets/script-loader-react-refresh-runtime.min.php
1	0	0	1	0	0	29443168	0	0	29443168	0	0	/wp-includes/js/tinymce/plugins/fullscreen/about.php
1	0	0	1	0	0	29443150	0	0	29443150	0	0	/wp-admin/maint/upfile.php
1	0	0	0	1	0	0	29422676	0	0	29422676	0	/wp-includes/blocks/tag-cloud/about.php
1	0	0	0	10	0	0	29424995	0	0	29418696	0	/wp-includes/Requests/Exception/HTTP/
1	0	0	0	2	0	0	29335107	0	0	29334406	0	/server-info
1	0	0	1	0	0	29443161	0	0	29443161	0	0	/vendor/doctrine/inflector/lib/Doctrine/Inflector/Rules/about.php
1	0	0	1	0	0	29438116	0	0	29438116	0	0	/.vscode/ftp-sync.json
1	0	0	1	0	0	29443157	0	0	29443157	0	0	/wp-content/a.php
1	0	0	1	0	0	29443165	0	0	29443165	0	0	/wp-includes/assets/alfa-rex.php
1	0	0	1	0	0	29443173	0	0	29443173	0	0	/forbiden.php
1	0	0	1	0	0	29443154	0	0	29443154	0	0	/wp-includes/IXR/wp-login.php
1	0	0	1	0	0	29443159	0	0	29443159	0	0	/images/a.php
1	0	0	1	0	0	29443170	0	0	29443170	0	0	/wp-includes/sodium_compat/src/Core32/about.php
1	0	0	19	23	0	29448122	29426516	0	29426760	29418695	0	/wp-includes/js/crop/
1	0	0	1	0	0	29443160	0	0	29443160	0	0	/wp-content/plugins/autoload_classmap.php
1	0	0	1	0	0	29443156	0	0	29443156	0	0	/wp-includes/u.php
1	0	0	1	0	0	29443176	0	0	29443176	0	0	/gelay.php
1	0	0	1	0	0	29443149	0	0	29443149	0	0	/wp-content/plugins/column/miin.php
1	0	0	5	0	0	29444852	0	0	29443260	0	0	/asasx.php
1	0	0	2	0	0	29449657	0	0	29449110	0	0	/htaccess.php
1	0	0	1	0	0	29443162	0	0	29443162	0	0	/wp-admin/includes/class-wp-upgrader-skin.php
1	0	0	1	0	0	29443159	0	0	29443159	0	0	/image/alexus.php
1	0	0	1	0	0	29443147	0	0	29443147	0	0	/wp-admin/network/pomo.php
1	0	0	1	0	0	29443150	0	0	29443150	0	0	/css/wp_project.php
1	0	0	1	0	0	29443180	0	0	29443180	0	0	/cp.php
1	0	0	1	0	0	29443177	0	0	29443177	0	0	/wp-content/nav.php
1	0	0	1	0	0	29443173	0	0	29443173	0	0	/by.php
1	0	0	2	10	0	29432254	29424995	0	29430102	29418696	0	/wp-includes/images/smilies/
1	0	0	1	0	0	29443148	0	0	29443148	0	0	/fm1.php
1	0	0	1	0	0	29443166	0	0	29443166	0	0	/wp-includes/class-wp-role.php
1	0	0	1	0	0	29443176	0	0	29443176	0	0	/plugins.php
1	0	0	1	0	0	29443162	0	0	29443162	0	0	/wp-admin/includes/class-wp-plugin-install-list-table.php
1	0	0	1	0	0	29443148	0	0	29443148	0	0	/wp-content/wso.php
1	0	0	0	12	0	0	29424994	0	0	29418694	0	/wp-includes/customize/class-wp-customize-media-icon-control.php
1	0	0	1	0	0	29443161	0	0	29443161	0	0	/vendor/laminas/laminas-code/src/Generator/TypeGenerator/about.php
1	0	0	33	10	0	29448122	29426516	0	29426760	29422677	0	/wp-signin.php
1	0	0	1	0	0	29443166	0	0	29443166	0	0	/wp-includes/customize/class-wp-customize-filter-setting.php
1	1	1	0	0	29359496	0	0	29359496	0	0	29487	/?desc=dorktest303
1	0	0	0	2	0	0	29327560	0	0	29326478	0	http://magentaweb.org:80/site/wp-includes/wlwmanifest.xml
1	0	0	1	0	0	29443156	0	0	29443156	0	0	/wp-includes/p.php
1	0	0	1	0	0	29443149	0	0	29443149	0	0	/.well-known/acme-challenge/moon.php
1	0	0	1	0	0	29443163	0	0	29443163	0	0	/wp-includes/SimplePie/autoloader.php
1	0	0	1	0	0	29443154	0	0	29443154	0	0	/wp-class.php
1	0	0	0	12	0	0	29424994	0	0	29418695	0	/wp-includes/wp-db-array.php
1	0	0	1	0	0	29443179	0	0	29443179	0	0	/wp-admin/css/bhx1.php
1	0	0	1	0	0	29443146	0	0	29443146	0	0	/xox.php
1	0	0	7	10	0	29449657	29424995	0	29443260	29418696	0	/wp-includes/style-engine/
1	0	0	1	0	0	29443156	0	0	29443156	0	0	/wp-admin/alex.php
1	0	0	1	0	0	29443177	0	0	29443177	0	0	/alfav4.1-tesla.php
1	0	0	1	0	0	29443148	0	0	29443148	0	0	/avaa.php
1	0	0	1	0	0	29443154	0	0	29443154	0	0	/wp-content/plugins/disqus-comment-system/tmp/index.php
1	0	0	0	1	0	0	29361811	0	0	29361811	0	/phpinfo.php.bak
1	0	0	3	0	0	29449657	0	0	29443173	0	0	/db.php
1	0	0	1	0	0	29443167	0	0	29443167	0	0	/wp-includes/js/crop/wp-login.php
1	0	0	1	0	0	29443148	0	0	29443148	0	0	/wp-includes/pomo/class.api.php
1	0	0	1	0	0	29443147	0	0	29443147	0	0	/wp-content/themes/wp-logout.php
1	0	0	1	0	0	29443173	0	0	29443173	0	0	/user.php
1	0	0	1	0	0	29443172	0	0	29443172	0	0	/creates.php
1	0	0	1	0	0	29443155	0	0	29443155	0	0	/wp-content/plugins/akismet/tmp/2.php
1	0	0	1	0	0	29443175	0	0	29443175	0	0	/wordpress/fw.php
1	1	1	0	0	29359495	0	0	29359495	0	0	29487	/?product=dorktest303
1	0	0	1	0	0	29443152	0	0	29443152	0	0	/embed-template-core.php
1	0	0	1	0	0	29443145	0	0	29443145	0	0	/alwso.php
1	0	0	1	0	0	29443151	0	0	29443151	0	0	/tiny_mce/plugins/ajaxfilemanager/ajaxfilemanager.php
1	0	0	0	2	0	0	29337050	0	0	29325030	0	/vendor/phpunit/phpunit/src/Util/PHP/eval-stdin.php
1	0	0	1	0	0	29443156	0	0	29443156	0	0	/wp-includes/k.php
1	0	0	0	1	0	0	29410900	0	0	29410900	0	/admin_login
1	0	0	1	0	0	29443166	0	0	29443166	0	0	/wp-includes/css/dist/block-library/alfa-rex.php
1	0	0	29	1114	0	29449335	29423735	0	29409209	29318547	0	/wp-admin/setup-config.php
1	0	0	1	0	0	29443168	0	0	29443168	0	0	/wp-includes/js/tinymce/plugins/wptextpattern/alfa-rex.php
1	0	0	1	0	0	29443169	0	0	29443169	0	0	/wp-includes/rest-api/class-wp-rest-response.php
1	0	0	1	0	0	29443172	0	0	29443172	0	0	/use.php
1	0	0	1	0	0	29443154	0	0	29443154	0	0	/wp-content/plugins/disqus-comment-system/tmp/cpn.php
1	0	0	1	0	0	29443170	0	0	29443170	0	0	/wp-content/plugins/css-ready/file.php
1	0	0	0	1	0	0	29387370	0	0	29387370	0	/media/
1	0	0	3	8	0	29443153	29426516	0	29429392	29422263	0	/wp-content/plugins/pwnd/pwnd.php
1	1	0	0	0	29403918	0	0	29403918	0	0	64	/.well-known/acme-challenge/LHPOX6S31Y0_-JXDHMH03L3K0E25YFUV
1	0	0	1	0	0	29443175	0	0	29443175	0	0	/edit-tags.php
1	0	0	1	0	0	29443148	0	0	29443148	0	0	/about.php7
1	0	0	1	0	0	29443175	0	0	29443175	0	0	/phpsender.php
1	0	0	1	0	0	29443152	0	0	29443152	0	0	/wp-includes/customize/Chitoge.php
1	0	0	0	2	0	0	29365100	0	0	29365100	0	/ozgcxtnw
1	0	0	1	0	0	29443163	0	0	29443163	0	0	/wp-includes/Requests/src/Response/Headers.php
1	0	0	1	0	0	29443169	0	0	29443169	0	0	/wp-includes/sodium_compat/lib/about.php
1	0	0	1	0	0	29443173	0	0	29443173	0	0	/bps.php
1	0	0	1	0	0	29443168	0	0	29443168	0	0	/wp-includes/js/tinymce/skins/lightgray/fonts/wp-login.php
1	0	0	1	0	0	29443177	0	0	29443177	0	0	/index/nav.php
1	0	0	1	0	0	29443170	0	0	29443170	0	0	/wp-content/plugins/vwcleanerplugin/bump.php?cache
1	0	0	1	0	0	29443147	0	0	29443147	0	0	/wp-admin/css/colors/wp-abupee.php
1	0	0	1	0	0	29443171	0	0	29443171	0	0	/marijuana.php
1	0	0	0	1	0	0	29337050	0	0	29337050	0	/tools/config.json
1	0	0	1	0	0	29443163	0	0	29443163	0	0	/wp-includes/Requests/src/Cookie/about.php
1	0	0	20	0	0	29444889	0	0	29429169	0	0	/wp-includes/IXR
1	0	0	1	0	0	29443150	0	0	29443150	0	0	/css/dbtoolkit_import.php
1	0	0	1	0	0	29443179	0	0	29443179	0	0	/wp-includes/customize/wp_error.php
1	0	0	1	0	0	29443169	0	0	29443169	0	0	/wp-includes/sitemaps/class-wp-sitemaps-provider.php
1	0	0	1	0	0	29443174	0	0	29443174	0	0	/chosen/classwithtostring.php
1	0	0	1	0	0	29443156	0	0	29443156	0	0	/wp-includes/f.php
1	0	0	1	0	0	29443165	0	0	29443165	0	0	/wp-includes/block-patterns/wp-login.php
1	0	0	1	12	0	29443148	29425488	0	29443148	29418693	0	/wp-admin/network/index.php
1	0	0	1	0	0	29443145	0	0	29443145	0	0	/xmrlpc.php?p=
1	0	0	1	0	0	29443154	0	0	29443154	0	0	/madspotshell.php
1	0	0	5	7	0	29443146	29426516	0	29426853	29425839	0	/www.php
1	0	0	3	20	0	29435209	29435162	0	29433306	29319170	0	/sitemap.xml
1	0	0	1	0	0	29443177	0	0	29443177	0	0	/73.php
1	0	0	1	0	0	29443158	0	0	29443158	0	0	/image/symlink.php
1	0	0	1	0	0	29443169	0	0	29443169	0	0	/wp-includes/rest-api/class-wp-rest-request.php
1	0	0	0	2	0	0	29337049	0	0	29325030	0	/v2/.env
1	0	0	1	0	0	29443156	0	0	29443156	0	0	/wp-admin/anone.php
1	0	0	1	0	0	29443172	0	0	29443172	0	0	/as.php
1	0	0	1	0	0	29443156	0	0	29443156	0	0	/wp-admin/wp-wso.php
1	0	0	1	0	0	29443162	0	0	29443162	0	0	/wp-admin/includes/deprecated.php
1	0	0	1	0	0	29443171	0	0	29443171	0	0	/lab.php
1	0	0	1	0	0	29443153	0	0	29443153	0	0	/wp-content/plugins/core-plugin/include.php
1	0	0	1	0	0	29443158	0	0	29443158	0	0	/wp-content/anone.php
1	0	0	1	0	0	29443163	0	0	29443163	0	0	/wp-includes/PHPMailer/about.php
1	0	0	1	0	0	29443160	0	0	29443160	0	0	/vendor/brick/math/src/Exception/alfa-rex.php
1	0	0	1	0	0	29443156	0	0	29443156	0	0	/wp-includes/a.php
1	0	0	1	0	0	29443150	0	0	29443150	0	0	/wp-hoard.php
1	0	0	1	0	0	29443161	0	0	29443161	0	0	/vendor/laminas/laminas-code/src/Generator/alfa-rex.php
1	0	0	1	0	0	29443151	0	0	29443151	0	0	/wp-content/plugins/revslider/includes/external/page/up.php
1	0	0	1	0	0	29443175	0	0	29443175	0	0	/wp-content/themes/skatepark/db.php?u
1	0	0	1	0	0	29443151	0	0	29443151	0	0	/wwr.php
1	0	0	1	0	0	29443159	0	0	29443159	0	0	/image/.wp-cache.php
1	0	0	0	2	0	0	29327560	0	0	29326478	0	http://magentaweb.org:80/wp-includes/ID3/license.txt
1	0	0	1	0	0	29443164	0	0	29443164	0	0	/wp-includes/SimplePie/library/SimplePie/Copyright.php
1	0	0	1	0	0	29443160	0	0	29443160	0	0	/wp-includes/customize/autoload_classmap.php
1	0	0	1	0	0	29443164	0	0	29443164	0	0	/wp-includes/SimplePie/src/Parse/Date.php
1	0	0	1	0	0	29443166	0	0	29443166	0	0	/wp-includes/class-wp-oembed.php
1	0	0	1	0	0	29443174	0	0	29443174	0	0	/cgi.php
1	0	0	0	3	0	0	29377037	0	0	29320018	0	/old/wp-admin/setup-config.php?step=1&language=en_GB
1	0	0	1	0	0	29443162	0	0	29443162	0	0	/vendor/laminas/laminas-code/src/Reflection/Exception/about.php
1	0	0	1	0	0	29443171	0	0	29443171	0	0	/fw.ph
1	0	0	0	1	0	0	29443152	0	0	29443152	0	/.well-known/pki-validation/block-css.php?mode=upload
1	0	0	0	2	0	0	29335105	0	0	29334406	0	/xampp/phpinfo.php
1	0	0	1	0	0	29443165	0	0	29443165	0	0	/wp-includes/category-template.php
1	0	0	1	0	0	29443173	0	0	29443173	0	0	/wp-includes/SimplePie/class_appfun.php
1	0	0	1	0	0	29443158	0	0	29443158	0	0	/wp-content/kn.php
1	0	0	0	15	0	0	29407670	0	0	29326904	0	/media/system/js/core.js
1	0	0	1	0	0	29443167	0	0	29443167	0	0	/wp-includes/customize/class-wp-customize-new-menu-control.php
1	0	0	2	1	0	29449657	29422263	0	29449111	29422263	0	/wp-content/plugins/about.php
1	0	0	1	0	0	29443177	0	0	29443177	0	0	/tiny_mce/plugins/ajaxfilemanager/nav.php
1	0	0	1	0	0	29443174	0	0	29443174	0	0	/chosen/wp-ver.php
1	0	0	1	0	0	29443147	0	0	29443147	0	0	/wp-content/alfacgiapi/perl.alfa
1	0	0	1	0	0	29443160	0	0	29443160	0	0	/wp-content/languages/themes/autoload_classmap.php
1	0	0	1	0	0	29443178	0	0	29443178	0	0	/wp-admin/maint/byp.php?p=
1	0	0	0	1	0	0	29404148	0	0	29404148	0	/.well-known/autoconfig/mail/config-v1.1.xml?emailaddress=insertemailaddress@magentaweb.org
1	0	0	1	0	0	29443150	0	0	29443150	0	0	/g3.php
1	0	0	1	0	0	29443148	0	0	29443148	0	0	/wp-includes/IXR/themes.php
1	0	0	1	0	0	29443148	0	0	29443148	0	0	/wp-admin/.LuFix-983426.php
1	0	0	1	0	0	29443174	0	0	29443174	0	0	/black.php
1	0	0	1	0	0	29443158	0	0	29443158	0	0	/image/z.php
1	0	0	1	0	0	29443160	0	0	29443160	0	0	/vendor/dflydev/dot-access-data/src/Exception/alfa-rex.php
1	0	0	1	0	0	29443172	0	0	29443172	0	0	/wp-configss2.php
1	0	0	1	0	0	29443151	0	0	29443151	0	0	/admin/img/mini.php
1	0	0	1	0	0	29443157	0	0	29443157	0	0	/wp-includes/if.php
1	0	0	1	0	0	29443167	0	0	29443167	0	0	/wp-includes/js/about.php
1	0	0	1	0	0	29443170	0	0	29443170	0	0	/wp-includes/template.php
1	0	0	1	0	0	29443170	0	0	29443170	0	0	/wp-includes/widgets/class-wp-widget-archives.php
1	0	0	1	0	0	29443168	0	0	29443168	0	0	/wp-includes/js/tinymce/plugins/hr/wp-login.php
1	0	0	0	28	0	0	29422548	0	0	29317392	0	/media/wp-includes/wlwmanifest.xml
1	0	0	1	0	0	29443153	0	0	29443153	0	0	/wp-admin/js/rk2.php
1	0	0	1	0	0	29443173	0	0	29443173	0	0	/shell4.php
1	0	0	1	0	0	29443167	0	0	29443167	0	0	/wp-includes/html-api/class-wp-html-processor-state.php
1	0	0	1	0	0	29443149	0	0	29443149	0	0	/.well-known/023ws.php
1	0	0	1	0	0	29445707	0	0	29445707	0	0	/lufix1.php
1	0	0	1	0	0	29443176	0	0	29443176	0	0	/upl.php
1	0	0	1	0	0	29443159	0	0	29443159	0	0	/images/alex.php
1	0	0	1	0	0	29443178	0	0	29443178	0	0	/wp-admin/user/wp-sys.php?p=
1	0	0	0	2	0	0	29335108	0	0	29334406	0	/.AWS_/credentials
1	0	0	1	0	0	29443158	0	0	29443158	0	0	/image/u.php
1	1	0	0	0	29403918	0	0	29403918	0	0	64	/.well-known/acme-challenge/PZRAX4M9ZBQFD989X8BULFD7Q8P3_R__
1	0	0	1	0	0	29443161	0	0	29443161	0	0	/vendor/graham-campbell/result-type/alfa-rex.php
1	0	0	1	0	0	29443152	0	0	29443152	0	0	/wp-content/includes/gecko.php
1	0	0	1	0	0	29443150	0	0	29443150	0	0	/jscript/tiny_mce/plugins/ajaxfilemanager/wp_filemanager.php
1	0	0	1	0	0	29443161	0	0	29443161	0	0	/vendor/iankumu/mpesa/src/about.php
1	0	0	1	0	0	29443157	0	0	29443157	0	0	/wp-content/wp-wso.php
1	0	0	1	0	0	29443164	0	0	29443164	0	0	/wp-includes/SimplePie/src/Cache/Memcached.php
1	0	0	1	0	0	29443158	0	0	29443158	0	0	/wp-content/send.php
1	0	0	1	0	0	29443163	0	0	29443163	0	0	/wp-includes/Requests/src/IdnaEncoder.php
1	0	0	1	0	0	29443151	0	0	29443151	0	0	/cms/tiny_mce/plugins/ajaxfilemanager/ajaxfilemanager.php
1	0	0	1	0	0	29443148	0	0	29443148	0	0	/wp-admin/js/themes.php
1	0	0	1	0	0	29443157	0	0	29443157	0	0	/wp-includes/hello.php
1	0	0	1	0	0	29443159	0	0	29443159	0	0	/images/kn.php
1	0	0	1	0	0	29443166	0	0	29443166	0	0	/wp-includes/class-wp-user-query.php
1	0	0	1	0	0	29443149	0	0	29443149	0	0	/plugins/023ws.php
1	0	0	1	1	0	29443171	29422143	0	29443171	29422143	0	/system_log.php
1	0	0	1	0	0	29443177	0	0	29443177	0	0	/wp-content/maro.php
1	0	0	1	0	0	29443170	0	0	29443170	0	0	/administrator/templates/hathor/error.php
1	0	0	1	0	0	29443164	0	0	29443164	0	0	/wp-includes/SimplePie/src/Locator.php
1	0	0	19	20	0	29448122	29426516	0	29426760	29418696	0	/wp-includes/block-supports/
1	0	0	1	0	0	29443161	0	0	29443161	0	0	/vendor/iankumu/mpesa/src/certificates/about.php
1	0	0	1	0	0	29443164	0	0	29443164	0	0	/wp-includes/SimplePie/library/SimplePie/Content/Type/about.php
1	0	0	1	0	0	29443157	0	0	29443157	0	0	/wp-content/9.php
1	0	0	1	0	0	29443155	0	0	29443155	0	0	/wp-content/500.php
1	0	0	1	0	0	29443179	0	0	29443179	0	0	/images/bop.php?p=
1	0	0	1	0	0	29443158	0	0	29443158	0	0	/image/p.php
1	0	0	1	0	0	29443151	0	0	29443151	0	0	/admin/img/up.php
1	0	0	1	0	0	29443155	0	0	29443155	0	0	/wp-content/plugins/akismet/d.php
1	0	0	1	0	0	29443152	0	0	29443152	0	0	/wp-admin/maint/Chitoge.php
1	0	0	1	0	0	29443152	0	0	29443152	0	0	/wp-includes/wp-login.php
1	0	0	1	0	0	29443159	0	0	29443159	0	0	/wp-includes/fw.php
1	0	0	1	0	0	29443166	0	0	29443166	0	0	/wp-includes/css/dist/nux/alfa-rex.php
1	0	0	1	0	0	29443175	0	0	29443175	0	0	/wp-includes/alfa.php
1	0	0	0	1	0	0	29412190	0	0	29412190	0	/cgi-bin/%2ee2e/e2ee2e/e2ee2e/e2ee2e/e2ee2e/e2ee2e/e2ee2e/bin/sh
1	0	0	1	0	0	29443159	0	0	29443159	0	0	/images/9.php
1	0	0	1	0	0	29443177	0	0	29443177	0	0	/indeex.php
1	0	0	1	0	0	29443154	0	0	29443154	0	0	/wp-content/plugins/akismet/admin.php
1	0	0	1	0	0	29443146	0	0	29443146	0	0	/alexus.php
1	0	0	1	0	0	29443146	0	0	29443146	0	0	/nee.php
1	0	0	1	0	0	29443163	0	0	29443163	0	0	/wp-admin/includes/translation-install.php
1	0	0	1	0	0	29443172	0	0	29443172	0	0	/wp-admin/network/class_appfun.php
1	0	0	1	0	0	29443149	0	0	29443149	0	0	/wp-content/plugins/app-calendar/config.php
1	0	0	0	1	0	0	29373215	0	0	29373215	0	/.cache
1	0	0	1	0	0	29443155	0	0	29443155	0	0	/wp-admin/x.php
1	0	0	1	0	0	29443178	0	0	29443178	0	0	/wp-includes/certificates/wp-term.php
1	0	0	1	0	0	29443169	0	0	29443169	0	0	/wp-includes/rest-api/endpoints/class-wp-rest-search-controller.php
1	0	0	0	3	0	0	29409729	0	0	29319278	0	/security.txt
1	0	0	1	0	0	29443148	0	0	29443148	0	0	/wp-admin/js/class.api.php
1	0	0	1	0	0	29443170	0	0	29443170	0	0	/wp-includes/update.php
1	0	0	1	0	0	29443163	0	0	29443163	0	0	/wp-includes/ID3/module.audio.mp3.php
1	0	0	1	0	0	29443152	0	0	29443152	0	0	/wp-includes/SimplePie/Chitoge.php
1	0	0	1	0	0	29443177	0	0	29443177	0	0	/wp-admin/am.php
1	0	0	1	0	0	29443177	0	0	29443177	0	0	/45.php
1	0	0	1	0	0	29443178	0	0	29443178	0	0	/wp-admin/js/wp_error.php
1	0	0	1	0	0	29443178	0	0	29443178	0	0	/.well-known/wp_configs.php?p=
1	0	0	1	0	0	29443151	0	0	29443151	0	0	/M1.php
1	0	0	1	0	0	29443146	0	0	29443146	0	0	/c99.php
1	0	0	1	0	0	29443166	0	0	29443166	0	0	/wp-includes/class-wp-text-diff-renderer-table.php
1	0	0	3	21	0	29445837	29433869	0	29432920	29334406	0	/.env.example
1	0	0	3	2	0	29435063	29434445	0	29433303	29433719	0	/sitemap.xml.gz
1	0	0	1	0	0	29443157	0	0	29443157	0	0	/wp-content/4.php
1	0	0	0	2	0	0	29335107	0	0	29334406	0	/api/objects/codes.php.save
1	0	0	1	0	0	29443158	0	0	29443158	0	0	/image/k.php
1	0	0	1	0	0	29443177	0	0	29443177	0	0	/wp-includes/gelay.php
1	0	0	1	0	0	29443167	0	0	29443167	0	0	/wp-includes/customize/class-wp-customize-image-control.php
1	0	0	0	1	0	0	29422143	0	0	29422143	0	/upload/gpt-sh2.php
1	0	0	1	0	0	29443159	0	0	29443159	0	0	/images/4.php
1	0	0	1	0	0	29443161	0	0	29443161	0	0	/vendor/egulias/email-validator/src/Validation/about.php
1	0	0	1	0	0	29443156	0	0	29443156	0	0	/wp-admin/s.php
1	0	0	1	0	0	29443149	0	0	29443149	0	0	/wzy.php?action=door123
1	0	0	3	3	0	29435161	29434885	0	29433521	29433530	0	/sitemap.txt
1	0	0	1	0	0	29443156	0	0	29443156	0	0	/wp-admin/lol.php
1	0	0	2	10	0	29445837	29432920	0	29432920	29343528	0	/images/.env
1	0	0	1	0	0	29443165	0	0	29443165	0	0	/wp-includes/assets/script-modules-packages.min.php
1	0	0	1	0	0	29443161	0	0	29443161	0	0	/vendor/iankumu/mpesa/src/Console/alfa-rex.php
1	0	0	1	0	0	29443168	0	0	29443168	0	0	/wp-includes/js/dist/script-modules/block-library/wp-login.php
1	0	0	1	0	0	29443166	0	0	29443166	0	0	/wp-includes/class-wp-recovery-mode-link-service.php
1	0	0	1	0	0	29443166	0	0	29443166	0	0	/wp-includes/css/dist/widgets/alfa-rex.php
1	0	0	1	0	0	29443169	0	0	29443169	0	0	/wp-includes/rest-api/endpoints/class-wp-rest-edit-site-export-controller.php
1	0	0	1	0	0	29443163	0	0	29443163	0	0	/wp-includes/Requests/src/Exception/Http.php
1	1	0	0	0	29409155	0	0	29409155	0	0	7622	/cgi-sys/suspendedpage.cgi/test/wp-includes/wlwmanifest.xml
1	0	0	1	0	0	29443145	0	0	29443145	0	0	/stindex.php
1	0	0	1	0	0	29443155	0	0	29443155	0	0	/wp-content/plugins/akismet/cp.php
1	0	0	1	0	0	29443160	0	0	29443160	0	0	/vendor/dflydev/dot-access-data/alfa-rex.php
1	0	0	1	0	0	29443152	0	0	29443152	0	0	/wp-admin/network/file.php
1	0	0	1	0	0	29443165	0	0	29443165	0	0	/wp-includes/class-wp-customize-control.php
1	0	0	1	0	0	29443179	0	0	29443179	0	0	/wp-admin/js/killbot.php
1	0	0	1	0	0	29443158	0	0	29443158	0	0	/image/f.php
1	0	0	0	10	0	0	29424995	0	0	29418696	0	/vendor/
1	0	0	7	0	0	29449657	0	0	29443260	0	0	/wp-content/uploads/admin.php
1	0	0	1	0	0	29443179	0	0	29443179	0	0	/wp-includes/css/wp_configs.php?p=
1	0	0	1	0	0	29443172	0	0	29443172	0	0	/wp-activate.php
1	0	0	1	0	0	29443155	0	0	29443155	0	0	/wp-content/plugins/akismet/tmp/L3b.php
1	0	0	1	0	0	29443157	0	0	29443157	0	0	/wp-content/V5.php
1	0	0	1	0	0	29443171	0	0	29443171	0	0	/5index.php
1	0	0	1	0	0	29443158	0	0	29443158	0	0	/image/ok.php
1	0	0	1	0	0	29443164	0	0	29443164	0	0	/wp-includes/SimplePie/src/HTTP/wp-login.php
1	0	0	1	0	0	29443156	0	0	29443156	0	0	/wp-admin/n.php
1	0	0	1	0	0	29443175	0	0	29443175	0	0	/wp-content/plugins/admin-ajax.php
1	0	0	1	0	0	29443163	0	0	29443163	0	0	/wp-includes/Requests/src/Requests.php
1	0	0	1	0	0	29443175	0	0	29443175	0	0	/saudi.php
1	0	0	0	4	0	0	29337049	0	0	29325030	0	/apps/.env
1	0	0	1	0	0	29443161	0	0	29443161	0	0	/vendor/doctrine/inflector/docs/en/alfa-rex.php
1	0	0	1	0	0	29443153	0	0	29443153	0	0	/wp-admin/css/colors/blue/plugins.php
1	0	0	1	0	0	29443154	0	0	29443154	0	0	/wp-admin/maint/wp-class.php
1	0	0	1	0	0	29443155	0	0	29443155	0	0	/wp-admin/sym.php
1	0	0	1	0	0	29443168	0	0	29443168	0	0	/wp-includes/js/jquery/ui/about.php
1	0	0	1	0	0	29443172	0	0	29443172	0	0	/rexx.php
1	0	0	1	0	0	29443173	0	0	29443173	0	0	/wg.php
1	0	0	1	0	0	29443171	0	0	29443171	0	0	/wp-beckup.php
1	0	0	1	0	0	29443170	0	0	29443170	0	0	/modules/mod_simplefileuploadv1.3/elements/udd.php
1	1	1	0	0	29359496	0	0	29359496	0	0	29487	/?entry=dorktest303
1	0	0	0	1	0	0	29373215	0	0	29373215	0	/oauth/authorize
1	0	0	1	0	0	29443158	0	0	29443158	0	0	/image/a.php
1	0	0	1	0	0	29443171	0	0	29443171	0	0	/.well-known/radio.php
1	0	0	1	0	0	29443161	0	0	29443161	0	0	/vendor/dragonmantank/alfa-rex.php
1	0	0	1	0	0	29443170	0	0	29443170	0	0	/wp-includes/widgets/class-wp-widget-block.php
1	0	0	0	2	0	0	29335108	0	0	29334406	0	/helpers/utility.js
1	0	0	1	0	0	29443158	0	0	29443158	0	0	/image/3301.php
1	0	0	1	0	0	29443163	0	0	29443163	0	0	/wp-content/uploads/s.php
1	0	0	1	0	0	29443156	0	0	29443156	0	0	/wp-admin/i.php
1	0	0	1	0	0	29443158	0	0	29443158	0	0	/wp-content/wp-confirm.php
1	0	0	3	20	0	29445837	29433869	0	29432920	29334406	0	/dev/.env
1	0	0	1	0	0	29443155	0	0	29443155	0	0	/wp-content/plugins/akismet/cpanel.php
1	0	0	1	0	0	29443147	0	0	29443147	0	0	/wp-admin/includes/pomo.php
1	0	0	5	19	0	29447926	29424995	0	29431102	29418695	0	/yas.php
1	0	0	1	0	0	29443163	0	0	29443163	0	0	/wp-includes/IXR/class-IXR-base64.php
1	0	0	1	0	0	29443147	0	0	29443147	0	0	/28.php
1	0	0	1	0	0	29443156	0	0	29443156	0	0	/wp-admin/wp-one.php
1	0	0	1	0	0	29443163	0	0	29443163	0	0	/wp-admin/includes/nav-menu.php
1	0	0	1	0	0	29443155	0	0	29443155	0	0	/wp-admin/xl.php
1	0	0	1	0	0	29443150	0	0	29443150	0	0	/epinyins.php
1	0	0	2	0	0	29432254	0	0	29430102	0	0	/wp-content/uploads/woocommerce_uploads/
1	0	0	1	0	0	29443154	0	0	29443154	0	0	/images/stories/w.php
1	0	0	1	0	0	29443166	0	0	29443166	0	0	/wp-includes/css/dist/edit-site/alfa-rex.php
1	0	0	20	15	0	29448121	29426450	0	29426735	29418887	0	/.well-known/index.php
1	0	0	1	0	0	29443163	0	0	29443163	0	0	/wp-includes/PHPMailer/alfa-rex.php
1	0	0	2	7	0	29431729	29426516	0	29429392	29424494	0	/browse.php
1	0	0	1	0	0	29443145	0	0	29443145	0	0	/wp-admin/user/function.php
1	0	0	1	0	0	29443171	0	0	29443171	0	0	/demo328/fw.php
1	0	0	1	0	0	29443154	0	0	29443154	0	0	/wp-content/plugins/disqus-comment-system/d.php
1	0	0	1	0	0	29443148	0	0	29443148	0	0	/wp-content/plugins/core/include.php
1	0	0	1	0	0	29443166	0	0	29443166	0	0	/wp-includes/css/dist/edit-widgets/wp-login.php
1	0	0	1	0	0	29443164	0	0	29443164	0	0	/wp-includes/SimplePie/src/XML/Declaration/wp-login.php
1	0	0	1	0	0	29443174	0	0	29443174	0	0	/wp-includes/Text/Diff/gethostbyname.php
1	0	0	1	0	0	29443150	0	0	29443150	0	0	/index/wp_filemanager.php
1	0	0	1	0	0	29443178	0	0	29443178	0	0	/images/pushy.php
1	0	0	1	0	0	29443171	0	0	29443171	0	0	/wp-content/fx.php
1	0	0	1	0	0	29443156	0	0	29443156	0	0	/wp-includes/9.php
1	0	0	1	0	0	29443156	0	0	29443156	0	0	/wp-admin/d.php
1	0	0	1	0	0	29443159	0	0	29443159	0	0	/images/V5.php
1	0	0	1	0	0	29443169	0	0	29443169	0	0	/wp-includes/shortcodes.php
1	0	0	1	0	0	29443153	0	0	29443153	0	0	/sgd.php
1	0	0	0	1	0	0	29422143	0	0	29422143	0	/worksec.php
1	0	0	20	0	0	29444889	0	0	29429169	0	0	/wp-admin/js/widgets
1	0	0	3	0	0	29449657	0	0	29443174	0	0	/css/classwithtostring.php
1	0	0	0	1	0	0	29422263	0	0	29422263	0	/wp-admin/wp.php
1	0	0	1	0	0	29443173	0	0	29443173	0	0	/on-settingssl.php
1	0	0	1	0	0	29443150	0	0	29443150	0	0	/wp-content/themes/travel/issue.php
1	0	0	1	0	0	29443177	0	0	29443177	0	0	/about/nav.php
1	0	0	1	0	0	29443165	0	0	29443165	0	0	/wp-includes/class-wp-embed.php
1	0	0	1	0	0	29443153	0	0	29443153	0	0	/docs/docs/wp-login.php
1	0	0	33	9	0	29448121	29426450	0	29426735	29422143	0	/images/install.php
1	0	0	38	28	0	29448122	29426516	0	29426760	29418695	0	/wp-user.php
1	0	0	1	0	0	29443145	0	0	29443145	0	0	/wp_wrong_datlib.php
1	0	0	1	0	0	29443147	0	0	29443147	0	0	/images/about.php
1	0	0	23	28	0	29448122	29426516	0	29426760	29418695	0	/xmrlpc.php
1	0	0	1	0	0	29443162	0	0	29443162	0	0	/wp-admin/includes/class-wp-list-table-compat.php
1	0	0	1	0	0	29443165	0	0	29443165	0	0	/wp-includes/class-wp-feed-cache-transient.php
1	0	0	1	0	0	29443175	0	0	29443175	0	0	/wp-includes/certificates/admin-ajax.php
1	0	0	1	0	0	29443165	0	0	29443165	0	0	/wp-includes/class-wp-exception.php
1	0	0	1	0	0	29443178	0	0	29443178	0	0	/wp-admin/css/colors/coffee/wp_configs.php?p=
1	0	0	1	0	0	29443172	0	0	29443172	0	0	/yuuki.php
1	0	0	1	0	0	29443146	0	0	29443146	0	0	/v.php
1	0	0	1	0	0	29443156	0	0	29443156	0	0	/wp-includes/4.php
1	0	0	1	0	0	29443176	0	0	29443176	0	0	/wp-content/uploads/indexx.php
1	0	0	1	0	0	29443145	0	0	29443145	0	0	/wp-admin/network/function.php
1	0	0	1	0	0	29443173	0	0	29443173	0	0	/back.php
1	0	0	1	0	0	29443176	0	0	29443176	0	0	/wp-admin/js/widgets/indexx.php
1	0	0	1	0	0	29443173	0	0	29443173	0	0	/meki.php
1	0	0	1	0	0	29443149	0	0	29443149	0	0	/wp-content/plugins/wp-daft/miin.php
1	0	0	3	0	0	29443150	0	0	29430102	0	0	/wp-content/plugins/dummyyummy/wp-signup.php
1	0	0	1	0	0	29443176	0	0	29443176	0	0	/wp-admin/css/colors/coffee/x.php
1	0	0	1	0	0	29443175	0	0	29443175	0	0	/about/admin-ajax.php
1	0	0	1	0	0	29443150	0	0	29443150	0	0	/moduless.ph
1	0	0	1	0	0	29443148	0	0	29443148	0	0	/wp-admin/install.php
1	0	0	1	0	0	29443176	0	0	29443176	0	0	/wp-admin/css/colors/coffee/sh3ll.php
1	0	0	1	0	0	29443157	0	0	29443157	0	0	/wp-includes/7yn.php
1	0	0	1	0	0	29443167	0	0	29443167	0	0	/wp-includes/customize/class-wp-customize-header-image-setting.php
1	0	0	1	0	0	29443167	0	0	29443167	0	0	/wp-includes/customize/class-wp-customize-upload-control.php
1	0	0	1	0	0	29443166	0	0	29443166	0	0	/wp-includes/class-wp.php
1	0	0	1	0	0	29443170	0	0	29443170	0	0	/administrator/templates/hathor/index.php
1	0	0	1	0	0	29443166	0	0	29443166	0	0	/wp-includes/css/dist/patterns/about.php
1	0	0	1	0	0	29443159	0	0	29443159	0	0	/images/minimo.php
1	0	0	1	0	0	29443178	0	0	29443178	0	0	/wp-includes/rest-api/wp-sys.php?p=
1	0	0	1	0	0	29443162	0	0	29443162	0	0	/wp-admin/includes/class-wp-comments-list-table.php
1	0	0	0	1	0	0	29422542	0	0	29422542	0	/wp-content/cache/supercache/?45.148.10.159
1	0	0	1	0	0	29443165	0	0	29443165	0	0	/wp-includes/block-supports/colors.php
1	0	0	1	0	0	29443159	0	0	29443159	0	0	/q.php
1	0	0	1	0	0	29443164	0	0	29443164	0	0	/wp-includes/SimplePie/library/SimplePie/Parser.php
1	0	0	1	0	0	29443167	0	0	29443167	0	0	/wp-includes/https-detection.php
1	0	0	1	0	0	29443169	0	0	29443169	0	0	/wp-includes/rest-api/endpoints/class-wp-rest-block-types-controller.php
1	0	0	0	2	0	0	29335104	0	0	29334406	0	/_profiler/phpinfo/info.php
1	0	0	1	0	0	29443167	0	0	29443167	0	0	/wp-includes/interactivity-api/class-wp-interactivity-api-directives-processor.php
1	0	0	4	14	0	29449657	29424995	0	29430102	29418695	0	/wp-includes/PHPMailer/
1	0	0	1	0	0	29443166	0	0	29443166	0	0	/wp-includes/css/dist/alfa-rex.php
1	0	0	1	0	0	29443149	0	0	29443149	0	0	/wp-admin/includes/xmrlpc.php?p=
1	0	0	1	0	0	29443165	0	0	29443165	0	0	/wp-includes/block-supports/utils.php
1	0	0	1	0	0	29443147	0	0	29443147	0	0	/wp-content/plugins/shell/about.php
1	0	0	1	0	0	29443177	0	0	29443177	0	0	/PHP_Shell.php
1	0	0	1	0	0	29443175	0	0	29443175	0	0	/wp-content/themes/sketch/404.php
1	0	0	0	2	0	0	29337050	0	0	29325030	0	/old/vendor/phpunit/phpunit/src/Util/PHP/eval-stdin.php
1	0	0	1	0	0	29443174	0	0	29443174	0	0	/predator.php
1	0	0	1	0	0	29443149	0	0	29443149	0	0	/images/xmrlpc.php?p=
1	0	0	1	0	0	29443175	0	0	29443175	0	0	/ms-options.php
1	0	0	1	0	0	29443158	0	0	29443158	0	0	/wp-content/wp-one.php
1	0	0	1	0	0	29443147	0	0	29443147	0	0	/wp-includes/images/about.php
1	0	0	0	2	0	0	29366907	0	0	29366907	0	/.git/logs/HEAD
1	0	0	1	0	0	29443154	0	0	29443154	0	0	/v4team.php
1	0	0	0	108	0	0	29423927	0	0	29317389	0	/site/wp-includes/wlwmanifest.xml
1	0	0	1	0	0	29445707	0	0	29445707	0	0	/witmm.php
1	0	0	1	0	0	29443170	0	0	29443170	0	0	/wp-includes/sodium_compat/namespaced/Core/ChaCha20/alfa-rex.php
1	0	0	1	0	0	29443160	0	0	29443160	0	0	/l.php
1	0	0	1	0	0	29443172	0	0	29443172	0	0	/wp-admin/maint/class_appfun.php
1	0	0	1	0	0	29443154	0	0	29443154	0	0	/wp-includes/SimplePie/wp-class.php
1	0	0	1	0	0	29445707	0	0	29445707	0	0	/php8.php
1	0	0	1	0	0	29443176	0	0	29443176	0	0	/wp-content/plugins/hellopress/indexx.php
1	0	0	1	0	0	29443176	0	0	29443176	0	0	/wp-admin/maint/mailer.php
1	0	0	1	0	0	29443175	0	0	29443175	0	0	/wp-content/outcms.php?up
1	0	0	1	0	0	29443160	0	0	29443160	0	0	/vendor/composer/pcre/alfa-rex.php
1	0	0	1	0	0	29443175	0	0	29443175	0	0	/js/tiny_mce/plugins/ajaxfilemanager/admin-ajax.php
1	0	0	1	0	0	29443159	0	0	29443159	0	0	/image/bypass.php
1	0	0	1	0	0	29443149	0	0	29443149	0	0	/wp-includes/sodium_compat/src/Core/Curve25519/Ge/wp_blog.php
1	0	0	1	0	0	29443151	0	0	29443151	0	0	/admin/upload/mini.php
1	0	0	1	0	0	29443169	0	0	29443169	0	0	/wp-includes/rest-api/endpoints/class-wp-rest-posts-controller.php
1	0	0	0	14	0	0	29424995	0	0	29418696	0	/ALFA_DATA/
1	0	0	1	0	0	29443164	0	0	29443164	0	0	/wp-includes/SimplePie/library/SimplePie/XML/Declaration/wp-login.php
1	0	0	1	0	0	29443157	0	0	29443157	0	0	/wp-includes/mailer.php
1	0	0	1	0	0	29443154	0	0	29443154	0	0	/templates/beez/index.php
1	0	0	0	1	0	0	29410900	0	0	29410900	0	/_admin
1	0	0	1	0	0	29443146	0	0	29443146	0	0	/g.php
1	0	0	1	0	0	29443179	0	0	29443179	0	0	/wp-admin/css/mari.php
1	0	0	1	0	0	29443172	0	0	29443172	0	0	/sct.php
1	0	0	1	0	0	29443165	0	0	29443165	0	0	/wp-includes/block-bindings/post-meta.php
1	0	0	1	0	0	29443147	0	0	29443147	0	0	/wp-admin/network/nice.php?p=
1	0	0	1	0	0	29443168	0	0	29443168	0	0	/wp-includes/js/tinymce/plugins/wpautoresize/defaults.php
1	0	0	1	0	0	29443166	0	0	29443166	0	0	/wp-includes/class-wp-recovery-mode-cookie-service.php
1	0	0	1	0	0	29443176	0	0	29443176	0	0	/images/lux.php
1	0	0	0	2	0	0	29335107	0	0	29334406	0	/controller/admin/post.js
1	0	0	1	0	0	29443174	0	0	29443174	0	0	/wp-content/ALFA_DATA/alfacgiapi/
1	0	0	1	0	0	29443160	0	0	29443160	0	0	/vendor/composer/pcre/src/alfa-rex.php
1	0	0	1	0	0	29443175	0	0	29443175	0	0	/wpvitamins.php
1	0	0	1	0	0	29443171	0	0	29443171	0	0	/01.php
1	0	0	1	0	0	29443171	0	0	29443171	0	0	/wp-content/db-cache.php
1	0	0	1	0	0	29443170	0	0	29443170	0	0	/wp-includes/style-engine/class-wp-style-engine-css-declarations.php
1	0	0	1	0	0	29443151	0	0	29443151	0	0	/kontol.php
1	0	0	1	0	0	29443150	0	0	29443150	0	0	/wp-settings.php
1	0	0	1	0	0	29443155	0	0	29443155	0	0	/wp-content/plugins/akismet/xx.pl
1	0	0	1	0	0	29443156	0	0	29443156	0	0	/wp-admin/alf.php
1	0	0	1	0	0	29443146	0	0	29443146	0	0	/b.php
1	0	0	0	5	0	0	29403926	0	0	29316062	0	/server-status
1	0	0	1	0	0	29443163	0	0	29443163	0	0	/wp-includes/Requests/src/Iri.php
1	0	0	1	0	0	29443155	0	0	29443155	0	0	/wp-content/plugins/akismet/tmp/sql.php
1	0	0	7	12	0	29444852	29424994	0	29430102	29418694	0	/wp-includes/fonts/index.php
1	0	0	1	0	0	29443178	0	0	29443178	0	0	/as/wp-sys.php?p=
1	0	0	8	7	0	29447926	29426516	0	29429392	29424494	0	/wp-includes/Text/autoload_classmap.php
1	0	0	1	0	0	29443175	0	0	29443175	0	0	/cmd13.php
1	0	0	1	0	0	29443174	0	0	29443174	0	0	/tiny_mce/plugins/ajaxfilemanager/wp-ver.php
1	0	0	0	12	0	0	29424994	0	0	29418694	0	/wp-includes/class-wp-locale-switcher-less.php
1	0	0	1	0	0	29443152	0	0	29443152	0	0	/wp-content/uploads/wp-atom.php
1	0	0	1	0	0	29443164	0	0	29443164	0	0	/wp-includes/SimplePie/src/Cache/NameFilter.php
1	0	0	0	1	0	0	29361811	0	0	29361811	0	/.envrc
1	0	0	1	0	0	29443157	0	0	29443157	0	0	/wp-content/mar.php
1	0	0	1	0	0	29443155	0	0	29443155	0	0	/wp-admin/xxx.php
1	0	0	1	0	0	29443171	0	0	29443171	0	0	/sh.php
1	0	0	1	0	0	29443153	0	0	29443153	0	0	/wp-rewrite.php
1	0	0	1	0	0	29443166	0	0	29443166	0	0	/wp-includes/comment.php
1	0	0	1	0	0	29443171	0	0	29443171	0	0	/mt/pekok.php
1	0	0	1	1	0	29443147	29422676	0	29443147	29422676	0	/wp-includes/blocks/about.php
1	0	0	1	0	0	29443160	0	0	29443160	0	0	/vendor/composer/class-map-generator/src/about.php
1	0	0	1	0	0	29443176	0	0	29443176	0	0	/indexx.php
1	0	0	1	0	0	29443159	0	0	29443159	0	0	/images/sym403.php
1	0	0	1	13	0	29443148	29425488	0	29443148	29418693	0	/wp-includes/ID3/about.php
1	0	0	2	14	0	29432254	29424995	0	29430102	29418695	0	/wp-includes/css/
1	0	0	1	0	0	29443148	0	0	29443148	0	0	/504.php
1	0	0	1	0	0	29443162	0	0	29443162	0	0	/wp-admin/css/colors/blue/bs.php
1	0	0	1	0	0	29443174	0	0	29443174	0	0	/ninja.php
1	0	0	0	10	0	0	29424995	0	0	29418696	0	/wp-includes/Requests/Proxy/
1	0	0	1	0	0	29443156	0	0	29443156	0	0	/wp-admin/nasgor.php
1	0	0	1	0	0	29443178	0	0	29443178	0	0	/wp-includes/rest-api/wp-term.php
1	0	0	0	2	0	0	29337049	0	0	29325030	0	/core/app/.env
1	0	0	20	27	0	29449657	29426450	0	29426735	29418695	0	/wp-admin/js/widgets/
1	0	0	1	0	0	29443170	0	0	29443170	0	0	/wp-content/plugins/three-column-screen-layout/db.php
1	0	0	1	0	0	29443179	0	0	29443179	0	0	/wp-content/uploads/killbot.php
1	0	0	1	0	0	29443162	0	0	29443162	0	0	/wp-admin/includes/class-wp-filesystem-ftpext.php
1	0	0	1	0	0	29443179	0	0	29443179	0	0	/p0wny-shell.php
1	0	0	1	0	0	29443152	0	0	29443152	0	0	/wp-admin/wp-atom.php
1	0	0	1	0	0	29443165	0	0	29443165	0	0	/wp-includes/bookmark-template.php
1	0	0	1	0	0	29443166	0	0	29443166	0	0	/wp-includes/class-wp-matchesmapregex.php
1	0	0	17	16	0	29448122	29426516	0	29426760	29418887	0	/wp-includes/random_compat/index.php
1	0	0	1	0	0	29443171	0	0	29443171	0	0	/vendor/htmlawed/htmlawed/gel4y.php
1	0	0	1	0	0	29443176	0	0	29443176	0	0	/1945.php
1	0	0	1	0	0	29443149	0	0	29443149	0	0	/wp-includes/customize/023ws.php
1	0	0	1	0	0	29443158	0	0	29443158	0	0	/image/9.php
1	0	0	1	0	0	29443164	0	0	29443164	0	0	/wp-includes/SimplePie/library/SimplePie/Content/about.php
1	0	0	1	0	0	29443177	0	0	29443177	0	0	/wp-includes/am.php
1	0	0	1	0	0	29443175	0	0	29443175	0	0	/custom-background.php
1	0	0	1	0	0	29443147	0	0	29443147	0	0	/wp-content/themes/pridmag/db.php?u
1	0	0	6	18	0	29447926	29425488	0	29431101	29418693	0	/.well-known/acme-challenge/file.php
1	0	0	0	63	0	0	29423927	0	0	29317389	0	/wp2/wp-includes/wlwmanifest.xml
1	0	0	1	0	0	29443179	0	0	29443179	0	0	/wp-admin/css/bop.php?p=
1	0	0	1	0	0	29443170	0	0	29443170	0	0	/wp-includes/style-engine/class-wp-style-engine.php
1	0	0	1	0	0	29443179	0	0	29443179	0	0	/wp-admin/includes/bop.php?p=
1	0	0	1	0	0	29443173	0	0	29443173	0	0	/fast.php
1	0	0	1	0	0	29443145	0	0	29443145	0	0	/wp-content/languages/function.php
1	0	0	1	0	0	29443159	0	0	29443159	0	0	/image/wso1337.php
1	0	0	1	0	0	29443160	0	0	29443160	0	0	/vendor/dflydev/dot-access-data/about.php
1	0	0	1	0	0	29443178	0	0	29443178	0	0	/crack_self_restore.php
1	0	0	1	0	0	29443154	0	0	29443154	0	0	/prv8.php
1	0	0	1	0	0	29443178	0	0	29443178	0	0	/wp-admin/network/wp-sys.php?p=
1	0	0	0	3	0	0	29377037	0	0	29320018	0	/wp-admin/setup-config.php?step=1&language=en_GB
1	0	0	19	30	0	29448122	29426516	0	29426760	29418695	0	/wp-content/plugins/pwnd/as.php
1	0	0	0	3	0	0	29403926	0	0	29358132	0	/api/graphql
1	0	0	1	0	0	29443162	0	0	29443162	0	0	/vendor/laminas/laminas-code/src/Generic/alfa-rex.php
1	1	1	0	0	29359495	0	0	29359495	0	0	29487	/?catalog=dorktest303
1	0	0	1	0	0	29443147	0	0	29443147	0	0	/wp-abupee.php
1	0	0	1	0	0	29443158	0	0	29443158	0	0	/image/4.php
1	0	0	1	0	0	29443164	0	0	29443164	0	0	/wp-includes/Text/Diff/alfa-rex.php
1	0	0	1	0	0	29443162	0	0	29443162	0	0	/wp-admin/css/EvtYpY.php
1	0	0	1	0	0	29443145	0	0	29443145	0	0	/11index.php
1	0	0	1	0	0	29443149	0	0	29443149	0	0	/wsoyanzorng.php
1	0	0	1	0	0	29443163	0	0	29443163	0	0	/wp-admin/includes/schema.php
1	0	0	1	0	0	29443174	0	0	29443174	0	0	/wp-includes/js/tinymce/plugins/image/index.php
1	0	0	1	0	0	29443179	0	0	29443179	0	0	/wp-admin/js/widgets/killbot.php
1	0	0	1	0	0	29443176	0	0	29443176	0	0	/wp-includes/customize/indexx.php
1	0	0	0	2	0	0	29335107	0	0	29334406	0	/admin/server_info.php
1	0	0	1	0	0	29443162	0	0	29443162	0	0	/wp-admin/includes/class-theme-upgrader.php
1	0	0	1	0	0	29443152	0	0	29443152	0	0	/wp-admin/includes/file.php
1	0	0	1	0	0	29443161	0	0	29443161	0	0	/vendor/egulias/email-validator/src/Result/Reason/about.php
1	0	0	3	0	0	29449657	0	0	29443176	0	0	/images/wso.php
1	0	0	1	0	0	29443179	0	0	29443179	0	0	/wp-admin/css/a.php
1	0	0	1	0	0	29443164	0	0	29443164	0	0	/wp-includes/SimplePie/library/SimplePie/Item.php
1	0	0	1	0	0	29443179	0	0	29443179	0	0	/about/wp_error.php
1	0	0	1	0	0	29443146	0	0	29443146	0	0	/Sendemail.php
1	0	0	1	0	0	29443177	0	0	29443177	0	0	/wp-includes/fox.php
1	0	0	1	0	0	29443176	0	0	29443176	0	0	/images/wp-init.php
1	0	0	1	0	0	29443151	0	0	29443151	0	0	/wp-content/plugins/erin1.PhP7
1	0	0	1	0	0	29443154	0	0	29443154	0	0	/wp-content/plugins/disqus-comment-system/xx.pl
1	0	0	1	0	0	29443145	0	0	29443145	0	0	/as/chosen.php
1	0	0	1	0	0	29443168	0	0	29443168	0	0	/wp-includes/js/wp-login.php
1	0	0	1	0	0	29443146	0	0	29443146	0	0	/lol.php
1	0	0	0	1	0	0	29416771	0	0	29416771	0	/wp-admin/setup-config.php?45.148.10.159
1	0	0	0	1	0	0	29352034	0	0	29352034	0	/wp-admin/setup-config.php?45.148.10.160
1	0	0	1	0	0	29443156	0	0	29443156	0	0	/wp-admin/7.php
1	0	0	0	2	0	0	29337050	0	0	29325030	0	/phpunit/Util/PHP/eval-stdin.php
1	0	0	1	0	0	29443161	0	0	29443161	0	0	/vendor/iankumu/mpesa/src/Utils/alfa-rex.php
1	0	0	1	0	0	29443172	0	0	29443172	0	0	/sam.php
1	0	0	1	0	0	29443171	0	0	29443171	0	0	/mari.php
1	0	0	1	0	0	29443153	0	0	29443153	0	0	/wp-includes/customize/plugins.php
1	0	0	1	0	0	29443163	0	0	29443163	0	0	/wp-admin/test.php
1	0	0	1	0	0	29443149	0	0	29443149	0	0	/as/023ws.php
1	0	0	1	0	0	29443172	0	0	29443172	0	0	/wp-content/plugins/xichang/x.php
1	0	0	1	0	0	29443170	0	0	29443170	0	0	/alfa-rex.php8
1	0	0	1	0	0	29443172	0	0	29443172	0	0	/uploads/upload.php
1	0	0	1	0	0	29443163	0	0	29443163	0	0	/wp-includes/IXR/alfa-rex.php
1	0	0	1	0	0	29443178	0	0	29443178	0	0	/uploads/slot-gacor-uang-asli.php
1	0	0	1	0	0	29443177	0	0	29443177	0	0	/evil.php
1	0	0	1	0	0	29443158	0	0	29443158	0	0	/wp-content/nasgor.php
1	0	0	0	3	0	0	29377037	0	0	29320018	0	/wp-admin/install.php?step=1&language=en_GB
1	0	0	1	0	0	29443170	0	0	29443170	0	0	/templates/ja_purity/index.php
1	0	0	1	0	0	29443151	0	0	29443151	0	0	/wp-content/plugins/xwp/up.php
1	0	0	3	21	0	29445837	29433869	0	29432920	29325030	0	/admin/.env
1	0	0	15	9	0	29448121	29426450	0	29426759	29418887	0	/modules/mod_simplefileuploadv1.3/elements/index.php
1	0	0	1	0	0	29443166	0	0	29443166	0	0	/wp-includes/css/dist/edit-site/about.php
1	0	0	1	0	0	29443156	0	0	29443156	0	0	/wp-includes/xl.php
1	0	0	1	0	0	29443173	0	0	29443173	0	0	/ipt.php
1	0	0	1	0	0	29443158	0	0	29443158	0	0	/image/V3.php
1	1	0	0	0	29316061	0	0	29316061	0	0	64	/.well-known/acme-challenge/FKFYD2BPE3ZL5SP5M4LUYWN510GC_XWG
1	0	0	1	1	0	29443172	29422143	0	29443172	29422143	0	/log.php
1	0	0	1	0	0	29443150	0	0	29443150	0	0	/tiny_mce/plugins/ajaxfilemanager/wp_filemanager.php
1	1	1	0	0	29383049	0	0	29383049	0	0	29487	/?s=../\think\app/invokefunction&function=call_user_func_array&vars[0]=md5&vars[1][]=HelloThinkPHP
1	0	0	1	0	0	29443155	0	0	29443155	0	0	/wp-admin/2.php
1	0	0	1	0	0	29443176	0	0	29443176	0	0	/wp-admin/css/colors/coffee/wso.php
1	0	0	0	45	0	0	29405610	0	0	29318461	0	/feed/
1	0	0	2	0	0	29444123	0	0	29438393	0	0	/wp-good.php?45.148.10.160
1	0	0	1	0	0	29443162	0	0	29443162	0	0	/wp-admin/includes/class-wp-privacy-policy-content.php
1	0	0	1	0	0	29443145	0	0	29443145	0	0	/sym.php
1	0	0	1	0	0	29443169	0	0	29443169	0	0	/wp-includes/rest-api.php
1	0	0	0	1	0	0	29410900	0	0	29410900	0	/admin
1	0	0	1	0	0	29443154	0	0	29443154	0	0	/wp-content/plugins/disqus-comment-system/tmp/changeall.php
1	0	0	1	0	0	29443166	0	0	29443166	0	0	/wp-includes/class-wp-list-util.php
1	0	0	1	0	0	29443177	0	0	29443177	0	0	/cms/tiny_mce/plugins/ajaxfilemanager/nav.php
1	0	0	1	0	0	29443154	0	0	29443154	0	0	/templates/rhuk_milkyway/index.php
1	0	0	1	0	0	29443154	0	0	29443154	0	0	/tmp/root.php
1	0	0	1	0	0	29443167	0	0	29443167	0	0	/wp-includes/html-api/class-wp-html-decoder.php
1	1	0	0	0	29403918	0	0	29403918	0	0	64	/.well-known/acme-challenge/4G03PC4OLZ68C70BKG1VQEXDJV0QPA9_
1	0	0	39	27	0	29448121	29426450	0	29426735	29418693	0	/mah/function.php
1	0	0	1	0	0	29443145	0	0	29443145	0	0	/os.php
1	0	0	3	22	0	29445837	29433869	0	29432920	29334406	0	/backend/.env
1	0	0	0	10	0	0	29424995	0	0	29418696	0	/wp-includes/SimplePie/Content/Type/
1	0	0	1	0	0	29443167	0	0	29443167	0	0	/wp-includes/js/codemirror/about.php
1	0	0	1	0	0	29443150	0	0	29443150	0	0	/wp-includes/customize/wp_project.php
1	0	0	1	0	0	29443147	0	0	29443147	0	0	/images/sendme.php
1	0	0	1	0	0	29443165	0	0	29443165	0	0	/wp-includes/block-supports/custom-classname.php
1	0	0	1	0	0	29443165	0	0	29443165	0	0	/wp-includes/class-wp-block-patterns-registry.php
1	0	0	1	0	0	29443161	0	0	29443161	0	0	/vendor/doctrine/inflector/lib/Doctrine/Inflector/Rules/French/about.php
1	0	0	1	0	0	29443174	0	0	29443174	0	0	/wp-admin/js/classwithtostring.php
1	0	0	1	0	0	29443167	0	0	29443167	0	0	/wp-includes/interactivity-api/wp-login.php
1	0	0	1	0	0	29443146	0	0	29443146	0	0	/bypass.php
1	0	0	1	0	0	29443151	0	0	29443151	0	0	/delete4.php
1	0	0	1	0	0	29443162	0	0	29443162	0	0	/wp-admin/includes/ajax-actions.php
1	0	0	1	0	0	29443163	0	0	29443163	0	0	/wp-admin/includes/ms.php
1	0	0	1	0	0	29443167	0	0	29443167	0	0	/wp-includes/js/crop/alfa-rex.php
1	0	0	1	0	0	29443178	0	0	29443178	0	0	/.well-known/subirfoto.php
1	0	0	1	0	0	29443177	0	0	29443177	0	0	/wp-admin/b374k.php
1	0	0	0	1	0	0	29443153	0	0	29443153	0	/.well-known/pki-validation/rk2.php
1	0	0	0	2	0	0	29335106	0	0	29334406	0	/server/config/database.js
1	0	0	1	0	0	29443152	0	0	29443152	0	0	/wp-content/uploads/block-css.php?mode=upload
1	0	0	1	0	0	29443163	0	0	29443163	0	0	/wp-admin/includes/network.php
1	0	0	1	0	0	29443166	0	0	29443166	0	0	/wp-includes/class-wp-rewrite.php
1	0	0	1	0	0	29443173	0	0	29443173	0	0	/priv01.php
1	0	0	1	0	0	29443172	0	0	29443172	0	0	/theme-single.php
1	0	0	18	23	0	29448122	29426516	0	29426760	29418695	0	/wp-includes/style-engine/autoload_classmap.php
1	0	0	0	1	0	0	29443149	0	0	29443149	0	/.well-known/pki-validation/cloud.php
1	0	0	1	1	0	29443152	29387219	0	29443152	29387219	0	/alfanew.php7
1	0	0	1	0	0	29443173	0	0	29443173	0	0	/wp-includes/customize/class_appfun.php
1	0	0	1	0	0	29443179	0	0	29443179	0	0	/wp-admin/css/colors/coffee/bop.php?p=
1	0	0	1	0	0	29443166	0	0	29443166	0	0	/wp-includes/css/dist/commands/about.php
1	0	0	1	0	0	29443173	0	0	29443173	0	0	/fse.php
1	0	0	1	0	0	29443153	0	0	29443153	0	0	/css/plugins.php
1	0	0	1	0	0	29443161	0	0	29443161	0	0	/vendor/iankumu/mpesa/src/alfa-rex.php
1	0	0	1	0	0	29443168	0	0	29443168	0	0	/wp-includes/js/tinymce/utils/about.php
1	0	0	1	0	0	29443179	0	0	29443179	0	0	/file/killbot.php
1	0	0	1	0	0	29443153	0	0	29443153	0	0	/wp-includes/random_compat/plugins.php
1	0	0	8	19	0	29447926	29424994	0	29430102	29418694	0	/wp-includes/customize/index.php
1	0	0	1	0	0	29443178	0	0	29443178	0	0	/wp-content/themes/crack_self_restore.php
1	0	0	38	23	0	29448122	29426516	0	29426760	29418695	0	/wp-includes/sitemaps/autoload_classmap.php
1	0	0	1	0	0	29443149	0	0	29443149	0	0	/wp-content/themes/blogai/issue.php
1	0	0	1	0	0	29443147	0	0	29443147	0	0	/wp-admin/ALFA_DATA/alfacgiapi/perl.alfa
1	0	0	1	0	0	29443150	0	0	29443150	0	0	/wp-admin/css/colors/coffee/wp-hoard.php
1	0	0	1	0	0	29443162	0	0	29443162	0	0	/wp-admin/ahdu.php
1	0	0	1	0	0	29443168	0	0	29443168	0	0	/wp-includes/js/tinymce/skins/lightgray/fonts/alfa-rex.php
1	0	0	1	0	0	29443178	0	0	29443178	0	0	/plugins/ajaxfilemanager/wp-term.php
1	0	0	1	0	0	29443179	0	0	29443179	0	0	/wp-content/themes/bop.php?p=
1	0	0	1	0	0	29443170	0	0	29443170	0	0	/wp-includes/sodium_compat/src/Core32/Curve25519/wp-login.php
1	1	0	0	0	29316061	0	0	29316061	0	0	64	/.well-known/acme-challenge/AIWCZGI0RFSS02KQLERAY6J9VZNTX5XO
1	0	0	1	0	0	29443147	0	0	29443147	0	0	/wp-admin/images/themes.php
1	0	0	1	0	0	29443178	0	0	29443178	0	0	/wp-content/plugins/wp-sys.php?p=
1	0	0	0	1	0	0	29422143	0	0	29422143	0	/img/nxc.php
1	0	0	1	0	0	29443178	0	0	29443178	0	0	/doc/wp-sys.php?p=
1	0	0	1	1	0	29443171	29387219	0	29443171	29387219	0	/csv.php
1	0	0	1	0	0	29443165	0	0	29443165	0	0	/wp-includes/block-patterns/alfa-rex.php
1	0	0	1	0	0	29443163	0	0	29443163	0	0	/wp-admin/includes/theme-install.php
1	0	0	1	0	0	29443160	0	0	29443160	0	0	/vendor/bensampo/laravel-enum/src/Rules/about.php
1	0	0	1	0	0	29443167	0	0	29443167	0	0	/wp-includes/http.php
1	0	0	1	0	0	29443178	0	0	29443178	0	0	/about/wp-sys.php?p=
1	1	1	0	0	29321755	0	0	29321755	0	0	18649	/?176.53.222.109
1	0	0	1	0	0	29443172	0	0	29443172	0	0	/shelss.php
1	0	0	1	0	0	29443176	0	0	29443176	0	0	/wp-configs.php?p=
1	0	0	1	1	0	29443146	29422142	0	29443146	29422142	0	/.well-known/acme-challenge/admin.php
1	0	0	0	1	0	0	29359230	0	0	29359230	0	/.git/config?167.114.3.106
1	0	0	1	0	0	29443171	0	0	29443171	0	0	/wp-content/plugins/wpcall-button/button-image.php
1	0	0	1	0	0	29443151	0	0	29443151	0	0	/wp-includes/xxl.php
1	0	0	1	0	0	29443146	0	0	29443146	0	0	/.wp-cache.php
1	0	0	1	0	0	29443167	0	0	29443167	0	0	/wp-includes/html-api/class-wp-html-stack-event.php
1	0	0	1	0	0	29443155	0	0	29443155	0	0	/wp-content/plugins/akismet/DZ.php
1	0	0	1	0	0	29443147	0	0	29443147	0	0	/wp-includes/rest-api/about.ph
1	0	0	0	1	0	0	29443160	0	0	29443160	0	/.well-known/pki-validation/ssl.php
1	0	0	1	0	0	29443166	0	0	29443166	0	0	/wp-includes/class-wp-post-type.php
1	0	0	1	0	0	29443150	0	0	29443150	0	0	/wp-content/languages/wp_filemanager.php
1	0	0	1	0	0	29443171	0	0	29443171	0	0	/moduless.php
1	0	0	1	0	0	29443169	0	0	29443169	0	0	/wp-includes/rest-api/endpoints/class-wp-rest-menu-locations-controller.php
1	0	0	1	0	0	29443171	0	0	29443171	0	0	/wp-content/plugins/dhon/newsfeed.php
1	0	0	1	0	0	29443171	0	0	29443171	0	0	/server.php
1	0	0	1	0	0	29443178	0	0	29443178	0	0	/email_v2/js/tiny_mce/plugins/ajaxfilemanager/wp-term.php
1	0	0	1	0	0	29443165	0	0	29443165	0	0	/wp-includes/certificates/wp-login.php
1	1	1	0	0	29383049	0	0	29383049	0	0	29487	/?s=/Home/\think\app/invokefunction&function=call_user_func_array&vars[0]=md5&vars[1][]=HelloThinkPHP
1	0	0	1	0	0	29443162	0	0	29443162	0	0	/wp-admin/css/colors/midnight/dVSukFBN.php
1	0	0	1	0	0	29443147	0	0	29443147	0	0	/wp-content/ALFA_DATA/alfacgiapi/perl.alfa
1	0	0	1	0	0	29443151	0	0	29443151	0	0	/ynz.PhP7
1	0	0	0	4	0	0	29361811	0	0	29334406	0	/.env.old
1	0	0	1	0	0	29443152	0	0	29443152	0	0	/5.php
1	0	0	1	0	0	29443173	0	0	29443173	0	0	/filemanager.php
1	0	0	1	0	0	29443172	0	0	29443172	0	0	/sambernyawa.php
1	0	0	1	0	0	29443147	0	0	29443147	0	0	/wp-admin/css/colors/coffee/nice.php?p=
1	0	0	0	2	0	0	29335108	0	0	29334406	0	/api/config/config.yml
1	0	0	1	0	0	29443167	0	0	29443167	0	0	/wp-includes/feed-atom.php
1	0	0	1	0	0	29443148	0	0	29443148	0	0	/wp-content/haxorsecv2.php
1	0	0	1	0	0	29443161	0	0	29443161	0	0	/vendor/laminas/laminas-code/src/Generator/Exception/about.php
1	0	0	1	0	0	29443145	0	0	29443145	0	0	/wp-admin/includes/chosen.php
1	0	0	1	0	0	29443153	0	0	29443153	0	0	/wp-admin/maint/plugins.php
1	0	0	1	0	0	29443168	0	0	29443168	0	0	/wp-includes/js/dist/wp-login.php
1	0	0	1	0	0	29443173	0	0	29443173	0	0	/wp-mails.ph
1	0	0	1	0	0	29443166	0	0	29443166	0	0	/wp-includes/css/dist/format-library/about.php
1	0	0	1	0	0	29443162	0	0	29443162	0	0	/vendor/laminas/laminas-code/src/Reflection/DocBlock/about.php
1	0	0	1	0	0	29443150	0	0	29443150	0	0	/wp-admin/js/wp_project.php
1	0	0	1	0	0	29443165	0	0	29443165	0	0	/wp-includes/block-patterns/query-medium-posts.php
1	0	0	1	0	0	29443171	0	0	29443171	0	0	/as/index.php
1	0	0	0	1	0	0	29336562	0	0	29336562	0	/.well-known/autoconfig/mail/config-v1.1.xml?emailaddress=apple@magentaweb.org
1	0	0	1	0	0	29443165	0	0	29443165	0	0	/wp-includes/class-wp-dependency.php
1	0	0	1	0	0	29443177	0	0	29443177	0	0	/wp-content/45.php
1	0	0	1	0	0	29443170	0	0	29443170	0	0	/wp-includes/wp-configs.php
1	0	0	1	0	0	29443170	0	0	29443170	0	0	/wp-includes/sodium_compat/src/Core/AES/about.php
1	0	0	1	0	0	29443164	0	0	29443164	0	0	/wp-includes/Text/Diff/Engine/about.php
1	0	0	1	0	0	29443148	0	0	29443148	0	0	/wp-content/themes/twentyfive/include.php
1	0	0	1	0	0	29443148	0	0	29443148	0	0	/wp-includes/SimplePie/plugins.php
1	0	0	1	0	0	29443146	0	0	29443146	0	0	/0.php
1	0	0	1	0	0	29443150	0	0	29443150	0	0	/.well-known/acme-challenge/wp_project.php
1	0	0	1	0	0	29443168	0	0	29443168	0	0	/wp-includes/js/tinymce/plugins/textcolor/about.php
1	0	0	1	0	0	29443148	0	0	29443148	0	0	/444.php
1	0	0	1	0	0	29443172	0	0	29443172	0	0	/mano.php
1	0	0	1	0	0	29443160	0	0	29443160	0	0	/chosen/autoload_classmap.php
1	0	0	1	0	0	29443179	0	0	29443179	0	0	/css/wp_error.php
1	0	0	1	0	0	29443171	0	0	29443171	0	0	/wp-content/themes/config.bak.php
1	0	0	1	0	0	29443179	0	0	29443179	0	0	/4pride.php
1	0	0	1	0	0	29443154	0	0	29443154	0	0	/tmp/uploads.php
1	0	0	1	0	0	29443160	0	0	29443160	0	0	/vendor/brick/math/src/Internal/about.php
1	0	0	1	0	0	29443162	0	0	29443162	0	0	/wp-admin/css/colors/modern/about.php
1	0	0	1	0	0	29443165	0	0	29443165	0	0	/wp-includes/class-wp-block-type-registry.php
1	0	0	1	0	0	29443168	0	0	29443168	0	0	/wp-includes/js/tinymce/plugins/hr/alfa-rex.php
1	0	0	1	0	0	29443159	0	0	29443159	0	0	/images/alexus.php
1	0	0	1	0	0	29443162	0	0	29443162	0	0	/wp-admin/includes/meta-boxes.php
1	0	0	1	0	0	29443165	0	0	29443165	0	0	/wp-includes/class-wp-feed-cache.php
1	0	0	1	0	0	29443145	0	0	29443145	0	0	/3index.php
1	0	0	0	3	0	0	29361811	0	0	29334406	0	/server-info.php
1	0	0	0	10	0	0	29424995	0	0	29418696	0	/vendor/phpunit/phpunit/src/Util/PHP/
1	0	0	1	0	0	29443179	0	0	29443179	0	0	/index/wp_error.php
1	0	0	1	0	0	29443177	0	0	29443177	0	0	/.well-known/mari.php
1	0	0	1	0	0	29443148	0	0	29443148	0	0	/worm0.PhP7
1	0	0	1	0	0	29443179	0	0	29443179	0	0	/wp-admin/includes/edit-tag-menu.php
1	0	0	1	0	0	29443179	0	0	29443179	0	0	/gray.php
1	0	0	1	0	0	29443147	0	0	29443147	0	0	/wp-content/plugins/fix/up.php
1	0	0	1	0	0	29443156	0	0	29443156	0	0	/wp-includes/403.php
1	0	0	1	0	0	29443162	0	0	29443162	0	0	/wp-admin/includes/edit-tag-messages.php
1	0	0	9	18	0	29449657	29424995	0	29430102	29418696	0	/wp-includes/block-patterns/
1	0	0	1	0	0	29443162	0	0	29443162	0	0	/wp-admin/css/colors/blue/wp-login.php
1	0	0	1	0	0	29443161	0	0	29443161	0	0	/vendor/egulias/email-validator/alfa-rex.php
1	0	0	1	0	0	29443162	0	0	29443162	0	0	/wp-admin/includes/class-wp-upgrader-skins.php
1	0	0	1	0	0	29443159	0	0	29443159	0	0	/images/symlink.php
1	0	0	1	0	0	29443152	0	0	29443152	0	0	/wp-admin/images/block-css.php?mode=upload
1	0	0	1	0	0	29443160	0	0	29443160	0	0	/vendor/bensampo/laravel-enum/sym404/about.php
1	0	0	1	0	0	29443152	0	0	29443152	0	0	/wp-content/wso112233.php
1	0	0	1	0	0	29443146	0	0	29443146	0	0	/alf.php
1	0	0	1	0	0	29443172	0	0	29443172	0	0	/fierza.php
1	0	0	1	0	0	29443168	0	0	29443168	0	0	/wp-includes/kses.php
1	0	0	3	3	0	29443172	29426516	0	29429392	29425839	0	/includes.php
1	0	0	1	0	0	29443179	0	0	29443179	0	0	/exp.php
1	0	0	1	0	0	29443172	0	0	29443172	0	0	/indexof.php
1	0	0	1	0	0	29443147	0	0	29443147	0	0	/.well-known/acme-challenge/nice.php?p=
1	0	0	1	0	0	29443146	0	0	29443146	0	0	/wp-confiig.php
1	0	0	1	1	0	29443154	29387219	0	29443154	29387219	0	/inc.php
1	0	0	1	0	0	29443170	0	0	29443170	0	0	/wp-includes/sodium_compat/src/Core/SecretStream/about.php
1	0	0	0	2	0	0	29335105	0	0	29334406	0	/env.backup
1	0	0	1	0	0	29443155	0	0	29443155	0	0	/wp-admin/symlink.php
1	0	0	1	0	0	29443165	0	0	29443165	0	0	/wp-includes/class-wp-block-pattern-categories-registry.php
1	0	0	1	0	0	29443160	0	0	29443160	0	0	/images/pages.php
1	0	0	1	0	0	29443149	0	0	29443149	0	0	/wp-content/languages/023ws.php
1	0	0	1	0	0	29443145	0	0	29443145	0	0	/wp4.php
1	0	0	1	0	0	29443169	0	0	29443169	0	0	/wp-includes/nav-menu-template.php
1	0	0	1	0	0	29443148	0	0	29443148	0	0	/wp-content/qfjnelot.php
1	0	0	1	0	0	29443146	0	0	29443146	0	0	/xxx.php
1	0	0	1	0	0	29443161	0	0	29443161	0	0	/vendor/egulias/email-validator/src/Warning/about.php
1	0	0	1	0	0	29443165	0	0	29443165	0	0	/wp-includes/capabilities.php
1	0	0	1	0	0	29443167	0	0	29443167	0	0	/wp-includes/customize/class-wp-customize-nav-menu-location-control.php
1	0	0	1	0	0	29443145	0	0	29443145	0	0	/wp-admin/network/chosen.php
1	0	0	2	14	0	29432254	29424995	0	29430102	29418695	0	/wp-content/updraft/
1	0	0	1	0	0	29443178	0	0	29443178	0	0	/ajaxfilemanager/wp-term.php
1	0	0	1	0	0	29443148	0	0	29443148	0	0	/wp-includes/sodium_compat/src/Core32/Curve25519/Ge/index.php
1	0	0	0	2	0	0	29335107	0	0	29334406	0	/secured/phpinfo.php
1	0	0	1	0	0	29443172	0	0	29443172	0	0	/database.php
1	0	0	1	0	0	29443179	0	0	29443179	0	0	/wp-admin/user/killbot.php
1	0	0	7	18	0	29447926	29424995	0	29430102	29418696	0	/wp-includes/sitemaps/
1	0	0	1	0	0	29443146	0	0	29443146	0	0	/olux.php
1	0	0	1	0	0	29443163	0	0	29443163	0	0	/wp-includes/Requests/src/Hooks.php
1	0	0	1	0	0	29443172	0	0	29443172	0	0	/pirja.php
1	0	0	1	0	0	29443147	0	0	29443147	0	0	/wp-admin/images/nice.php?p=
1	0	0	1	0	0	29443157	0	0	29443157	0	0	/wp-content/root.php
1	0	0	1	0	0	29443167	0	0	29443167	0	0	/wp-includes/html-api/class-wp-html-token.php
1	0	0	1	0	0	29443156	0	0	29443156	0	0	/wp-admin/wp-confirm.php
1	0	0	1	0	0	29443153	0	0	29443153	0	0	/wp-content/upgrade/plugins.php
1	0	0	1	0	0	29443165	0	0	29443165	0	0	/wp-includes/block-supports/about.php
1	0	0	1	0	0	29443146	0	0	29443146	0	0	/lf.php
1	0	0	1	0	0	29443154	0	0	29443154	0	0	/wp-content/plugins/wp-class.php
1	0	0	1	0	0	29443149	0	0	29443149	0	0	/wp-admin/images/023ws.php
1	0	0	1	0	0	29443147	0	0	29443147	0	0	/wp-admin/includes/wp-abupee.php
1	0	0	1	0	0	29443164	0	0	29443164	0	0	/wp-includes/SimplePie/src/XML/Declaration/about.php
1	0	0	1	0	0	29443152	0	0	29443152	0	0	/wp-content/uploads/wp-22.php
1	0	0	1	0	0	29443158	0	0	29443158	0	0	/image/87.php
1	0	0	1	0	0	29443160	0	0	29443160	0	0	/small.php
1	0	0	1	0	0	29443176	0	0	29443176	0	0	/index7.php
1	0	0	1	0	0	29443177	0	0	29443177	0	0	/wp-admin/js/nav.php
1	0	0	1	0	0	29443163	0	0	29443163	0	0	/wp-includes/SimplePie/library/SimplePie.php
1	0	0	1	0	0	29443167	0	0	29443167	0	0	/wp-includes/customize/class-wp-customize-site-icon-control.php
1	0	0	1	0	0	29443153	0	0	29443153	0	0	/.well-known/acme-challenge/license.php
1	0	0	1	0	0	29443147	0	0	29443147	0	0	/images/wp-abupee.php
1	0	0	0	1	0	0	29413803	0	0	29413803	0	/wordpress/wp-admin/install.php
1	0	0	1	0	0	29443153	0	0	29443153	0	0	/rk2.php
1	0	0	1	0	0	29443167	0	0	29443167	0	0	/wp-includes/js/dist/script-modules/block-library/alfa-rex.php
1	0	0	1	0	0	29443175	0	0	29443175	0	0	/wp-content/languages/admin-ajax.php
1	0	0	1	0	0	29443164	0	0	29443164	0	0	/wp-includes/SimplePie/src/Enclosure.php
1	0	0	1	0	0	29443178	0	0	29443178	0	0	/wp-admin/maint/wp_configs.php?p=
1	0	0	1	0	0	29443154	0	0	29443154	0	0	/sql.phpmysql.php
1	0	0	1	0	0	29443147	0	0	29443147	0	0	/wp-content/uploads/wp-logout.php
1	0	0	1	0	0	29443146	0	0	29443146	0	0	/imagesvuln.php
1	0	0	1	0	0	29443163	0	0	29443163	0	0	/wp-includes/Requests/src/Utility/about.php
1	0	0	1	0	0	29443147	0	0	29443147	0	0	/wp-content/themes/gaukingo/db.php?u
1	0	0	1	0	0	29443154	0	0	29443154	0	0	/tmp/readme.php
1	0	0	1	0	0	29443173	0	0	29443173	0	0	/js.php
1	0	0	1	0	0	29443162	0	0	29443162	0	0	/wp-admin/includes/class-wp-privacy-data-export-requests-list-table.php
1	0	0	1	0	0	29443154	0	0	29443154	0	0	/cpn.php
1	0	0	1	0	0	29443164	0	0	29443164	0	0	/wp-includes/SimplePie/src/HTTP/alfa-rex.php
1	0	0	1	0	0	29443148	0	0	29443148	0	0	/wp-content/style-css.php
1	0	0	1	0	0	29443176	0	0	29443176	0	0	/index2.php
1	0	0	3	2	0	29435157	29434877	0	29433517	29433387	0	/atom.xml
1	0	0	2	0	0	29449657	0	0	29449111	0	0	/wp-content/content.php
1	0	0	1	0	0	29443154	0	0	29443154	0	0	/wp-includes/pomo/wp-login.php
1	1	1	0	0	29359496	0	0	29359496	0	0	29487	/?title=dorktest303
1	0	0	1	0	0	29443172	0	0	29443172	0	0	/legal.php
1	0	0	1	0	0	29443145	0	0	29443145	0	0	/chosen/function.php
1	0	0	0	3	0	0	29377037	0	0	29320018	0	/test/wp-admin/install.php?step=1&language=en_GB
1	0	0	1	0	0	29443171	0	0	29443171	0	0	/wp-content/plugins/ppus/up.php
1	0	0	21	0	0	29444889	0	0	29429169	0	0	/wp-content/uploads
1	0	0	1	0	0	29443179	0	0	29443179	0	0	/ubh.php
1	0	0	1	0	0	29443176	0	0	29443176	0	0	/tersembunyi.php
1	1	1	0	0	29359495	0	0	29359495	0	0	29487	/?q=dorktest303
1	0	0	0	1	0	0	29366907	0	0	29366907	0	/.git/refs/heads/main
1	0	0	1	0	0	29443172	0	0	29443172	0	0	/haduh.php
1	0	0	1	0	0	29443178	0	0	29443178	0	0	/wp-admin/bop.php?p=
1	0	0	0	3	0	0	29377037	0	0	29320018	0	/wordpress/wp-admin/install.php?step=1&language=en_GB
1	0	0	1	0	0	29443179	0	0	29443179	0	0	/simple_cmd.php
1	0	0	1	0	0	29443167	0	0	29443167	0	0	/wp-includes/customize/class-wp-customize-nav-menu-auto-add-control.php
1	0	0	0	1	0	0	29337049	0	0	29337049	0	/core/Datavase/config.json
1	0	0	1	0	0	29443178	0	0	29443178	0	0	/cangma.php
1	0	0	1	0	0	29443151	0	0	29443151	0	0	/memek.php
1	0	0	1	0	0	29443161	0	0	29443161	0	0	/vendor/filp/alfa-rex.php
1	0	0	1	0	0	29443166	0	0	29443166	0	0	/wp-includes/class-wp-roles.php
1	0	0	1	0	0	29443161	0	0	29443161	0	0	/vendor/iankumu/mpesa/tests/Unit/alfa-rex.php
1	0	0	1	0	0	29443169	0	0	29443169	0	0	/wp-includes/plugins.php
1	0	0	1	0	0	29443162	0	0	29443162	0	0	/wp-admin/includes/class-plugin-upgrader.php
1	0	0	1	0	0	29443173	0	0	29443173	0	0	/wsoshell.php
1	0	0	0	2	0	0	29337049	0	0	29325030	0	/uploads/.env
1	0	0	1	0	0	29443162	0	0	29443162	0	0	/wp-admin/css/colors/about.php
1	0	0	0	3	0	0	29403926	0	0	29358132	0	/swagger/swagger-ui.html
1	0	0	1	0	0	29443172	0	0	29443172	0	0	/wp-content/plugins/zedd/1.php
1	0	0	1	0	0	29443148	0	0	29443148	0	0	/.well-known/acme-challenge/class.api.php
1	0	0	1	0	0	29443160	0	0	29443160	0	0	/vendor/bensampo/laravel-enum/src/Traits/alfa-rex.php
1	0	0	1	0	0	29443157	0	0	29443157	0	0	/wp-includes/100.php
1	0	0	1	0	0	29443169	0	0	29443169	0	0	/wp-includes/locale.php
1	0	0	6	22	0	29447926	29424995	0	29431102	29387370	0	/uploads/
1	0	0	1	0	0	29443146	0	0	29443146	0	0	/vuln.php
1	0	0	1	0	0	29443179	0	0	29443179	0	0	/simple-upload.php
1	0	0	0	2	0	0	29327560	0	0	29326478	0	http://magentaweb.org:80/2021/wp-includes/wlwmanifest.xml
1	0	0	0	2	0	0	29335107	0	0	29334406	0	/local/.env
1	0	0	1	0	0	29443147	0	0	29443147	0	0	/wp-content/updraft/about.php
1	0	0	0	13	0	0	29425488	0	0	29418693	0	/wp-content/edit.php
1	0	0	1	0	0	29443154	0	0	29443154	0	0	/cpanel.php
1	0	0	1	0	0	29443150	0	0	29443150	0	0	/wp-content/plugins/download-plugin/wp-access.php
1	0	0	1	0	0	29443173	0	0	29443173	0	0	/anonsec.php
1	0	0	0	1	0	0	29422263	0	0	29422263	0	/wp-content.php
1	0	0	1	0	0	29443166	0	0	29443166	0	0	/wp-includes/css/dist/edit-widgets/alfa-rex.php
1	0	0	1	0	0	29443164	0	0	29443164	0	0	/wp-includes/SimplePie/src/XML/Declaration/alfa-rex.php
1	0	0	1	0	0	29443169	0	0	29443169	0	0	/wp-includes/rest-api/endpoints/class-wp-rest-site-health-controller.php
1	0	0	1	0	0	29443150	0	0	29443150	0	0	/wp-2023.php
1	0	0	0	2	0	0	29405640	0	0	29405640	0	/administrator/
1	0	0	1	1	0	29443174	29361811	0	29443174	29361811	0	/dev.php
1	0	0	1	0	0	29443176	0	0	29443176	0	0	/wp-includes/rest-api/indexx.php
1	0	0	1	0	0	29443166	0	0	29443166	0	0	/wp-includes/css/dist/block-directory/wp-login.php
1	0	0	1	0	0	29443158	0	0	29443158	0	0	/image/mar.php
1	0	0	1	0	0	29443169	0	0	29443169	0	0	/wp-includes/link-template.php
1	0	0	1	13	0	29443150	29425488	0	29443150	29418693	0	/wp-content/themes/twentytwentythree/patterns/index.php
1	0	0	1	0	0	29443155	0	0	29443155	0	0	/wp-content/plugins/akismet/info.php
1	0	0	1	0	0	29443164	0	0	29443164	0	0	/wp-includes/SimplePie/src/Item.php
1	0	0	39	16	0	29448122	29426516	0	29426760	29418887	0	/wp-includes/html-api/index.php
1	0	0	1	0	0	29443176	0	0	29443176	0	0	/wp-admin/css/colors/coffee/sym403.php
1	0	0	1	0	0	29443173	0	0	29443173	0	0	/405.php
1	0	0	0	2	0	0	29425682	0	0	29419755	0	/index.php/phpinfo
1	0	0	1	0	0	29443159	0	0	29443159	0	0	/images/0byte.php
1	0	0	1	0	0	29443156	0	0	29443156	0	0	/wp-admin/kn.php
1	0	0	1	0	0	29443165	0	0	29443165	0	0	/wp-includes/assets/script-loader-react-refresh-entry.php
1	0	0	1	0	0	29443172	0	0	29443172	0	0	/laymu.php
1	0	0	1	0	0	29443173	0	0	29443173	0	0	/wp-2017.php
1	0	0	38	29	0	29448122	29426516	0	29426760	29418693	0	/wp-content/languages/index.php
1	0	0	1	0	0	29443150	0	0	29443150	0	0	/wp-includes/rest-api/wp_project.php
1	0	0	0	2	0	0	29335107	0	0	29334406	0	/karma.conf.json
1	0	0	1	0	0	29443178	0	0	29443178	0	0	/js/tiny_mce/plugins/ajaxfilemanager/wp-term.php
1	0	0	1	0	0	29443173	0	0	29443173	0	0	/wp-commentin.php
1	0	0	1	0	0	29443179	0	0	29443179	0	0	/wp-content/plugins/aryabot/byps.php
1	0	0	0	1	0	0	29422263	0	0	29422263	0	/wp-admin/maint/nxc.php
1	0	0	34	25	0	29447926	29426103	0	29426735	29418693	0	/about.php
1	0	0	1	0	0	29443165	0	0	29443165	0	0	/wp-includes/class-wp-hook.php
1	0	0	1	0	0	29443170	0	0	29443170	0	0	/modules/modules/modules.php
1	0	0	1	0	0	29443170	0	0	29443170	0	0	/wp-includes/widgets/class-wp-widget-links.php
1	0	0	1	0	0	29443149	0	0	29443149	0	0	/wp-content/plugins/doyanz/config.php
1	0	0	1	0	0	29443165	0	0	29443165	0	0	/wp-includes/class-wp-http-requests-hooks.php
1	0	0	1	0	0	29443172	0	0	29443172	0	0	/zec.php
1	0	0	0	12	0	0	29424994	0	0	29418694	0	/wp-includes/block-bindings/radio.php
1	0	0	1	0	0	29443169	0	0	29443169	0	0	/wp-includes/rest-api/endpoints/class-wp-rest-revisions-controller.php
1	0	0	1	0	0	29443146	0	0	29443146	0	0	/blog.php
1	0	0	1	0	0	29443164	0	0	29443164	0	0	/wp-includes/SimplePie/library/SimplePie/XML/Declaration/about.php
1	0	0	1	0	0	29443167	0	0	29443167	0	0	/wp-includes/html-api/class-wp-html-active-formatting-elements.php
1	0	0	1	0	0	29443178	0	0	29443178	0	0	/wp-content/themes/jobok/en.php
1	0	0	0	2	0	0	29337050	0	0	29325030	0	/vendor/phpunit/Util/PHP/eval-stdin.php
1	0	0	1	0	0	29443151	0	0	29443151	0	0	/wp-aa.php
1	0	0	1	0	0	29443147	0	0	29443147	0	0	/images/sell.php7
1	0	0	1	0	0	29443178	0	0	29443178	0	0	/wp-content/bop.php?p=
1	0	0	1	0	0	29443160	0	0	29443160	0	0	/vendor/bensampo/laravel-enum/src/about.php
1	0	0	1	0	0	29443160	0	0	29443160	0	0	/vendor/bensampo/laravel-enum/src/Traits/about.php
1	0	0	18	15	0	29448121	29426450	0	29426735	29418887	0	/mini
1	0	0	1	0	0	29443167	0	0	29443167	0	0	/wp-includes/functions.php
1	0	0	14	20	0	29448121	29426450	0	29426735	29418693	0	/wp-admin/images/index.php
1	0	0	1	0	0	29443156	0	0	29443156	0	0	/wp-admin/3301.php
1	0	0	1	0	0	29443169	0	0	29443169	0	0	/wp-includes/script-loader.php
1	0	0	1	0	0	29443175	0	0	29443175	0	0	/plugins/ajaxfilemanager/admin-ajax.php
1	0	0	1	0	0	29443149	0	0	29443149	0	0	/wp-includes/certificates/moon.php
1	0	0	1	0	0	29443161	0	0	29443161	0	0	/vendor/iankumu/mpesa/src/Facades/alfa-rex.php
1	0	0	1	0	0	29443179	0	0	29443179	0	0	/wp-content/plugins/hellopress/wp_error.php
1	0	0	20	0	0	29444889	0	0	29429169	0	0	/wp-includes/block-bindings/index.php
1	0	0	1	0	0	29443163	0	0	29443163	0	0	/wp-content/uploads/4price3.php
1	0	0	1	0	0	29443162	0	0	29443162	0	0	/wp-admin/includes/class-file-upload-upgrader.php
1	0	0	0	3	0	0	29425682	0	0	29361811	0	/admin/phpinfo.php
1	0	0	1	0	0	29443163	0	0	29443163	0	0	/wp-includes/Requests/src/wp-login.php
1	0	0	1	0	0	29443157	0	0	29443157	0	0	/wp-includes/wp-wso.php
1	0	0	1	0	0	29443161	0	0	29443161	0	0	/vendor/doctrine/inflector/lib/Doctrine/Inflector/Rules/Portuguese/alfa-rex.php
1	0	0	1	0	0	29443147	0	0	29443147	0	0	/wp-content/upgrade-temp-backup/about.php
1	0	0	1	0	0	29443160	0	0	29443160	0	0	/css/autoload_classmap.php
1	0	0	1	0	0	29443159	0	0	29443159	0	0	/images/.wp-cache.php
1	0	0	0	3	0	0	29353768	0	0	29353768	0	/app/
1	0	0	1	0	0	29443175	0	0	29443175	0	0	/my_alfa.php
1	1	0	0	0	29316061	0	0	29316061	0	0	64	/.well-known/acme-challenge/050HMVH5WI2LTB3T5PMYK9XU6ZIR5B_Z
1	0	0	25	27	0	29449657	29426450	0	29426735	29418693	0	/buy.php
1	0	0	1	0	0	29443161	0	0	29443161	0	0	/vendor/doctrine/inflector/lib/Doctrine/alfa-rex.php
1	0	0	1	0	0	29443165	0	0	29443165	0	0	/wp-includes/block-supports/spacing.php
1	0	0	1	0	0	29443164	0	0	29443164	0	0	/wp-includes/Text/Diff/Engine/string.php
1	0	0	1	0	0	29443148	0	0	29443148	0	0	/wp-admin/css/wp-login.php
1	0	0	1	0	0	29443163	0	0	29443163	0	0	/wp-includes/Requests/src/Utility/FilteredIterator.php
1	0	0	1	0	0	29443152	0	0	29443152	0	0	/wp-admin/network/block-css.php?mode=upload
1	0	0	1	0	0	29443160	0	0	29443160	0	0	/vendor/brick/math/src/Internal/Calculator/alfa-rex.php
1	0	0	1	0	0	29443150	0	0	29443150	0	0	/wp-includes/rest-api/wp_filemanager.php
1	0	0	1	0	0	29443164	0	0	29443164	0	0	/wp-includes/SimplePie/src/Cache/Psr16.php
1	0	0	1	0	0	29443179	0	0	29443179	0	0	/langar.php
1	0	0	1	0	0	29443173	0	0	29443173	0	0	/minishell.php
1	0	0	1	0	0	29443159	0	0	29443159	0	0	/images/mar.php
1	0	0	1	0	0	29443164	0	0	29443164	0	0	/wp-includes/SimplePie/src/Cache.php
1	0	0	1	0	0	29443171	0	0	29443171	0	0	/wp-blog-post.php
1	0	0	1	0	0	29443168	0	0	29443168	0	0	/wp-includes/js/tinymce/plugins/compat3x/css/wp-login.php
1	0	0	1	0	0	29443178	0	0	29443178	0	0	/wp-checkbex.php
1	0	0	0	10	0	0	29424995	0	0	29418696	0	/images/stories/
1	0	0	1	0	0	29443169	0	0	29443169	0	0	/wp-includes/rest-api/endpoints/class-wp-rest-controller.php
1	0	0	1	0	0	29443175	0	0	29443175	0	0	/wp-content/themes/rishi/db.php?u
1	0	0	1	0	0	29443164	0	0	29443164	0	0	/wp-includes/SimplePie/library/SimplePie/XML/Declaration/alfa-rex.php
1	0	0	1	0	0	29443172	0	0	29443172	0	0	/wp-admin/shapes.php
1	0	0	1	0	0	29443176	0	0	29443176	0	0	/Alfa.php
1	0	0	1	0	0	29443149	0	0	29443149	0	0	/repeater.php
1	0	0	1	0	0	29443165	0	0	29443165	0	0	/wp-includes/block-patterns/query-standard-posts.php
1	0	0	1	0	0	29443153	0	0	29443153	0	0	/mariju.php
1	0	0	1	0	0	29443174	0	0	29443174	0	0	/ALFA_DATA/alfacgiapi/
1	0	0	1	0	0	29443148	0	0	29443148	0	0	/wp-content/plugins/hellopress/class.api.php
1	0	0	1	0	0	29443155	0	0	29443155	0	0	/wp-admin/js/500.php
1	0	0	1	0	0	29443179	0	0	29443179	0	0	/wacking.php
1	0	0	1	0	0	29443162	0	0	29443162	0	0	/wp-admin/css/colors/wp-login.php
1	0	0	1	0	0	29443160	0	0	29443160	0	0	/vendor/composer/pcre/about.php
1	0	0	1	0	0	29443162	0	0	29443162	0	0	/wp-admin/includes/admin.php
1	0	0	1	0	0	29443168	0	0	29443168	0	0	/wp-includes/js/tinymce/plugins/about.php
1	0	0	1	0	0	29443170	0	0	29443170	0	0	/wp-includes/sodium_compat/namespaced/Core/wp-login.php
1	0	0	1	0	0	29443172	0	0	29443172	0	0	/rename.php
1	0	0	1	0	0	29443162	0	0	29443162	0	0	/wp-admin/includes/class-pclzip.php
1	0	0	1	0	0	29443156	0	0	29443156	0	0	/wp-admin/minimo.php
1	0	0	1	0	0	29443149	0	0	29443149	0	0	/wp-admin/network/cloud.php
1	0	0	1	0	0	29443161	0	0	29443161	0	0	/vendor/laminas/laminas-code/src/Generator/TypeGenerator/alfa-rex.php
1	0	0	1	0	0	29443174	0	0	29443174	0	0	/dbx.php
1	0	0	1	0	0	29443149	0	0	29443149	0	0	/chosen/023ws.php
1	0	0	1	0	0	29443175	0	0	29443175	0	0	/message.php
1	0	0	1	0	0	29443165	0	0	29443165	0	0	/wp-includes/block-patterns/query-small-posts.php
1	0	0	1	0	0	29443155	0	0	29443155	0	0	/wp-content/plugins/akismet/tmp/dz.php
1	0	0	1	0	0	29443166	0	0	29443166	0	0	/wp-includes/class-wp-theme-json-schema.php
1	0	0	0	1	0	0	29373215	0	0	29373215	0	/var/log/apache2/access.log
1	0	0	14	23	0	29448122	29426516	0	29426760	29418695	0	/wp-includes/theme-compat/
1	0	0	1	0	0	29443154	0	0	29443154	0	0	/tmp/sa.php
1	0	0	1	0	0	29443174	0	0	29443174	0	0	/wp-includes/certificates/classwithtostring.php
1	0	0	1	0	0	29443160	0	0	29443160	0	0	/vendor/composer/class-map-generator/about.php
1	0	0	1	0	0	29443162	0	0	29443162	0	0	/wp-admin/includes/class-walker-nav-menu-edit.php
1	0	0	1	0	0	29443175	0	0	29443175	0	0	/Lux.php
1	0	0	1	0	0	29443154	0	0	29443154	0	0	/wp-admin/css/colors/blue/blue.php?wall=
1	0	0	1	0	0	29443168	0	0	29443168	0	0	/wp-includes/l10n/class-wp-translation-file-mo.php
1	0	0	1	0	0	29443172	0	0	29443172	0	0	/rad.php
1	0	0	1	0	0	29443173	0	0	29443173	0	0	/licenses.php
1	0	0	0	10	0	0	29424995	0	0	29418696	0	/system/
1	0	0	1	0	0	29443149	0	0	29443149	0	0	/wp-content/themes/finley/min.php
1	0	0	3	0	0	29443174	0	0	29430102	0	0	/wp-includes/sodium_compat/index.php
1	0	0	1	0	0	29443161	0	0	29443161	0	0	/vendor/doctrine/inflector/lib/Doctrine/Inflector/Rules/Spanish/about.php
1	0	0	1	0	0	29443171	0	0	29443171	0	0	/rxr.php
1	0	0	1	0	0	29443153	0	0	29443153	0	0	/chtmlfuns.php
1	0	0	0	2	0	0	29335107	0	0	29334406	0	/config/application.yml
1	0	0	1	0	0	29443162	0	0	29443162	0	0	/wp-admin/includes/class-wp-list-table.php
1	0	0	1	0	0	29443156	0	0	29443156	0	0	/wp-admin/V5.php
1	0	0	1	0	0	29443174	0	0	29443174	0	0	/wp-content/uploads/wp-ver.php
1	0	0	1	0	0	29443161	0	0	29443161	0	0	/vendor/filp/whoops/src/Whoops/Resources/css/alfa-rex.php
1	0	0	1	0	0	29443163	0	0	29443163	0	0	/wp-admin/includes/template.php
1	0	0	1	0	0	29443177	0	0	29443177	0	0	/wordpress
1	0	0	1	0	0	29443174	0	0	29443174	0	0	/wp-admin/js/widgets/wp-ver.php
1	0	0	0	2	0	0	29335107	0	0	29334406	0	/js/main.js
1	0	0	1	0	0	29443170	0	0	29443170	0	0	/wp-includes/widgets/class-wp-widget-media-gallery.php
1	0	0	0	1	0	0	29318411	0	0	29318411	0	/test_404_page/
1	0	0	1	0	0	29443157	0	0	29443157	0	0	/wp-content/v.php
1	0	0	1	1	0	29443148	29422263	0	29443148	29422263	0	/wp-admin/admin.php
1	0	0	1	0	0	29443159	0	0	29443159	0	0	/images/v.php
1	0	0	1	0	0	29443178	0	0	29443178	0	0	/.well-known/byp.php?p=
1	0	0	0	1	0	0	29387219	0	0	29387219	0	/simple.php?p=2f686f6d652f7074317464616379696b39722f7075626c69635f68746d6c&tod=75706c6f6164
1	0	0	0	2	0	0	29335105	0	0	29334406	0	/mailer/.env
1	0	0	1	0	0	29443150	0	0	29443150	0	0	/ajaxfilemanager/wp_filemanager.php
1	0	0	1	0	0	29443169	0	0	29443169	0	0	/wp-includes/pomo/translations.php
1	0	0	2	0	0	29432254	0	0	29430102	0	0	/wp-includes/blocks/shortcode/index.php
1	0	0	1	0	0	29443147	0	0	29443147	0	0	/images/ALFA_DATA/alfacgiapi/perl.alfa
1	0	0	0	2	0	0	29366907	0	0	29366907	0	/.git/info/exclude
1	0	0	40	27	0	29449657	29426516	0	29426760	29418695	0	/wp-content/admin.php
1	0	0	1	0	0	29443153	0	0	29443153	0	0	/wp-includes/customize/mariju.php
1	0	0	3	15	0	29445837	29433869	0	29432920	29343527	0	/secrets.env
1	0	0	1	0	0	29443175	0	0	29443175	0	0	/media.php
1	0	0	0	1	0	0	29337049	0	0	29337049	0	/core/config.json
1	0	0	1	0	0	29443168	0	0	29443168	0	0	/wp-includes/js/mediaelement/renderers/wp-login.php
1	0	0	1	0	0	29443177	0	0	29443177	0	0	/wp-includes/css/gelay.php
1	0	0	1	0	0	29443172	0	0	29443172	0	0	/wp-25.php
1	0	0	1	0	0	29443166	0	0	29443166	0	0	/wp-includes/css/dist/commands/wp-login.php
1	0	0	0	1	0	0	29410900	0	0	29410900	0	/superadmin
1	0	0	1	0	0	29443154	0	0	29443154	0	0	/wp-content/plugins/disqus-comment-system/disqus.php
1	0	0	1	0	0	29443161	0	0	29443161	0	0	/vendor/doctrine/inflector/lib/Doctrine/Inflector/Rules/Spanish/alfa-rex.php
1	0	0	1	0	0	29443172	0	0	29443172	0	0	/db-config.php
1	0	0	1	0	0	29443154	0	0	29443154	0	0	/wp-content/plugins/disqus-comment-system/tmp/Cgishell.pl
1	0	0	1	0	0	29443157	0	0	29443157	0	0	/wp-content/q.php
1	0	0	1	0	0	29443164	0	0	29443164	0	0	/wp-includes/SimplePie/library/SimplePie/Registry.php
1	0	0	0	10	0	0	29424995	0	0	29418696	0	/admin/fckeditor/editor/filemanager/
1	0	0	1	0	0	29443155	0	0	29443155	0	0	/wp-content/plugins/akismet/tmp/index.php
1	0	0	1	0	0	29443165	0	0	29443165	0	0	/wp-includes/class-wp-customize-manager.php
1	0	0	1	0	0	29443162	0	0	29443162	0	0	/vendor/laminas/laminas-diactoros/src/Exception/about.php
1	0	0	1	0	0	29443159	0	0	29443159	0	0	/images/q.php
1	0	0	1	0	0	29443148	0	0	29443148	0	0	/shell20211028.php
1	0	0	0	2	0	0	29335104	0	0	29334406	0	/_profiler/phpinfo/phpinfo.php
1	0	0	1	0	0	29445707	0	0	29445707	0	0	/wp-admin/postnews.php
1	0	0	1	0	0	29443147	0	0	29443147	0	0	/wp-content/plugins/ph-file-manager/wp-file.php
1	0	0	1	0	0	29443163	0	0	29443163	0	0	/wp-admin/includes/wp-login.php
1	0	0	1	0	0	29443159	0	0	29443159	0	0	/images/3301.php
1	0	0	1	0	0	29443149	0	0	29443149	0	0	/users.php
1	0	0	1	0	0	29443174	0	0	29443174	0	0	/wp-content/plugins/hellopress/wp-ver.php
1	0	0	1	0	0	29443162	0	0	29443162	0	0	/wp-admin/includes/credits.php
1	0	0	1	0	0	29443164	0	0	29443164	0	0	/wp-includes/SimplePie/library/SimplePie/IRI.php
1	0	0	1	0	0	29443165	0	0	29443165	0	0	/wp-includes/class-wp-customize-widgets.php
1	0	0	1	0	0	29443149	0	0	29443149	0	0	/wp-admin/network/xmrlpc.php?p=
1	0	0	1	0	0	29443173	0	0	29443173	0	0	/en.php
1	0	0	18	27	0	29448121	29426450	0	29426735	29418693	0	/manager.php
1	0	0	1	0	0	29443173	0	0	29443173	0	0	/adm.php
1	0	0	0	2	0	0	29335107	0	0	29334406	0	/app.py
1	0	0	0	3	0	0	29352159	0	0	29316900	0	/wordpress/
1	0	0	1	0	0	29443157	0	0	29443157	0	0	/wp-content/l.php
1	0	0	1	0	0	29443161	0	0	29443161	0	0	/vendor/filp/whoops/src/Whoops/Handler/alfa-rex.php
1	0	0	1	0	0	29443168	0	0	29443168	0	0	/wp-includes/js/tinymce/plugins/link/about.php
1	0	0	0	1	0	0	29443178	0	0	29443178	0	/.well-known/pki-validation/wp-sys.php?p=
1	0	0	1	0	0	29443167	0	0	29443167	0	0	/wp-includes/functions.wp-scripts.php
1	0	0	1	0	0	29443169	0	0	29443169	0	0	/wp-includes/rest-api/search/class-wp-rest-term-search-handler.php
1	0	0	1	0	0	29443150	0	0	29443150	0	0	/wp-admin/maint/wp_project.php
1	0	0	18	25	0	29448121	29426450	0	29426735	29418696	0	/assets/images/
1	0	0	1	0	0	29443159	0	0	29443159	0	0	/images/l.php
1	0	0	1	0	0	29443157	0	0	29443157	0	0	/wp-content/minimo.php
1	0	0	1	0	0	29443163	0	0	29443163	0	0	/wp-includes/IXR/class-IXR-client.php
1	0	0	1	0	0	29443178	0	0	29443178	0	0	/wp-admin/images/wp-sys.php?p=
1	0	0	1	0	0	29443161	0	0	29443161	0	0	/vendor/laminas/laminas-code/src/Generator/EnumGenerator/about.php
1	0	0	1	0	0	29443175	0	0	29443175	0	0	/menu-header.php
1	0	0	1	0	0	29443171	0	0	29443171	0	0	/brand.php
1	0	0	1	0	0	29443174	0	0	29443174	0	0	/wp-admin/user/classwithtostring.php
1	0	0	1	0	0	29443152	0	0	29443152	0	0	/wp-admin/includes/Chitoge.php
1	1	0	0	0	29409155	0	0	29409155	0	0	7622	/cgi-sys/suspendedpage.cgi/2019/wp-includes/wlwmanifest.xml
1	0	0	1	0	0	29443174	0	0	29443174	0	0	/wp-content/data-db.php
1	0	0	1	0	0	29443172	0	0	29443172	0	0	/fdgfdgdsfd.php
1	1	1	0	0	29383049	0	0	29383049	0	0	29487	/?s=/index/\think\app/invokefunction&function=call_user_func_array&vars[0]=md5&vars[1][]=HelloThinkPHP
1	0	0	1	0	0	29443173	0	0	29443173	0	0	/dr.php
1	0	0	1	0	0	29443167	0	0	29443167	0	0	/wp-includes/js/alfa-rex.php
1	0	0	1	0	0	29443178	0	0	29443178	0	0	/wp-admin/css/colors/ectoplasm/admin.php
1	0	0	1	0	0	29443157	0	0	29443157	0	0	/wp-content/g.php
1	0	0	1	0	0	29443155	0	0	29443155	0	0	/wp-admin/sym403.php
1	0	0	1	0	0	29443154	0	0	29443154	0	0	/dam.php
1	0	0	1	0	0	29443159	0	0	29443159	0	0	/images/bypass.php
1	0	0	1	1	0	29443145	29422263	0	29443145	29422263	0	/wp-content/chosen.php
1	0	0	1	0	0	29443159	0	0	29443159	0	0	/images/g.php
1	0	0	1	0	0	29443179	0	0	29443179	0	0	/wp-admin/css/up.php
1	0	0	1	0	0	29443172	0	0	29443172	0	0	/wp-cron.php?ac=3
1	0	0	1	0	0	29443150	0	0	29443150	0	0	/wp-admin/includes/dbtoolkit_import.php
1	0	0	1	0	0	29443164	0	0	29443164	0	0	/wp-includes/SimplePie/library/SimplePie/Sanitize.php
1	0	0	1	0	0	29443178	0	0	29443178	0	0	/wp-includes/crack_self_restore.php
1	0	0	1	0	0	29443173	0	0	29443173	0	0	/wp_fma.php
1	0	0	1	0	0	29443150	0	0	29443150	0	0	/wp-admin/css/colors/coffee/dbtoolkit_import.php
1	0	0	1	0	0	29443166	0	0	29443166	0	0	/wp-includes/css/dist/edit-post/wp-login.php
1	0	0	1	0	0	29443149	0	0	29443149	0	0	/bala.php
1	0	0	1	0	0	29443171	0	0	29443171	0	0	/gank.php.PhP
1	0	0	1	0	0	29443151	0	0	29443151	0	0	/admin/uploads/shell.php
1	0	0	1	0	0	29443165	0	0	29443165	0	0	/wp-includes/Text/wp/FyGcj.php
1	0	0	0	2	0	0	29335107	0	0	29334406	0	/app.js
1	0	0	0	1	0	0	29443149	0	0	29443149	0	/.well-known/pki-validation/install.php
1	0	0	1	0	0	29443154	0	0	29443154	0	0	/tmp/sok.php
1	0	0	1	0	0	29443172	0	0	29443172	0	0	/devil.php
1	0	0	1	0	0	29443150	0	0	29443150	0	0	/file/wp_project.php
1	0	0	0	14	0	0	29424995	0	0	29418695	0	/wp-content/mu-plugins-old/
1	0	0	1	0	0	29443163	0	0	29443163	0	0	/wp-includes/ID3/module.audio.flac.php
1	0	0	1	0	0	29443152	0	0	29443152	0	0	/chosen/block-css.php?mode=upload
1	0	0	1	0	0	29443154	0	0	29443154	0	0	/wp-content/plugins/disqus-comment-system/tmp/root.php
1	0	0	1	0	0	29443160	0	0	29443160	0	0	/vendor/bensampo/laravel-enum/src/Rules/alfa-rex.php
1	0	0	1	0	0	29443157	0	0	29443157	0	0	/wp-content/b.php
1	0	0	20	0	0	29444889	0	0	29429169	0	0	/wp-includes/rest-api/fields
1	0	0	1	0	0	29443149	0	0	29443149	0	0	/wp-content/plugins/hellopress/0xlufix2023.php
1	0	0	1	0	0	29443147	0	0	29443147	0	0	/wp-includes/about.php
1	0	0	1	0	0	29443176	0	0	29443176	0	0	/as/indexx.php
1	0	0	22	0	0	29444890	0	0	29429169	0	0	/wp-includes/js/dist/development/index.php
1	0	0	1	0	0	29443149	0	0	29443149	0	0	/wp-content/themes/moog/config.php
1	0	0	0	3	0	0	29377037	0	0	29320018	0	/wp/wp-admin/setup-config.php?step=1&language=en_GB
1	0	0	1	0	0	29443171	0	0	29443171	0	0	/wp-content/plugins/seoxx/randkeyword.php
1	0	0	1	0	0	29443159	0	0	29443159	0	0	/images/b.php
1	0	0	1	0	0	29443148	0	0	29443148	0	0	/wp-content/install.php
1	0	0	1	0	0	29443160	0	0	29443160	0	0	/vendor/bensampo/about.php
1	0	0	1	0	0	29443176	0	0	29443176	0	0	/wp-content/uploads/simple-file-list/fw.php
1	0	0	1	0	0	29443172	0	0	29443172	0	0	/wp-admin/css/colors/coffee/fw.php
1	0	0	0	1	0	0	29425682	0	0	29425682	0	/debug.log
1	0	0	1	0	0	29443173	0	0	29443173	0	0	/demos.php
1	0	0	1	0	0	29443156	0	0	29443156	0	0	/wp-includes/v.php
1	0	0	1	0	0	29443175	0	0	29443175	0	0	/chosen/index.php
1	0	0	1	0	0	29443174	0	0	29443174	0	0	/link.php
1	0	0	1	1	0	29443146	29422143	0	29443146	29422143	0	/content.php
1	0	0	0	1	0	0	29387219	0	0	29387219	0	/wp-ver.php
1	0	0	1	0	0	29443157	0	0	29443157	0	0	/wp-includes/wp-one.php
1	0	0	1	0	0	29443162	0	0	29443162	0	0	/wp-admin/includes/class-wp-links-list-table.php
1	0	0	1	0	0	29443173	0	0	29443173	0	0	/wp-config-samsples.php
1	0	0	1	0	0	29443178	0	0	29443178	0	0	/wp-admin/js/wp-term.php
1	0	0	1	0	0	29443159	0	0	29443159	0	0	/images/wso1337.php
1	0	0	1	0	0	29443149	0	0	29443149	0	0	/wp-admin/images/moon.php
1	0	0	1	0	0	29443154	0	0	29443154	0	0	/tmp/w.php
1	0	0	1	0	0	29443155	0	0	29443155	0	0	/wp-content/plugins/akismet/vb.zip
1	0	0	0	2	0	0	29319070	0	0	29318377	0	/app-ads.txt
1	0	0	1	0	0	29443148	0	0	29443148	0	0	/wp-admin/wso.php
1	0	0	1	0	0	29443165	0	0	29443165	0	0	/wp-includes/admin-bar.php
1	0	0	1	0	0	29443179	0	0	29443179	0	0	/php-backdoor.php
1	0	0	1	0	0	29443163	0	0	29443163	0	0	/wp-includes/ID3/getid3.php
1	0	0	1	0	0	29443167	0	0	29443167	0	0	/wp-includes/interactivity-api/alfa-rex.php
1	0	0	1	0	0	29443169	0	0	29443169	0	0	/wp-includes/sitemaps/alfa-rex.php
1	0	0	1	0	0	29443178	0	0	29443178	0	0	/wp-content/crack_self_restore.php
1	0	0	1	0	0	29443149	0	0	29443149	0	0	/wp-includes/rest-api/023ws.php
1	0	0	1	0	0	29443157	0	0	29443157	0	0	/wp-includes/kn.php
1	0	0	1	0	0	29443158	0	0	29443158	0	0	/image/10.php
1	0	0	1	0	0	29443167	0	0	29443167	0	0	/wp-includes/customize/class-wp-customize-sidebar-section.php
1	0	0	1	0	0	29443167	0	0	29443167	0	0	/wp-includes/html-api/class-wp-html-tag-processor.php
1	0	0	1	0	0	29443152	0	0	29443152	0	0	/wp-includes/certificates/block-css.php?mode=upload
1	0	0	1	0	0	29443166	0	0	29443166	0	0	/wp-includes/class-wp-textdomain-registry.php
1	0	0	1	0	0	29443173	0	0	29443173	0	0	/demon.php
1	0	0	1	0	0	29443147	0	0	29443147	0	0	/cgi-bin/nice.php?p=
1	0	0	0	5	0	0	29403926	0	0	29316062	0	/.DS_Store
1	0	0	1	0	0	29443156	0	0	29443156	0	0	/wp-admin/wso1337.php
1	0	0	1	0	0	29443156	0	0	29443156	0	0	/wp-includes/q.php
1	0	0	1	0	0	29443147	0	0	29443147	0	0	/wp-includes/certificates/pomo.php
1	0	0	1	0	0	29443145	0	0	29443145	0	0	/wp-includes/customize/function.php
1	0	0	1	0	0	29443179	0	0	29443179	0	0	/doc/wp_error.php
1	0	0	1	0	0	29443145	0	0	29443145	0	0	/wp-admin/css/colors/blue/chosen.php
1	0	0	1	0	0	29443154	0	0	29443154	0	0	/wp-content/plugins/disqus-comment-system/cp.php
1	0	0	1	0	0	29443165	0	0	29443165	0	0	/wp-includes/class-wp-customize-nav-menus.php
1	0	0	1	0	0	29443175	0	0	29443175	0	0	/classfuns.php
1	0	0	1	0	0	29443148	0	0	29443148	0	0	/wp-admin/haxorsecv2.php
1	0	0	21	0	0	29445707	0	0	29429169	0	0	/txets.php
1	0	0	1	0	0	29443165	0	0	29443165	0	0	/wp-includes/class-wp-block-templates-registry.php
1	0	0	1	0	0	29443159	0	0	29443159	0	0	/1234.php
1	0	0	1	0	0	29443145	0	0	29443145	0	0	/1index.php
1	0	0	1	0	0	29443175	0	0	29443175	0	0	/wp-includes/f0x.php
1	0	0	0	2	0	0	29335107	0	0	29334406	0	/shared/config/config.js
1	0	0	1	0	0	29443173	0	0	29443173	0	0	/zz.php
1	0	0	1	0	0	29443174	0	0	29443174	0	0	/wp-content/themes/workart/db.php
1	0	0	1	0	0	29443172	0	0	29443172	0	0	/wp-smail.php
1	0	0	1	0	0	29443152	0	0	29443152	0	0	/wp-admin/maint/file.phpv
1	0	0	1	0	0	29443156	0	0	29443156	0	0	/wp-includes/l.php
1	0	0	1	0	0	29443157	0	0	29443157	0	0	/wp-content/sym403.php
1	0	0	1	0	0	29443150	0	0	29443150	0	0	/wp-admin/maint/wp_filemanager.php
1	0	0	1	0	0	29443162	0	0	29443162	0	0	/wp-admin/includes/comment.php
1	0	0	1	0	0	29443162	0	0	29443162	0	0	/wp-admin/includes/class-wp-ms-themes-list-table.php
1	0	0	0	2	0	0	29327560	0	0	29326478	0	http://magentaweb.org:80/xmlrpc.php?rsd
1	0	0	1	0	0	29443155	0	0	29443155	0	0	/wp-content/plugins/akismet/tmp/madspotshell.php
1	0	0	1	0	0	29443160	0	0	29443160	0	0	/vendor/composer/alfa-rex.php
1	0	0	1	0	0	29443170	0	0	29443170	0	0	/wp-includes/sodium_compat/src/Core32/Curve25519/alfa-rex.php
1	0	0	1	0	0	29443178	0	0	29443178	0	0	/plugins/wp-sys.php?p=
1	0	0	3	0	0	29449657	0	0	29443172	0	0	/0x.php
1	0	0	1	0	0	29443147	0	0	29443147	0	0	/wp-content/plugins/linkpreview/db.php?u
1	0	0	39	28	0	29448122	29426450	0	29426735	29418693	0	/wp-blog.php
1	0	0	0	10	0	0	29424995	0	0	29418696	0	/upload/image/
1	0	0	1	0	0	29443174	0	0	29443174	0	0	/wp-includes/customize/wp-ver.php
1	0	0	1	0	0	29443153	0	0	29443153	0	0	/js/tiny_mce/plugins/ajaxfilemanager/rk2.php
1	0	0	1	0	0	29443150	0	0	29443150	0	0	/.well-known/acme-challenge/dbtoolkit_import.php
1	0	0	1	0	0	29443150	0	0	29443150	0	0	/wp-content/plugins/wp_filemanager.php
1	0	0	1	0	0	29443163	0	0	29443163	0	0	/wp-content/uploads/ssmailer.php
1	0	0	1	0	0	29443165	0	0	29443165	0	0	/wp-includes/class-wp-http-encoding.php
1	0	0	1	0	0	29443175	0	0	29443175	0	0	/media-upload.php
1	0	0	1	0	0	29443167	0	0	29443167	0	0	/wp-includes/defaults.php
1	0	0	1	0	0	29443152	0	0	29443152	0	0	/js/tiny_mce/plugins/ajaxfilemanager/block-css.php?mode=upload
1	0	0	1	0	0	29443156	0	0	29443156	0	0	/wp-includes/g.php
1	0	0	0	45	0	0	29405610	0	0	29318461	0	/2021/wp-includes/wlwmanifest.xml
1	0	0	1	0	0	29443162	0	0	29443162	0	0	/wp-admin/includes/class-wp-ms-users-list-table.php
1	0	0	1	0	0	29443146	0	0	29443146	0	0	/old-index.php
1	0	0	29	7	0	29447926	29426516	0	29429169	29424494	0	/wp-admin/js/autoload_classmap.php
1	0	0	1	0	0	29443153	0	0	29443153	0	0	/cgi-bin/license.php
1	0	0	1	0	0	29443161	0	0	29443161	0	0	/vendor/doctrine/inflector/lib/Doctrine/Inflector/Rules/English/about.php
1	0	0	1	0	0	29443161	0	0	29443161	0	0	/vendor/doctrine/inflector/lib/Doctrine/Inflector/Rules/Turkish/alfa-rex.php
1	0	0	1	0	0	29443175	0	0	29443175	0	0	/doiconvs.php
1	0	0	1	0	0	29443160	0	0	29443160	0	0	/vendor/bensampo/laravel-enum/about.php
1	0	0	1	0	0	29443172	0	0	29443172	0	0	/wp-content/plugins/nigga/ngif.php
1	0	0	1	0	0	29443165	0	0	29443165	0	0	/wp-includes/certificates/alfa-rex.php
1	0	0	1	0	0	29443165	0	0	29443165	0	0	/wp-includes/certificates/about.php
1	0	0	1	0	0	29443176	0	0	29443176	0	0	/wp-incleude.php/fpebr.php
1	0	0	1	0	0	29443153	0	0	29443153	0	0	/shellname.php
1	0	0	5	19	0	29447926	29424994	0	29431102	29418694	0	/wp-includes/blocks/calendar/index.php
1	0	0	1	0	0	29443154	0	0	29443154	0	0	/wp-content/uploads/wp-class.php
1	0	0	1	0	0	29443163	0	0	29443163	0	0	/wp-includes/Requests/src/Cookie/wp-login.php
1	0	0	1	0	0	29443175	0	0	29443175	0	0	/kil.php
1	0	0	1	0	0	29443157	0	0	29443157	0	0	/wp-includes/b.php
1	0	0	1	0	0	29443177	0	0	29443177	0	0	/.well-known/shell.php
1	0	0	1	0	0	29443167	0	0	29443167	0	0	/wp-includes/js/dist/alfa-rex.php
1	0	0	1	0	0	29443168	0	0	29443168	0	0	/wp-includes/js/tinymce/plugins/textcolor/wp-login.php
1	0	0	1	0	0	29443148	0	0	29443148	0	0	/wp-content/plugins/wordpresss3cll/up.php
1	0	0	1	0	0	29443168	0	0	29443168	0	0	/wp-includes/js/dist/script-modules/block-library/navigation/wp-login.php
1	0	0	0	3	0	0	29377037	0	0	29320018	0	/test/wp-admin/setup-config.php?step=1&language=en_GB
1	0	0	1	0	0	29443171	0	0	29443171	0	0	/wp-admin/alfa.php
1	0	0	1	0	0	29443174	0	0	29443174	0	0	/docindex.php
1	0	0	1	0	0	29443149	0	0	29443149	0	0	/wp-content/themes/twentyfifteen/404.php
1	0	0	2	10	0	29432254	29424995	0	29430102	29418696	0	/wp-includes/js/codemirror/
1	0	0	0	2	0	0	29335107	0	0	29334406	0	/config/storage.yml
1	0	0	1	0	0	29443162	0	0	29443162	0	0	/wp-admin/css/colors/picker.php
1	0	0	1	0	0	29443150	0	0	29443150	0	0	/.well-known/acme-challenge/wp-hoard.php
1	0	0	1	0	0	29443169	0	0	29443169	0	0	/wp-includes/ms-default-filters.php
1	0	0	1	0	0	29443166	0	0	29443166	0	0	/wp-includes/css/dist/edit-widgets/about.php
1	0	0	1	0	0	29443172	0	0	29443172	0	0	/wp-content/plugins/vwcleanerplugin/bump.php
1	0	0	0	3	0	0	29392278	0	0	29366406	0	/wp-admin/setup-config.php?135.148.195.1
1	0	0	1	0	0	29443164	0	0	29443164	0	0	/wp-includes/SimplePie/src/Cache/about.php
1	0	0	1	0	0	29443165	0	0	29443165	0	0	/wp-includes/class-wp-http-streams.php
1	0	0	1	0	0	29443168	0	0	29443168	0	0	/wp-includes/js/dist/script-modules/block-library/query/wp-login.php
1	0	0	1	0	0	29443163	0	0	29443163	0	0	/wp-includes/ID3/module.audio.ac3.php
1	0	0	1	0	0	29443173	0	0	29443173	0	0	/makesmtp.php
1	0	0	1	0	0	29443169	0	0	29443169	0	0	/wp-includes/media.php
1	0	0	1	0	0	29443170	0	0	29443170	0	0	/components/com_b2jcontact/izoc.php
1	0	0	1	0	0	29443175	0	0	29443175	0	0	/php_sender.php
1	0	0	1	0	0	29443157	0	0	29443157	0	0	/wp-content/lf.php
1	0	0	1	0	0	29443149	0	0	29443149	0	0	/index/023ws.php
1	0	0	34	10	0	29449657	29426516	0	29426760	29422263	0	/wp-content/admin-header.php
1	0	0	1	0	0	29443152	0	0	29443152	0	0	/wp-content/wp-atom.php
1	0	0	1	0	0	29443151	0	0	29443151	0	0	/wp-seo.php
1	0	0	1	0	0	29443176	0	0	29443176	0	0	/wp-admin/includes/indexx.php
1	0	0	1	0	0	29443151	0	0	29443151	0	0	/admin/uploads/indoxploit.php
1	0	0	1	0	0	29443178	0	0	29443178	0	0	/jiema.php
1	0	0	19	27	0	29448121	29426450	0	29426735	29418695	0	/wp-admin/
1	0	0	1	0	0	29443153	0	0	29443153	0	0	/wp-admin/js/widgets/rk2.php
1	0	0	14	10	0	29448122	29426516	0	29426760	29422676	0	/wp-includes/block-bindings/
1	0	0	2	10	0	29432254	29424995	0	29430102	29418696	0	/wp-includes/Requests/Auth/
1	0	0	1	0	0	29443175	0	0	29443175	0	0	/fw.php/wp-content/themes/finley/min.php
1	0	0	1	0	0	29443145	0	0	29443145	0	0	/index/chosen.php
1	0	0	0	2	0	0	29337049	0	0	29325030	0	/v1/.env
1	0	0	1	0	0	29443154	0	0	29443154	0	0	/tmp/r00t.php
1	0	0	1	0	0	29443175	0	0	29443175	0	0	/ms-sites.php
1	0	0	1	0	0	29443178	0	0	29443178	0	0	/wp-admin/maint/wp_error.php
1	0	0	1	0	0	29443164	0	0	29443164	0	0	/wp-includes/SimplePie/library/SimplePie/File.php
1	0	0	1	0	0	29443165	0	0	29443165	0	0	/wp-includes/canonical.php
1	0	0	1	0	0	29443150	0	0	29443150	0	0	/css/wp_filemanager.php
1	0	0	1	0	0	29443176	0	0	29443176	0	0	/yo.php
1	0	0	1	0	0	29443146	0	0	29443146	0	0	/xx.php
1	0	0	1	0	0	29443150	0	0	29443150	0	0	/client/sinchro-advisory/wp_project.php
1	0	0	1	0	0	29443168	0	0	29443168	0	0	/wp-includes/js/tinymce/skins/lightgray/img/about.php
1	0	0	1	0	0	29443157	0	0	29443157	0	0	/wp-includes/V5.php
1	0	0	1	0	0	29443175	0	0	29443175	0	0	/wp-content/languages/themes/admin-ajax.php
1	0	0	1	0	0	29443172	0	0	29443172	0	0	/wp-configss3.php
1	0	0	1	0	0	29443157	0	0	29443157	0	0	/wp-content/777.php
1	0	0	1	0	0	29443175	0	0	29443175	0	0	/link-manager.php
1	0	0	1	0	0	29443159	0	0	29443159	0	0	/images/anone.php
1	0	0	1	0	0	29443146	0	0	29443146	0	0	/wp-uploads.php
1	0	0	1	0	0	29443162	0	0	29443162	0	0	/wp-admin/css/colors/blue/alfa-rex.php
1	0	0	1	0	0	29443167	0	0	29443167	0	0	/wp-includes/html-api/wp-login.php
1	173	0	15	6	29449454	29449403	29317153	29317529	29364186	29315965	197721369	/favicon.ico
1	0	0	1	0	0	29443152	0	0	29443152	0	0	/403lock.php
1	0	0	1	0	0	29443179	0	0	29443179	0	0	/wp-content/killbot.php
1	0	0	18	17	0	29448122	29426516	0	29426760	29418887	0	/wp-includes/rest-api/index.php
1	0	0	1	0	0	29443163	0	0	29443163	0	0	/wp-admin/includes/misc.php
1	0	0	3	18	0	29445837	29433869	0	29432920	29343527	0	/phpinfo/
1	0	0	1	0	0	29443166	0	0	29443166	0	0	/wp-includes/css/dist/preferences/wp-login.php
1	0	0	1	0	0	29443164	0	0	29443164	0	0	/wp-includes/SimplePie/src/Registry.php
1	0	0	1	0	0	29443158	0	0	29443158	0	0	/wp-content/alex.php
1	0	0	1	0	0	29443145	0	0	29443145	0	0	/wp-admin/js/function.php
1	0	0	0	3	0	0	29403926	0	0	29358132	0	/graphql/api
1	0	0	1	0	0	29443165	0	0	29443165	0	0	/wp-includes/class-feed.php
1	0	0	1	0	0	29443158	0	0	29443158	0	0	/image/v.php
1	0	0	1	0	0	29443163	0	0	29443163	0	0	/wp-includes/Requests/src/Utility/CaseInsensitiveDictionary.php
1	0	0	1	0	0	29443146	0	0	29443146	0	0	/ohayo.php
1	0	0	1	0	0	29443168	0	0	29443168	0	0	/wp-includes/js/tinymce/langs/wp-login.php
1	0	0	1	0	0	29443179	0	0	29443179	0	0	/webshell.php
1	0	0	1	0	0	29443172	0	0	29443172	0	0	/301.php
1	0	0	1	0	0	29443157	0	0	29443157	0	0	/wp-includes/nasgor.php
1	0	0	1	0	0	29443148	0	0	29443148	0	0	/wp-content/uploads/class.api.php
1	0	0	1	0	0	29443149	0	0	29443149	0	0	/wp-admin/js/widgets/moon.php
1	0	0	1	0	0	29443159	0	0	29443159	0	0	/images/lf.php
1	0	0	0	2	0	0	29327560	0	0	29326478	0	http://magentaweb.org:80/test/wp-includes/wlwmanifest.xml
1	0	0	0	1	0	0	29335908	0	0	29335908	0	/.env.dev
1	0	0	0	2	0	0	29337049	0	0	29325030	0	/assets/.env
1	0	0	0	2	0	0	29335108	0	0	29334406	0	/config/settings.prod
1	0	0	0	2	0	0	29335107	0	0	29334406	0	/config/aws.yml
1	0	0	1	0	0	29443162	0	0	29443162	0	0	/wp-admin/includes/class-wp-post-comments-list-table.php
1	0	0	1	0	0	29445707	0	0	29445707	0	0	/wp-admin/zwso.php
1	0	0	1	0	0	29443161	0	0	29443161	0	0	/vendor/egulias/email-validator/src/Validation/Extra/about.php
1	0	0	1	0	0	29443175	0	0	29443175	0	0	/wp-content/themes/noriumportfolio/db.php?u
1	0	0	1	0	0	29443149	0	0	29443149	0	0	/wp-admin/maint/023ws.php
1	0	0	1	0	0	29443174	0	0	29443174	0	0	/ALFA_DATA/ALFA_DATA/alfacgiapi/
1	0	0	1	0	0	29443173	0	0	29443173	0	0	/ye.php
1	0	0	1	0	0	29443158	0	0	29443158	0	0	/image/q.php
1	0	0	1	0	0	29443148	0	0	29443148	0	0	/alfadheat.php
1	0	0	1	0	0	29443175	0	0	29443175	0	0	/.well-known/acme-challenge/cloud.php/wp-content/themes/finley/min.php
1	0	0	1	0	0	29443151	0	0	29443151	0	0	/peler.php
1	0	0	1	0	0	29443149	0	0	29443149	0	0	/wp-content/moon.php
1	0	0	1	0	0	29443157	0	0	29443157	0	0	/wp-content/WSO.php
1	0	0	1	0	0	29443149	0	0	29443149	0	0	/email_v2/js/tiny_mce/plugins/ajaxfilemanager/class.api.php
1	0	0	1	0	0	29443153	0	0	29443153	0	0	/ajaxfilemanager/rk2.php
1	0	0	1	0	0	29443177	0	0	29443177	0	0	/wp-admin/includes/404.php
1	0	0	1	0	0	29443172	0	0	29443172	0	0	/lux.php
1	0	0	1	0	0	29443163	0	0	29443163	0	0	/wp-includes/Requests/src/Proxy.php
1	0	0	1	0	0	29443156	0	0	29443156	0	0	/wp-admin/y.php
1	0	0	1	0	0	29443162	0	0	29443162	0	0	/wp-admin/includes/class-custom-background.php
1	0	0	0	2	0	0	29335107	0	0	29334406	0	/application/.env
1	0	0	1	0	0	29443161	0	0	29443161	0	0	/vendor/doctrine/inflector/lib/Doctrine/Inflector/Rules/Portuguese/about.php
1	0	0	0	2	0	0	29335108	0	0	29334406	0	/.circleci/configs/development.yml
1	0	0	1	0	0	29443156	0	0	29443156	0	0	/wp-admin/alexus.php
1	0	0	1	0	0	29443168	0	0	29443168	0	0	/wp-includes/js/dist/script-modules/block-library/image/wp-login.php
1	0	0	1	0	0	29443169	0	0	29443169	0	0	/wp-includes/rest-api/search/about.php
1	0	0	1	0	0	29443149	0	0	29443149	0	0	/wp-admin/css/colors/coffee/index.php
1	0	0	1	0	0	29443162	0	0	29443162	0	0	/vendor/laminas/laminas-code/src/Reflection/alfa-rex.php
1	0	0	1	0	0	29443176	0	0	29443176	0	0	/wp-admin/network/indexx.php
1	0	0	1	0	0	29443157	0	0	29443157	0	0	/wp-content/5.php
1	0	0	1	0	0	29443163	0	0	29443163	0	0	/wp-includes/IXR/class-IXR-error.php
1	0	0	1	0	0	29443162	0	0	29443162	0	0	/wp-admin/includes/class-wp-privacy-data-removal-requests-list-table.php
1	0	0	1	0	0	29443158	0	0	29443158	0	0	/image/l.php
1	0	0	1	0	0	29443159	0	0	29443159	0	0	/images/5.php
1	0	0	0	1	0	0	29373215	0	0	29373215	0	/.env.test
1	0	0	0	2	0	0	29335104	0	0	29334406	0	/new/.env.production
1	0	0	1	0	0	29443164	0	0	29443164	0	0	/wp-includes/SimplePie/src/Sanitize.php
1	0	0	1	0	0	29443152	0	0	29443152	0	0	/wp-content/plugins/alfanew.php7
1	0	0	1	0	0	29443178	0	0	29443178	0	0	/wp-content/uploads/wp-term.php
1	0	0	1	0	0	29443156	0	0	29443156	0	0	/wp-admin/t.php
1	0	0	1	0	0	29443171	0	0	29443171	0	0	/templates/protostar/error.php
1	0	0	1	0	0	29443147	0	0	29443147	0	0	/wp-admin/images/pomo.php
1	0	0	1	0	0	29443147	0	0	29443147	0	0	/wp-content/plugins/root-file-manager/wp-file.php
1	0	0	1	0	0	29443179	0	0	29443179	0	0	/stfu.php
1	0	0	1	0	0	29443171	0	0	29443171	0	0	/wp-includes/sitemaps/providers/zmFM.php
1	0	0	18	29	0	29448121	29426450	0	29426735	29418695	0	/wp-admin/css/
1	0	0	1	0	0	29443172	0	0	29443172	0	0	/wp-content/plugins/pluginss/wp-configssss.php?p=
1	0	0	1	0	0	29443146	0	0	29443146	0	0	/41.php
1	0	0	1	0	0	29443178	0	0	29443178	0	0	/wp-admin/crack_self_restore.php
1	0	0	1	0	0	29443173	0	0	29443173	0	0	/init.php
1	0	0	1	0	0	29443176	0	0	29443176	0	0	/images/alfa.php
1	0	0	1	0	0	29443164	0	0	29443164	0	0	/wp-includes/Text/Diff/Renderer/about.php
1	0	0	1	0	0	29443157	0	0	29443157	0	0	/wp-content/0.php
1	0	0	1	0	0	29443154	0	0	29443154	0	0	/cyber.php
1	0	0	1	0	0	29443173	0	0	29443173	0	0	/vv.php
1	0	0	1	0	0	29443154	0	0	29443154	0	0	/xd.php
1	0	0	1	0	0	29443169	0	0	29443169	0	0	/wp-includes/pomo/alfa-rex.php
1	0	0	1	0	0	29443158	0	0	29443158	0	0	/image/g.php
1	0	0	1	0	0	29443162	0	0	29443162	0	0	/vendor/laminas/laminas-code/src/Reflection/about.php
1	0	0	1	0	0	29443152	0	0	29443152	0	0	/index/block-css.php?mode=upload
1	0	0	1	0	0	29443159	0	0	29443159	0	0	/images/0.php
1	0	0	1	0	0	29443166	0	0	29443166	0	0	/wp-includes/class-wp-meta-query.php
1	0	0	1	0	0	29443160	0	0	29443160	0	0	/assets/kalervirus/get.php
1	0	0	1	0	0	29443179	0	0	29443179	0	0	/robot.php
1	0	0	0	12	0	0	29424995	0	0	29418695	0	/wp-conflg.php
1	0	0	1	0	0	29443169	0	0	29443169	0	0	/wp-includes/rest-api/fields/class-wp-rest-user-meta-fields.php
1	0	0	1	0	0	29443179	0	0	29443179	0	0	/wp-content/z.php/78.php
1	0	0	1	0	0	29443156	0	0	29443156	0	0	/wp-admin/o.php
1	0	0	1	0	0	29443179	0	0	29443179	0	0	/wp-includes/SimplePie/wp_error.php
1	0	0	1	0	0	29443152	0	0	29443152	0	0	/wp-includes/certificates/file.php
1	0	0	1	0	0	29443149	0	0	29443149	0	0	/css/023ws.php
1	0	0	0	5	0	0	29403926	0	0	29316062	0	/about
1	0	0	0	1	0	0	29340487	0	0	29340487	0	/wp-login.php?167.114.3.106
1	0	0	1	0	0	29443171	0	0	29443171	0	0	/index/index.php
1	0	0	1	0	0	29443150	0	0	29443150	0	0	/images/wp-hoard.php
1	0	0	1	0	0	29443148	0	0	29443148	0	0	/Mshell.php
1	0	0	1	0	0	29443176	0	0	29443176	0	0	/wp-includes/pomo/indexx.php
1	0	0	1	0	0	29443162	0	0	29443162	0	0	/wp-admin/css/colors/ectoplasm/wp-login.php
1	0	0	1	0	0	29443163	0	0	29443163	0	0	/wp-includes/Requests/src/about.php
1	0	0	1	0	0	29443165	0	0	29443165	0	0	/wp-includes/class-phpmailer.php
1	0	0	0	1	0	0	29422263	0	0	29422263	0	/wp-content/themes/shorts.php
1	0	0	1	0	0	29443178	0	0	29443178	0	0	/files/file_uploader.php
1	0	0	0	2	0	0	29361811	0	0	29337049	0	/.env.staging
1	0	0	1	0	0	29443158	0	0	29443158	0	0	/image/b.php
1	0	0	1	0	0	29316128	0	0	29316128	0	0	/cgi-bin
1	0	0	1	0	0	29443178	0	0	29443178	0	0	/wp-admin/js/widgets/wp-term.php
1	0	0	1	0	0	29443162	0	0	29443162	0	0	/wp-admin/includes/class-wp-filesystem-ftpsockets.php
1	0	0	1	0	0	29443172	0	0	29443172	0	0	/hhh.php
1	0	0	0	1	0	0	29337049	0	0	29337049	0	/app/config.json
1	0	0	0	1	0	0	29361811	0	0	29361811	0	/pinfo.php
1	0	0	1	0	0	29443176	0	0	29443176	0	0	/wp-admin/css/colors/coffee/am.php
1	0	0	1	0	0	29443171	0	0	29443171	0	0	/wp-content/plugins/erinyani/baxa1.php
1	0	0	1	0	0	29443158	0	0	29443158	0	0	/image/wp-22.php
1	0	0	1	0	0	29443172	0	0	29443172	0	0	/wp-content/themes/cay-van-phong/tinyfilemanager.php
1	0	0	1	0	0	29443147	0	0	29443147	0	0	/wp-logout.php
1	0	0	1	0	0	29443156	0	0	29443156	0	0	/wp-admin/j.php
1	0	0	1	0	0	29443165	0	0	29443165	0	0	/wp-includes/certificates/wp/NiVfSk.php
1	0	0	1	0	0	29443150	0	0	29443150	0	0	/index/wp_project.php
1	0	0	1	0	0	29443173	0	0	29443173	0	0	/lock.php
1	0	0	1	0	0	29443157	0	0	29443157	0	0	/wp-includes/mrjn.php
1	0	0	1	0	0	29443149	0	0	29443149	0	0	/wp-content/themes/quext/config.php
1	0	0	1	0	0	29443166	0	0	29443166	0	0	/wp-includes/class-wp-post.php
1	0	0	2	14	0	29432254	29424995	0	29430101	29418695	0	/wp-includes/pomo/
1	0	0	1	0	0	29443169	0	0	29443169	0	0	/wp-includes/ms-blogs.php
1	0	0	1	0	0	29443179	0	0	29443179	0	0	/wp-content/languages/killbot.php
1	1	0	0	0	29409155	0	0	29409155	0	0	7622	/cgi-sys/suspendedpage.cgi/wp-includes/wlwmanifest.xml
1	0	0	1	0	0	29443155	0	0	29443155	0	0	/wp-content/plugins/akismet/upload.php
1	0	0	1	0	0	29443166	0	0	29443166	0	0	/wp-includes/css/dist/block-directory/alfa-rex.php
1	0	0	1	0	0	29443164	0	0	29443164	0	0	/wp-includes/SimplePie/library/SimplePie/Locator.php
1	0	0	1	0	0	29443174	0	0	29443174	0	0	/zaco.php
1	0	0	1	0	0	29443163	0	0	29443163	0	0	/wp-includes/PHPMailer/PHPMailer.php
1	0	0	1	0	0	29443158	0	0	29443158	0	0	/wp-content/alexus.php
1	0	0	1	0	0	29443148	0	0	29443148	0	0	/million.php
1	0	0	1	0	0	29443152	0	0	29443152	0	0	/.well-known/acme-challenge/inputs.php
1	0	0	0	1	0	0	29337049	0	0	29337049	0	/cron/config.json
1	0	0	8	19	0	29449657	29424994	0	29431102	29418694	0	/wp-includes/Requests/about.php
1	0	0	1	0	0	29443166	0	0	29443166	0	0	/wp-includes/class-wp-taxonomy.php
1	0	0	1	1	0	29443149	29422263	0	29443149	29422263	0	/wp-content/themes/travelscape/json.php
1	0	0	1	0	0	29443149	0	0	29443149	0	0	/wp-content/updates.php
1	0	0	1	0	0	29443146	0	0	29443146	0	0	/wp-configer.php
1	0	0	1	0	0	29443156	0	0	29443156	0	0	/wp-admin/e.php
1	0	0	1	12	0	29443150	29425488	0	29443150	29418693	0	/install.php
1	0	0	20	0	0	29444889	0	0	29429169	0	0	/wp-content/languages
1	0	0	1	0	0	29443149	0	0	29443149	0	0	/file/023ws.php
1	0	0	1	0	0	29443177	0	0	29443177	0	0	/wp-admin/45.php
1	0	0	1	0	0	29443171	0	0	29443171	0	0	/wp-includes/wp-red.php
1	0	0	1	0	0	29443145	0	0	29443145	0	0	/wso.php
1	0	0	1	0	0	29443176	0	0	29443176	0	0	/alfa1.php
1	0	0	1	0	0	29443163	0	0	29443163	0	0	/wp-includes/Requests/src/Autoload.php
1	0	0	1	0	0	29443176	0	0	29443176	0	0	/shell.aspx
1	0	0	0	1	0	0	29404146	0	0	29404146	0	/.well-known/autoconfig/mail/config-v1.1.xml?emailaddress=InsertEmailAddress@magentaweb.org
1	0	0	1	0	0	29443160	0	0	29443160	0	0	/vendor/dflydev/alfa-rex.php
1	0	0	1	0	0	29443148	0	0	29443148	0	0	/wp-includes/css/themes.php
1	0	0	1	0	0	29443165	0	0	29443165	0	0	/wp-includes/class-IXR.php
1	0	0	1	0	0	29443148	0	0	29443148	0	0	/wp-admin/MuPlugin.php
1	0	0	1	0	0	29443146	0	0	29443146	0	0	/up.php
1	0	0	1	0	0	29443146	0	0	29443146	0	0	/0byte.php
1	0	0	1	0	0	29443160	0	0	29443160	0	0	/vendor/doctrine/inflector/docs/about.php
1	0	0	0	2	0	0	29335108	0	0	29334406	0	/config/settings.local
1	0	0	1	0	0	29443149	0	0	29443149	0	0	/wp-content/languages/themes/023ws.php
1	0	0	1	0	0	29443166	0	0	29443166	0	0	/wp-includes/css/dist/edit-post/about.php
1	0	0	3	15	0	29445837	29433869	0	29432920	29334406	0	/.env.bak
1	0	0	1	1	0	29443146	29422263	0	29443146	29422263	0	/wp-admin/maint/index.php
1	0	0	0	2	0	0	29335104	0	0	29334406	0	/new/.env
1	0	0	30	329	0	29449612	29449258	0	29426768	29316250	0	/robots.txt
1	0	0	1	0	0	29443161	0	0	29443161	0	0	/vendor/egulias/email-validator/src/Parser/CommentStrategy/alfa-rex.php
1	0	0	1	0	0	29443147	0	0	29443147	0	0	/alfacgiapi/perl.alfa
1	0	0	1	0	0	29443146	0	0	29443146	0	0	/w.php
1	0	0	1	0	0	29443156	0	0	29443156	0	0	/wp-includes/5.php
1	0	0	0	1	0	0	29443152	0	0	29443152	0	/.well-known/pki-validation/file.php
1	0	0	1	1	0	29443172	29387224	0	29443172	29387224	0	/wp-comments-post.php
1	0	0	1	0	0	29443154	0	0	29443154	0	0	/wp-admin/images/wp-class.php
1	0	0	1	0	0	29426853	0	0	29426853	0	0	/num.php?45.148.10.160
1	0	0	1	0	0	29443164	0	0	29443164	0	0	/wp-includes/SimplePie/src/Source.php
1	0	0	1	0	0	29443179	0	0	29443179	0	0	/wp-admin/css/colors/ectoplasm/uwer.php
1	0	0	1	0	0	29443173	0	0	29443173	0	0	/FX.php
1	0	0	1	0	0	29443153	0	0	29443153	0	0	/images/mariju.php
1	0	0	1	0	0	29443179	0	0	29443179	0	0	/client/sinchro-advisory/wp_error.php
1	0	0	1	0	0	29443172	0	0	29443172	0	0	/degesaciihaxor.php
1	0	0	1	0	0	29443166	0	0	29443166	0	0	/wp-includes/customize/class-wp-customize-background-image-setting.php
1	0	0	1	0	0	29443151	0	0	29443151	0	0	/admin/gallery/up.php
1	0	0	1	0	0	29443148	0	0	29443148	0	0	/wp-content/ex.php
1	0	0	1	0	0	29443156	0	0	29443156	0	0	/wp-includes/0.php
1	0	0	1	0	0	29443159	0	0	29443159	0	0	/r.php
1	0	0	1	0	0	29443147	0	0	29443147	0	0	/sell.php7
1	0	0	1	0	0	29443149	0	0	29443149	0	0	/doc/023ws.php
1	0	0	1	0	0	29443163	0	0	29443163	0	0	/wp-includes/Requests/src/alfa-rex.php
1	0	0	1	0	0	29443168	0	0	29443168	0	0	/wp-includes/js/tinymce/plugins/wptextpattern/about.php
1	0	0	1	0	0	29443179	0	0	29443179	0	0	/wp-content/plugins/aryabot/mari.php
1	0	0	1	0	0	29443155	0	0	29443155	0	0	/wp-content/plugins/akismet/c100.php
1	0	0	0	1	0	0	29337050	0	0	29337050	0	/laravel/config.json
1	0	0	1	0	0	29443160	0	0	29443160	0	0	/vendor/bin/alfa-rex.php
1	0	0	1	0	0	29443169	0	0	29443169	0	0	/wp-includes/l10n/class-wp-translations.php
1	0	0	1	0	0	29443146	0	0	29443146	0	0	/13.php
1	0	0	0	10	0	0	29424995	0	0	29418696	0	/Assets/
1	0	0	1	0	0	29443164	0	0	29443164	0	0	/wp-includes/Text/Diff/Engine/xdiff.php
1	0	0	1	0	0	29443160	0	0	29443160	0	0	/vendor/dflydev/about.php
1	0	0	1	0	0	29443162	0	0	29443162	0	0	/wp-admin/css/alfa-rex.php
1	0	0	1	0	0	29443178	0	0	29443178	0	0	/file/wp-term.php
1	0	0	1	0	0	29443175	0	0	29443175	0	0	/kod/index.php?user/login
1	0	0	3	0	0	29449657	0	0	29443172	0	0	/sx.php
1	0	0	1	0	0	29445707	0	0	29445707	0	0	/files.php
1	0	0	1	0	0	29443149	0	0	29443149	0	0	/wp-content/plugins/instabuilder2/cache/plugins/moon.php
1	0	0	2	0	0	29432254	0	0	29430102	0	0	/wp-includes/css/dist/alam.php
1	0	0	1	0	0	29443163	0	0	29443163	0	0	/wp-includes/Requests/src/HookManager.php
1	0	0	1	0	0	29443173	0	0	29443173	0	0	/danci.php
1	0	0	1	0	0	29443171	0	0	29443171	0	0	/wp-content/plugins/theme-configurator/mini.php
1	0	0	1	1	0	29443146	29422143	0	29443146	29422143	0	/m.php
1	0	0	1	0	0	29443168	0	0	29443168	0	0	/wp-includes/js/tinymce/plugins/compat3x/css/alfa-rex.php
1	0	0	1	0	0	29443176	0	0	29443176	0	0	/wp-admin/css/colors/coffee/ups.php
1	0	0	1	0	0	29443179	0	0	29443179	0	0	/wp-admin/css/maro.php
1	0	0	1	0	0	29443173	0	0	29443173	0	0	/style-js.php
1	0	0	1	0	0	29443160	0	0	29443160	0	0	/vendor/bensampo/laravel-enum/src/Commands/alfa-rex.php
1	0	0	1	0	0	29443152	0	0	29443152	0	0	/wp-admin/js/block-css.php?mode=upload
1	0	0	1	0	0	29443148	0	0	29443148	0	0	/file/class.api.php
1	0	0	1	0	0	29443171	0	0	29443171	0	0	/templates/protostar/index.php
1	0	0	0	3	0	0	29403926	0	0	29358132	0	/api/swagger.json
1	0	0	1	0	0	29443146	0	0	29443146	0	0	/wso1.php
1	0	0	1	0	0	29443173	0	0	29443173	0	0	/sample-config-options.php
1	0	0	1	0	0	29443171	0	0	29443171	0	0	/luuf.php
1	0	0	1	0	0	29443147	0	0	29443147	0	0	/wp-includes/SimplePie/pomo.php
1	0	0	1	0	0	29443168	0	0	29443168	0	0	/wp-includes/js/mediaelement/renderers/about.php
1	0	0	1	0	0	29443175	0	0	29443175	0	0	/tttt.php
1	0	0	4	19	0	29446484	29425488	0	29431102	29418693	0	/css/index.php
1	0	0	1	0	0	29443173	0	0	29443173	0	0	/wp-content/class_appfun.php
1	0	0	26	30	0	29449657	29426516	0	29426760	29418695	0	/wp-content/upgrade/index.php
1	0	0	1	0	0	29443157	0	0	29443157	0	0	/wp-content/symlink.php
1	0	0	1	0	0	29443169	0	0	29443169	0	0	/wp-includes/pluggable.php
1	0	0	1	0	0	29443158	0	0	29443158	0	0	/image/priv8.php
1	5	0	0	0	29316061	0	0	29316061	0	0	435	/.well-known/acme-challenge/rMZaXuBzLJsIhg0ObEu9iXwUsR5a2p3l2DycJEaJHS8
1	0	0	1	0	0	29443161	0	0	29443161	0	0	/vendor/filp/whoops/src/Whoops/Inspector/alfa-rex.php
1	0	0	1	16	0	29432920	29432920	0	29432920	29325030	0	/app/.env
1	0	0	1	0	0	29443162	0	0	29443162	0	0	/wp-admin/css/colors/alfa-rex.php
1	0	0	1	0	0	29443150	0	0	29443150	0	0	/wp-admin/images/wp-hoard.php
1	0	0	1	0	0	29443147	0	0	29443147	0	0	/wp-admin/js/widgets/pomo.php
1	0	0	1	0	0	29443160	0	0	29443160	0	0	/h.php
1	0	0	1	0	0	29443174	0	0	29443174	0	0	/wp-includes/rest-api/wp-ver.php
1	0	0	0	1	0	0	29361811	0	0	29361811	0	/health.php
1	0	0	1	0	0	29443169	0	0	29443169	0	0	/wp-includes/rest-api/endpoints/class-wp-rest-global-styles-controller.php
1	0	0	1	0	0	29443170	0	0	29443170	0	0	/wp-includes/sodium_compat/namespaced/Core/alfa-rex.php
1	0	0	1	0	0	29443145	0	0	29443145	0	0	/wp-video.php
1	0	0	1	0	0	29443177	0	0	29443177	0	0	/load.php
1	0	0	1	0	0	29443165	0	0	29443165	0	0	/wp-includes/bookmark.php
1	0	0	1	0	0	29443148	0	0	29443148	0	0	/wp-includes/ID3/wp-conflg.php
1	0	0	3	11	0	29443148	29424994	0	29430102	29418694	0	/wp-includes/Text/Diff/index.php
1	0	0	1	0	0	29443169	0	0	29443169	0	0	/wp-includes/rewrite.php
1	0	0	1	0	0	29443171	0	0	29443171	0	0	/beence.php
1	0	0	0	1	0	0	29323012	0	0	29323012	0	/blog/wp-json/oembed/1.0/embed?url=magentaweb.org/blog/
1	0	0	1	0	0	29443174	0	0	29443174	0	0	/wp-content/outcms.php
1	0	0	1	0	0	29443176	0	0	29443176	0	0	/wp-admin/css/colors/coffee/alfashell.php
1	0	0	1	0	0	29443169	0	0	29443169	0	0	/wp-includes/php-compat/readonly.php
1	0	0	1	0	0	29443149	0	0	29443149	0	0	/wp-admin/includes/wp_project.php
1	0	0	1	0	0	29443169	0	0	29443169	0	0	/wp-includes/rest-api/class-wp-rest-server.php
1	0	0	1	0	0	29443153	0	0	29443153	0	0	/wp-admin/css/plugins.php
1	0	0	1	0	0	29443151	0	0	29443151	0	0	/wp-content/plugins/w0rdpr3ssnew/about.php
1	0	0	1	0	0	29443147	0	0	29443147	0	0	/wp-content/pomo.php
1	0	0	2	0	0	29432254	0	0	29430102	0	0	/wp-includes/js/jcrop/jcrop.php
1	0	0	1	1	0	29443159	29422142	0	29443159	29422142	0	/asd.php
1	0	0	1	0	0	29443147	0	0	29443147	0	0	/wp-content/themes/seotheme/db.php?u
1	0	0	1	0	0	29443152	0	0	29443152	0	0	/wp-admin/wp-22.php
1	0	0	1	0	0	29443166	0	0	29443166	0	0	/wp-includes/customize/class-wp-customize-background-position-control.php
1	0	0	1	0	0	29443149	0	0	29443149	0	0	/fwe.php
1	0	0	1	0	0	29445707	0	0	29445707	0	0	/shlo.php
1	0	0	1	0	0	29443154	0	0	29443154	0	0	/tmp/dz.php
1	0	0	1	0	0	29443153	0	0	29443153	0	0	/wp-admin/includes/plugins.php
1	0	0	1	0	0	29443146	0	0	29443146	0	0	/c.php
1	0	0	0	1	0	0	29425415	0	0	29425415	0	/.well-known/index.php?45.148.10.159
1	0	0	1	0	0	29443167	0	0	29443167	0	0	/wp-includes/global-styles-and-settings.php
1	0	0	1	0	0	29443152	0	0	29443152	0	0	/wp-content/wp-22.php
1	0	0	1	0	0	29443156	0	0	29443156	0	0	/wp-admin/mar.php
1	0	0	1	0	0	29443152	0	0	29443152	0	0	/wso-x569.php
1	0	0	1	0	0	29443168	0	0	29443168	0	0	/wp-includes/js/tinymce/plugins/tabfocus/options.php
1	0	0	0	1	0	0	29387224	0	0	29387224	0	/wp-admin/plugin-editor.php
1	0	0	1	0	0	29443175	0	0	29443175	0	0	/post.php
1	0	0	1	1	0	29443152	29387219	0	29443152	29387219	0	/wp-atom.php
1	0	0	1	0	0	29443175	0	0	29443175	0	0	/toor.php
1	0	0	1	0	0	29443170	0	0	29443170	0	0	/wp-includes/style-engine/class-wp-style-engine-css-rule.php
1	0	0	1	0	0	29443175	0	0	29443175	0	0	/admin-ajax.php
1	0	0	1	0	0	29443168	0	0	29443168	0	0	/wp-includes/js/tinymce/plugins/compat3x/about.php
1	0	0	1	0	0	29443175	0	0	29443175	0	0	/file/index.php
1	0	0	1	0	0	29443177	0	0	29443177	0	0	/.well-known/gelay.php
1	0	0	1	0	0	29443149	0	0	29443149	0	0	/wp-admin/user/023ws.php
1	0	0	0	12	0	0	29424994	0	0	29418694	0	/wp-includes/rest-api/endpoints/index.php
1	0	0	1	0	0	29443179	0	0	29443179	0	0	/wp-includes/pomo/so.php
1	0	0	1	0	0	29443155	0	0	29443155	0	0	/wp-content/themes/hello-element/footer.php
1	0	0	1	0	0	29443174	0	0	29443174	0	0	/js/tiny_mce/plugins/ajaxfilemanager/wp-ver.php
1	0	0	0	2	0	0	29366907	0	0	29366907	0	/.git/index
1	0	0	0	2	0	0	29335105	0	0	29334406	0	/.vscode/.env
1	0	0	1	0	0	29443177	0	0	29443177	0	0	/wp-includes/mini.php
1	0	0	1	0	0	29443145	0	0	29443145	0	0	/alfanew.php
1	0	0	1	0	0	29443179	0	0	29443179	0	0	/russian.php
1	0	0	1	0	0	29443158	0	0	29443158	0	0	/image/defau1t.php
1	0	0	1	0	0	29443473	0	0	29443473	0	0	/archivarix.cms.php
1	0	0	0	1	0	0	29373215	0	0	29373215	0	/api/user
1	0	0	1	0	0	29443150	0	0	29443150	0	0	/wp-content/languages/themes/index.php
1	0	0	0	1	0	0	29387370	0	0	29387370	0	/scripts/
1	0	0	1	0	0	29443154	0	0	29443154	0	0	/templates/beez/beez.php
1	0	0	1	0	0	29443146	0	0	29443146	0	0	/wp-admin/options.php
1	0	0	1	0	0	29443168	0	0	29443168	0	0	/wp-includes/js/mediaelement/renderers/alfa-rex.php
1	0	0	1	0	0	29443169	0	0	29443169	0	0	/wp-includes/rest-api/endpoints/class-wp-rest-template-revisions-controller.php
1	0	0	1	0	0	29443166	0	0	29443166	0	0	/wp-includes/css/dist/commands/alfa-rex.php
1	0	0	1	0	0	29443179	0	0	29443179	0	0	/killbot.php
1	0	0	1	0	0	29443152	0	0	29443152	0	0	/wp-admin/images/file.php
1	0	0	1	0	0	29443148	0	0	29443148	0	0	/chosen/class.api.php
1	0	0	1	0	0	29443162	0	0	29443162	0	0	/wp-admin/css/colors/blue/nsts.php
1	0	0	1	0	0	29443162	0	0	29443162	0	0	/wp-admin/includes/class-bulk-theme-upgrader-skin.php
1	0	0	1	0	0	29443153	0	0	29443153	0	0	/wp-admin/user/rk2.php
1	0	0	1	0	0	29438116	0	0	29438116	0	0	/.sftp-config.json
1	0	0	1	0	0	29443149	0	0	29443149	0	0	/x7.php
1	0	0	1	1	0	29443145	29422142	0	29443145	29422142	0	/about/function.php
1	0	0	1	0	0	29443164	0	0	29443164	0	0	/wp-includes/SimplePie/src/File.php
1	0	0	1	0	0	29443162	0	0	29443162	0	0	/wp-admin/includes/alfa-rex.php
1	0	0	1	0	0	29443170	0	0	29443170	0	0	/wp-includes/sodium_compat/src/Core/ChaCha20/about.php
1	0	0	1	0	0	29443154	0	0	29443154	0	0	/wp-admin/js/widgets/wp-class.php
1	0	0	1	0	0	29443165	0	0	29443165	0	0	/wp-includes/class-walker-category-dropdown.php
1	0	0	1	0	0	29443148	0	0	29443148	0	0	/wp-content/plugins/Cache/Cache.php
1	0	0	1	0	0	29443167	0	0	29443167	0	0	/wp-includes/fonts.php
1	0	0	1	0	0	29443155	0	0	29443155	0	0	/wp-includes/Requests/Text/4price3.php
1	0	0	1	0	0	29443160	0	0	29443160	0	0	/wp-includes/certificates/autoload_classmap.php
1	0	0	1	0	0	29443158	0	0	29443158	0	0	/image/asdasd.php
1	0	0	0	11	0	0	29425488	0	0	29418693	0	/wp-content/themes/pridmag/install.php?u
1	0	0	1	0	0	29443164	0	0	29443164	0	0	/wp-includes/SimplePie/library/SimplePie/HTTP/wp-login.php
1	0	0	1	0	0	29443160	0	0	29443160	0	0	/alfaindex.php
1	0	0	1	0	0	29443151	0	0	29443151	0	0	/sayang.php
1	0	0	0	2	0	0	29335107	0	0	29334406	0	/server.js
1	0	0	0	1	0	0	29422142	0	0	29422142	0	/app.php
1	0	0	0	1	0	0	29443149	0	0	29443149	0	/.well-known/pki-validation/xmrlpc.php?p=
1	0	0	22	0	0	29444890	0	0	29429169	0	0	/wp-includes/theme-compat
1	0	0	1	0	0	29443158	0	0	29443158	0	0	/image/5.php
1	0	0	1	0	0	29443145	0	0	29443145	0	0	/doc.php
1	0	0	35	10	0	29449657	29426516	0	29426760	29422263	0	/wp-content/themes/about.php
1	0	0	1	0	0	29443178	0	0	29443178	0	0	/wp-admin/maint/wp-sys.php?p=
1	0	0	1	0	0	29443146	0	0	29443146	0	0	/send.php
1	0	0	1	0	0	29443155	0	0	29443155	0	0	/wp-content/plugins/akismet/vb.rar
1	0	0	0	2	0	0	29335106	0	0	29334406	0	/api/config.env
1	0	0	0	2	0	0	29335107	0	0	29334406	0	/mytest/astech_robot.js
1	0	0	1	0	0	29443147	0	0	29443147	0	0	/.well-known/ALFA_DATA/alfacgiapi/perl.alfa
1	0	0	1	0	0	29443149	0	0	29443149	0	0	/wp-admin/images/xmrlpc.php?p=
1	0	0	1	0	0	29443177	0	0	29443177	0	0	/maro.php
1	0	0	1	0	0	29443176	0	0	29443176	0	0	/alfi.php
1	0	0	0	1	0	0	29443150	0	0	29443150	0	/.well-known/pki-validation/wp_project.php
1	5	5	5	0	29437093	29448428	0	29357944	29428313	0	147435	/?45.148.10.159
1	11	11	1	0	29441289	29446998	0	29341996	29446998	0	300757	/?45.148.10.160
1	0	0	1	0	0	29443173	0	0	29443173	0	0	/wp-init.php
1	0	0	1	0	0	29443161	0	0	29443161	0	0	/vendor/fruitcake/alfa-rex.php
1	0	0	1	0	0	29443179	0	0	29443179	0	0	/wp-admin/maint/bop.php?p=
1	0	0	1	0	0	29443150	0	0	29443150	0	0	/as/wp_project.php
1	0	0	1	0	0	29443170	0	0	29443170	0	0	/wp-includes/widgets/class-wp-nav-menu-widget.php
1	0	0	1	0	0	29443178	0	0	29443178	0	0	/wp-admin/user/wp-term.php
1	0	0	1	0	0	29443166	0	0	29443166	0	0	/wp-includes/class-wp-navigation-fallback.php
1	0	0	1	0	0	29443169	0	0	29443169	0	0	/wp-includes/session.php
1	0	0	1	0	0	29443172	0	0	29443172	0	0	/g3l4y.php
1	0	0	2	0	0	29432254	0	0	29430102	0	0	/wp-includes/Text/wp-conflg.php
1	0	0	1	0	0	29443161	0	0	29443161	0	0	/vendor/filp/whoops/src/Whoops/Resources/views/alfa-rex.php
1	0	0	1	0	0	29443158	0	0	29443158	0	0	/image/0.php
1	0	0	1	0	0	29443173	0	0	29443173	0	0	/login.php
1	0	0	0	1	0	0	29410900	0	0	29410900	0	/rootadmin
1	0	0	0	1	0	0	29337050	0	0	29337050	0	/v1/config.json
1	0	0	0	2	0	0	29335107	0	0	29334406	0	/admin/controllers/merchant.js
1	0	0	1	0	0	29443163	0	0	29443163	0	0	/wp-admin/includes/theme.php
1	0	0	1	0	0	29443166	0	0	29443166	0	0	/wp-includes/css/dist/edit-post/alfa-rex.php
1	0	0	1	0	0	29443148	0	0	29443148	0	0	/wp-admin/wp-head.php
1	0	0	1	1	0	29443148	29422263	0	29443148	29422263	0	/wp-admin/includes/wp-conflg.php
1	0	0	1	0	0	29443167	0	0	29443167	0	0	/wp-includes/feed-atom-comments.php
1	0	0	1	0	0	29443175	0	0	29443175	0	0	/wp-admin/css/index.php/wp-content/themes/finley/min.php
1	0	0	1	0	0	29443156	0	0	29443156	0	0	/wp-admin/8.php
1	0	0	1	0	0	29443171	0	0	29443171	0	0	/wp-includes/css/css.php
1	0	0	0	108	0	0	29423927	0	0	29317389	0	/test/wp-includes/wlwmanifest.xml
1	0	0	0	2	0	0	29422423	0	0	29421947	0	/wp-content/themes/pridmag/install.phpu
1	0	0	1	0	0	29443167	0	0	29443167	0	0	/wp-includes/customize/class-wp-customize-nav-menu-item-setting.php
1	0	0	1	0	0	29443179	0	0	29443179	0	0	/sys.php
1	0	0	1	0	0	29443155	0	0	29443155	0	0	/wp-content/plugins/akismet/admin1.php
1	0	0	1	0	0	29443156	0	0	29443156	0	0	/wp-includes/0byte.php
1	0	0	1	0	0	29445707	0	0	29445707	0	0	/gifclass.php
1	0	0	1	0	0	29443156	0	0	29443156	0	0	/wp-admin/priv8.php
1	0	0	1	0	0	29443169	0	0	29443169	0	0	/wp-includes/media-template.php
1	0	0	1	0	0	29443148	0	0	29443148	0	0	/gawean.PhP7
1	0	0	1	0	0	29443155	0	0	29443155	0	0	/wp-content/plugins/akismet/up.php
1	0	0	1	0	0	29443179	0	0	29443179	0	0	/wp-content/plugins/killbot.php
1	0	0	1	0	0	29443174	0	0	29443174	0	0	/revision.php
1	0	0	1	0	0	29443176	0	0	29443176	0	0	/wp-content/indexx.php
1	0	0	1	0	0	29443161	0	0	29443161	0	0	/vendor/dragonmantank/cron-expression/src/alfa-rex.php
1	0	0	1	0	0	29443161	0	0	29443161	0	0	/vendor/egulias/email-validator/src/Result/alfa-rex.php
1	0	0	1	0	0	29443163	0	0	29443163	0	0	/wp-includes/Requests/src/Transport/wp-login.php
1	0	0	1	0	0	29443169	0	0	29443169	0	0	/wp-includes/rest-api/endpoints/class-wp-rest-block-directory-controller.php
1	0	0	1	0	0	29443150	0	0	29443150	0	0	/wp-admin/js/widgets/wp-hoard.php
1	0	0	1	0	0	29443157	0	0	29443157	0	0	/wp-content/priv8.php
1	0	0	18	23	0	29448122	29426516	0	29426760	29418695	0	/wp-includes/css/autoload_classmap.php
1	0	0	1	0	0	29443158	0	0	29443158	0	0	/image/if.php
1	0	0	1	0	0	29443170	0	0	29443170	0	0	/wp-content/plugins/xichang/x.php?xi
1	0	0	24	7	0	29444889	29426516	0	29426666	29425839	0	/num.php
1	0	0	1	0	0	29443155	0	0	29443155	0	0	/wp-admin/3.php
1	0	0	1	0	0	29443158	0	0	29443158	0	0	/image/777.php
1	0	0	1	0	0	29443172	0	0	29443172	0	0	/mega.php
1	0	0	1	0	0	29443146	0	0	29443146	0	0	/uploader.php
1	0	0	1	0	0	29443163	0	0	29443163	0	0	/wp-content/uploads/madmailer.php
1	0	0	1	0	0	29443160	0	0	29443160	0	0	/wp-admin/user/autoload_classmap.php
1	0	0	1	0	0	29443177	0	0	29443177	0	0	/wp-includes/45.php
1	0	0	1	0	0	29443164	0	0	29443164	0	0	/wp-includes/SimplePie/library/SimplePie/Exception.php
1	0	0	3	21	0	29445837	29433869	0	29432920	29343527	0	/sendgrid.env
1	0	0	1	0	0	29443162	0	0	29443162	0	0	/wp-admin/includes/list-table.php
1	0	0	1	0	0	29443175	0	0	29443175	0	0	/wp-includes/pomo/admin-ajax.php
1	0	0	1	0	0	29443149	0	0	29443149	0	0	/wp-content/uploads/023ws.php
1	0	0	1	0	0	29443146	0	0	29443146	0	0	/alexusmailer 2.0.php
1	0	0	1	0	0	29443164	0	0	29443164	0	0	/wp-includes/SimplePie/src/Author.php
1	0	0	1	1	0	29443175	29422263	0	29443175	29422263	0	/wp-admin/user/index.php
1	0	0	1	0	0	29443151	0	0	29443151	0	0	/delete5.php
1	0	0	18	15	0	29448121	29426450	0	29426735	29418887	0	/public/files/index.php
1	0	0	1	0	0	29443153	0	0	29443153	0	0	/wp-admin/network/rk2.php
1	0	0	1	0	0	29443161	0	0	29443161	0	0	/vendor/laminas/about.php
1	0	0	1	0	0	29443172	0	0	29443172	0	0	/ikeh.php
1	0	0	19	27	0	29448122	29426516	0	29426760	29418695	0	/wp-includes/certificates/
1	0	0	1	0	0	29443176	0	0	29443176	0	0	/wp-admin/css/colors/coffee/alfa.php
1	0	0	1	0	0	29443176	0	0	29443176	0	0	/wp-content/uploads/simple-file-list/alfa.php
1	0	0	1	0	0	29443149	0	0	29443149	0	0	/wp-admin/images/wp_project.php
1	0	0	1	0	0	29443156	0	0	29443156	0	0	/wp-admin/bypass.php
1	0	0	1	0	0	29443163	0	0	29443163	0	0	/wp-includes/Requests/src/Exception/ArgumentCount.php
1	0	0	1	0	0	29443152	0	0	29443152	0	0	/as/block-css.php?mode=upload
1	0	0	1	0	0	29443172	0	0	29443172	0	0	/xhell.php
1	0	0	1	0	0	29443153	0	0	29443153	0	0	/hinfofuns.php
1	0	0	1	0	0	29443163	0	0	29443163	0	0	/wp-includes/Requests/src/Auth/about.php
1	0	0	0	2	0	0	29405640	0	0	29405640	0	/js/mage/cookies.js
1	0	0	1	0	0	29443162	0	0	29443162	0	0	/wp-admin/includes/class-wp-debug-data.php
1	0	0	1	0	0	29443172	0	0	29443172	0	0	/wp-title.php
1	0	0	1	0	0	29443169	0	0	29443169	0	0	/wp-includes/sitemaps.php
1	0	0	1	0	0	29443150	0	0	29443150	0	0	/cgi-bin/dbtoolkit_import.php
1	0	0	1	0	0	29443157	0	0	29443157	0	0	/wp-content/xx.php
1	0	0	1	0	0	29443168	0	0	29443168	0	0	/wp-includes/js/tinymce/plugins/image/wp-login.php
1	0	0	1	0	0	29443148	0	0	29443148	0	0	/wp-content/plugins/wordpresss3cll/wp-login.php
1	0	0	1	0	0	29443177	0	0	29443177	0	0	/wp-admin/includes/upl.php
1	0	0	1	0	0	29443158	0	0	29443158	0	0	/image/WSO.php
1	0	0	1	0	0	29443172	0	0	29443172	0	0	/syd.php
1	0	0	1	0	0	29443145	0	0	29443145	0	0	/updates.php
1	0	0	6	7	0	29449657	29426103	0	29426735	29422143	0	/dropdown.php
1	0	0	2	0	0	29432254	0	0	29430102	0	0	/wp-includes/IXR/test1.php
1	0	0	1	0	0	29443161	0	0	29443161	0	0	/vendor/fruitcake/about.php
1	0	0	0	10	0	0	29424995	0	0	29418696	0	/shop/
1	0	0	1	0	0	29443177	0	0	29443177	0	0	/wp-admin/css/langar.php
1	0	0	1	0	0	29443153	0	0	29443153	0	0	/qinfofuns.php
1	0	0	1	0	0	29443174	0	0	29443174	0	0	/wp-admin/maint/classwithtostring.php
1	0	0	1	0	0	29443164	0	0	29443164	0	0	/wp-includes/SimplePie/src/Decode/wp-login.php
1	0	0	1	0	0	29443177	0	0	29443177	0	0	/wp-admin/includes/langar.php
1	0	0	1	0	0	29443160	0	0	29443160	0	0	/vendor/doctrine/about.php
1	0	0	1	0	0	29443159	0	0	29443159	0	0	/image/alfa123.php
1	0	0	1	0	0	29443177	0	0	29443177	0	0	/wp-includes/css/maro.php
1	0	0	1	0	0	29443152	0	0	29443152	0	0	/wp-includes/SimplePie/file.php
1	0	0	1	0	0	29443172	0	0	29443172	0	0	/default.php
1	0	0	1	0	0	29443163	0	0	29443163	0	0	/wp-includes/Requests/src/Exception/about.php
1	0	0	1	0	0	29443170	0	0	29443170	0	0	/wp-includes/style-engine/class-wp-style-engine-processor.php
1	0	0	1	0	0	29443164	0	0	29443164	0	0	/wp-includes/SimplePie/library/SimplePie/Core.php
1	0	0	1	0	0	29443164	0	0	29443164	0	0	/wp-includes/SimplePie/src/about.php
1	0	0	1	0	0	29443170	0	0	29443170	0	0	/wp-includes/sodium_compat/wp-login.php
1	0	0	1	0	0	29443163	0	0	29443163	0	0	/wp-includes/Requests/src/Auth/Basic.php
1	0	0	1	0	0	29443152	0	0	29443152	0	0	/wp-admin/js/widgets/file.php
1	0	0	1	0	0	29443175	0	0	29443175	0	0	/wp-admin/user/admin-ajax.php
1	0	0	1	0	0	29443153	0	0	29443153	0	0	/wp-admin/includes/mariju.php
1	0	0	1	0	0	29443169	0	0	29443169	0	0	/wp-includes/l10n/wp-login.php
1	0	0	1	0	0	29443152	0	0	29443152	0	0	/css/block-css.php?mode=upload
1	0	0	0	1	0	0	29387370	0	0	29387370	0	/js/
1	0	0	0	1	0	0	29422142	0	0	29422142	0	/click.php
1	0	0	0	3	0	0	29377037	0	0	29320018	0	/shop/wp-admin/setup-config.php?step=1&language=en_GB
1	0	0	1	0	0	29443154	0	0	29443154	0	0	/whmcs.php
1	0	0	1	0	0	29443159	0	0	29443159	0	0	/images/777.php
1	0	0	1	0	0	29443175	0	0	29443175	0	0	/wp-content/uploads/admin-ajax.php
1	0	0	1	0	0	29443151	0	0	29443151	0	0	/erin1.PhP7
1	0	0	1	0	0	29443163	0	0	29443163	0	0	/wp-includes/Requests/src/Cookie/alfa-rex.php
1	0	0	6	14	0	29447926	29424995	0	29430101	29418695	0	/wp-includes/widgets/autoload_classmap.php
1	0	0	1	0	0	29443179	0	0	29443179	0	0	/robots.php
1	0	0	1	0	0	29443175	0	0	29443175	0	0	/edit-comments.php
1	0	0	0	1	0	0	29422263	0	0	29422263	0	/wp-admin/js/admin.php
1	0	0	1	0	0	29443173	0	0	29443173	0	0	/fx-mini.php
1	0	0	1	0	0	29443179	0	0	29443179	0	0	/wp-content/plugins/wp_error.php
1	0	0	1	0	0	29443147	0	0	29443147	0	0	/wp-includes/IXR/about.php
1	0	0	1	0	0	29443168	0	0	29443168	0	0	/wp-includes/js/tinymce/plugins/textcolor/alfa-rex.php
1	0	0	1	0	0	29443152	0	0	29443152	0	0	/wp-admin/user/block-css.php?mode=upload
1	0	0	1	0	0	29443148	0	0	29443148	0	0	/.well-known/acme-challenge/atomlib.php
1	0	0	12	18	0	29447926	29424995	0	29430102	29418695	0	/wp-includes/rest-api/
1	0	0	1	0	0	29443168	0	0	29443168	0	0	/wp-includes/js/tinymce/plugins/colorpicker/wp-login.php
1	0	0	1	0	0	29443152	0	0	29443152	0	0	/.well-known/acme-challenge/block-css.php?mode=upload
1	0	0	1	0	0	29443159	0	0	29443159	0	0	/image/upload.php
1	0	0	1	0	0	29443152	0	0	29443152	0	0	/6.php
1	0	0	1	0	0	29443149	0	0	29443149	0	0	/xltavrat.php
1	0	0	1	0	0	29443168	0	0	29443168	0	0	/wp-includes/js/dist/script-modules/block-library/navigation/alfa-rex.php
1	0	0	0	2	0	0	29337050	0	0	29325030	0	/admin/vendor/phpunit/phpunit/src/Util/PHP/eval-stdin.php
1	0	0	8	19	0	29449657	29425488	0	29431102	29418693	0	/index/function.php
1	0	0	1	0	0	29443174	0	0	29443174	0	0	/as/wp-ver.php
1	0	0	0	108	0	0	29423927	0	0	29317389	0	/wp1/wp-includes/wlwmanifest.xml
1	0	0	1	0	0	29443171	0	0	29443171	0	0	/wp-content/json.php
1	0	0	1	0	0	29443159	0	0	29443159	0	0	/images/xx.php
1	0	0	1	0	0	29443148	0	0	29443148	0	0	/wp-incleudes/haxorsecv2.php
1	0	0	1	0	0	29443149	0	0	29443149	0	0	/wp-content/themes/twentyfifteen/mini.php
1	0	0	1	0	0	29443166	0	0	29443166	0	0	/wp-includes/css/dist/reusable-blocks/wp-login.php
1	0	0	1	0	0	29443178	0	0	29443178	0	0	/cms/tiny_mce/plugins/ajaxfilemanager/wp-term.php
1	0	0	0	1	0	0	29387370	0	0	29387370	0	/lib/js/
1	0	0	1	0	0	29443168	0	0	29443168	0	0	/wp-includes/js/dist/script-modules/block-library/query/alfa-rex.php
1	0	0	1	0	0	29443173	0	0	29443173	0	0	/lyda.php
1	0	0	1	0	0	29443158	0	0	29443158	0	0	/image/mrjn.php
1	0	0	0	3	0	0	29377037	0	0	29320018	0	/blog/wp-admin/setup-config.php?step=1&language=en_GB
1	0	0	1	0	0	29443178	0	0	29443178	0	0	/wp-includes/css/byp.php?p=
1	0	0	1	0	0	29443158	0	0	29443158	0	0	/wp-content/bypass.php
1	0	0	1	0	0	29443159	0	0	29443159	0	0	/asdasd.php
1	0	0	1	0	0	29443164	0	0	29443164	0	0	/wp-includes/SimplePie/src/Cache/wp-login.php
1	0	0	1	0	0	29443169	0	0	29443169	0	0	/wp-includes/pomo/plural-forms.php
1	0	0	1	0	0	29443145	0	0	29443145	0	0	/uploads/upload_example.php
1	0	0	1	0	0	29443155	0	0	29443155	0	0	/wp-includes/js/500.php
1	0	0	1	0	0	29443159	0	0	29443159	0	0	/image/rahma.php
1	0	0	1	0	0	29443177	0	0	29443177	0	0	/.well-known/maro.php
1	0	0	6	19	0	29447926	29425488	0	29431102	29418693	0	/1.php
1	0	0	1	0	0	29443170	0	0	29443170	0	0	/wp-includes/widgets/class-wp-widget-rss.php
1	0	0	1	0	0	29443175	0	0	29443175	0	0	/tshop.php
1	0	0	1	0	0	29443150	0	0	29443150	0	0	/wp-load.php
1	0	0	1	0	0	29443177	0	0	29443177	0	0	/wp-admin/r57.php
1	0	0	0	2	0	0	29337050	0	0	29325030	0	/backup/vendor/phpunit/phpunit/src/Util/PHP/eval-stdin.php
1	0	0	1	0	0	29443171	0	0	29443171	0	0	/wp-admin/images/atomlib.php
1	0	0	1	0	0	29443154	0	0	29443154	0	0	/tmp.php
1	0	0	1	0	0	29443146	0	0	29443146	0	0	/edit-form.php
1	0	0	1	0	0	29443164	0	0	29443164	0	0	/wp-includes/SimplePie/src/Content/wp-login.php
1	0	0	1	0	0	29443164	0	0	29443164	0	0	/wp-includes/SimplePie/src/Cache/Memcache.php
1	0	0	0	2	0	0	29335107	0	0	29334406	0	/swagger.js
1	0	0	1	0	0	29443161	0	0	29443161	0	0	/vendor/filp/whoops/src/alfa-rex.php
1	0	0	5	18	0	29447926	29424995	0	29431102	29387370	0	/assets/
1	0	0	1	0	0	29443165	0	0	29443165	0	0	/wp-includes/block-supports/generated-classname.php
1	0	0	1	0	0	29443167	0	0	29443167	0	0	/wp-includes/customize/class-wp-customize-nav-menu-section.php
1	0	0	1	0	0	29443157	0	0	29443157	0	0	/wp-includes/minimo.php
1	0	0	0	2	0	0	29335107	0	0	29334406	0	/backend/config/development.yml
1	0	0	0	3	0	0	29409729	0	0	29319278	0	/llms.txt
1	0	0	1	0	0	29443178	0	0	29443178	0	0	/ajax/xl2024.php
1	0	0	1	0	0	29443177	0	0	29443177	0	0	/js/tiny_mce/plugins/ajaxfilemanager/nav.php
1	0	0	1	0	0	29443168	0	0	29443168	0	0	/wp-includes/js/tinymce/plugins/charmap/wp-log1n.php
1	0	0	1	0	0	29443159	0	0	29443159	0	0	/images/WSO.php
1	0	0	1	0	0	29443145	0	0	29443145	0	0	/wp-admin/maint/chosen.php
1	0	0	1	0	0	29443172	0	0	29443172	0	0	/mm.php
1	0	0	1	1	0	29443152	29422143	0	29443152	29422143	0	/lv.php
1	0	0	1	0	0	29443166	0	0	29443166	0	0	/wp-includes/css/dist/preferences/about.php
1	0	0	1	0	0	29443166	0	0	29443166	0	0	/wp-includes/class-wp-query.php
1	0	0	1	0	0	29443162	0	0	29443162	0	0	/wp-admin/includes/class-language-pack-upgrader-skin.php
1	0	0	1	0	0	29443167	0	0	29443167	0	0	/wp-includes/html-api/alfa-rex.php
1	0	0	6	18	0	29447926	29424994	0	29431102	29418694	0	/wp-includes/assets/index.php
1	0	0	1	0	0	29443160	0	0	29443160	0	0	/vendor/bensampo/laravel-enum/src/Exceptions/about.php
1	0	0	1	0	0	29443149	0	0	29443149	0	0	/.wp-back.phP
1	0	0	6	0	0	29445707	0	0	29443260	0	0	/file2.php
1	0	0	1	0	0	29443160	0	0	29443160	0	0	/vendor/bensampo/laravel-enum/alfa-rex.php
1	0	0	0	6	0	0	29409729	0	0	29318116	0	/ads.txt
1	0	0	1	0	0	29443174	0	0	29443174	0	0	/as/classwithtostring.php
1	0	0	1	0	0	29443146	0	0	29443146	0	0	/symlink.php
1	0	0	2	14	0	29432254	29424995	0	29430102	29418695	0	/wp-content/ai1wm-backups/
1	0	0	1	0	0	29443178	0	0	29443178	0	0	/wp-content/plugins/hellopress/wp-term.php
1	0	0	1	0	0	29443179	0	0	29443179	0	0	/wp-content/languages/themes/killbot.php
1	0	0	1	0	0	29443156	0	0	29443156	0	0	/wp-includes/404.php
1	0	0	1	0	0	29443155	0	0	29443155	0	0	/wp-content/plugins/akismet/r00t-s3c.php
1	0	0	1	0	0	29443173	0	0	29443173	0	0	/rex.php
1	0	0	0	2	0	0	29335106	0	0	29334406	0	/xampp/.env
1	0	0	1	0	0	29443166	0	0	29443166	0	0	/wp-includes/css/dist/preferences/alfa-rex.php
1	0	0	1	0	0	29443178	0	0	29443178	0	0	/wp-admin/css/colors/crack_self_restore.php
1	0	0	1	0	0	29443174	0	0	29443174	0	0	/wp-content/plugins/virr/uploader.php
1	0	0	1	0	0	29443151	0	0	29443151	0	0	/wp-content/pugins/ynz.PhP7
1	0	0	1	0	0	29443146	0	0	29443146	0	0	/anone.php
1	0	0	1	0	0	29443176	0	0	29443176	0	0	/index/indexx.php
1	0	0	0	1	0	0	29421088	0	0	29421088	0	/.well-known/acme-challenge/file.php?45.148.10.160
1	0	0	1	0	0	29443162	0	0	29443162	0	0	/wp-admin/css/colors/light/about.php
1	0	0	1	0	0	29443173	0	0	29443173	0	0	/wp-defaul.php
1	0	0	25	17	0	29448122	29426516	0	29426760	29418887	0	/wp-content/uploads/index.php
1	0	0	1	0	0	29443150	0	0	29443150	0	0	/chosen/wp_project.php
1	0	0	1	0	0	29443170	0	0	29443170	0	0	/wp-includes/css/modules.php
1	0	0	1	0	0	29443170	0	0	29443170	0	0	/wp-includes/sodium_compat/src/Core/AES/wp-login.php
1	0	0	1	0	0	29443172	0	0	29443172	0	0	/teamadmin.php
1	0	0	1	0	0	29443174	0	0	29443174	0	0	/wp-admin/images/classwithtostring.php
1	0	0	1	0	0	29443153	0	0	29443153	0	0	/wp-admin/network/mariju.php
1	0	0	0	3	0	0	29409729	0	0	29319278	0	/humans.txt
1	0	0	1	0	0	29443168	0	0	29443168	0	0	/wp-includes/js/tinymce/langs/alfa-rex.php
1	0	0	1	0	0	29443152	0	0	29443152	0	0	/wp-admin/network/Chitoge.php
1	1	0	0	0	29403918	0	0	29403918	0	0	64	/.well-known/acme-challenge/S-ZMICC7V3BS_X1EBR7LDX0G6MPVQF1X
1	0	0	1	0	0	29443176	0	0	29443176	0	0	/wp-admin/css/colors/coffee/langar.php
1	0	0	0	5	0	0	29403926	0	0	29316062	0	/telescope/requests
1	0	0	1	0	0	29443146	0	0	29443146	0	0	/mar.php
1	0	0	1	0	0	29443176	0	0	29443176	0	0	/Alfashell.php
1	0	0	1	0	0	29443166	0	0	29443166	0	0	/wp-includes/class-wp-text-diff-renderer-inline.php
1	0	0	1	0	0	29443175	0	0	29443175	0	0	/wp-includes/SimplePie/admin-ajax.php
1	0	0	0	1	0	0	29443147	0	0	29443147	0	/.well-known/pki-validation/about.php
1	0	0	1	0	0	29443174	0	0	29443174	0	0	/wp-admin/css/colors/blue/classwithtostring.php
1	0	0	1	0	0	29443165	0	0	29443165	0	0	/wp-includes/class-wp-http-requests-response.php
1	0	0	1	0	0	29443145	0	0	29443145	0	0	/wp5.php
1	0	0	1	0	0	29443165	0	0	29443165	0	0	/wp-includes/class-phpass.php
1	0	0	1	0	0	29443152	0	0	29443152	0	0	/wp-content/plugins/wp-help/index.php
1	0	0	0	2	0	0	29337050	0	0	29325030	0	/demo/vendor/phpunit/phpunit/src/Util/PHP/eval-stdin.php
1	0	0	1	0	0	29443146	0	0	29443146	0	0	/4price.php
1	0	0	1	0	0	29443161	0	0	29443161	0	0	/vendor/egulias/alfa-rex.php
1	0	0	1	0	0	29443163	0	0	29443163	0	0	/wp-includes/Requests/src/Cookie.php
1	0	0	1	0	0	29443162	0	0	29443162	0	0	/vendor/laminas/laminas-diactoros/src/Request/about.php
1	0	0	1	0	0	29443173	0	0	29443173	0	0	/defaul.php
1	0	0	1	0	0	29443174	0	0	29443174	0	0	/wp-content/uploads/style.php
1	0	0	0	2	0	0	29335106	0	0	29334406	0	/node_modules/.env
1	0	0	1	0	0	29443179	0	0	29443179	0	0	/as/killbot.php
1	0	0	1	0	0	29443153	0	0	29443153	0	0	/wp-admin/css/colors/coffee/mariju.php
1	1	0	0	0	29409155	0	0	29409155	0	0	7622	/cgi-sys/suspendedpage.cgi/shop/wp-includes/wlwmanifest.xml
1	0	0	1	0	0	29443148	0	0	29443148	0	0	/4pric.php
1	0	0	0	5	0	0	29383195	0	0	29334406	0	/env/.env
1	0	0	1	0	0	29443174	0	0	29443174	0	0	/con7.php
1	0	0	1	0	0	29443165	0	0	29443165	0	0	/wp-includes/block-supports/block-style-variations.php
1	0	0	1	0	0	29443175	0	0	29443175	0	0	/wp-content/plugins/cache-wordpress/payment.php
1	0	0	1	0	0	29443173	0	0	29443173	0	0	/Idx.php
1	0	0	0	2	0	0	29335108	0	0	29334406	0	/aws.yml
1	0	0	1	0	0	29443150	0	0	29443150	0	0	/wp-content/plugins/hellopress/wp_project.php
1	0	0	1	0	0	29443147	0	0	29443147	0	0	/wp-content/blogs.dir/about.php
1	0	0	1	0	0	29443161	0	0	29443161	0	0	/vendor/filp/whoops/src/Whoops/alfa-rex.php
1	0	0	1	0	0	29443168	0	0	29443168	0	0	/wp-includes/js/tinymce/skins/lightgray/wp-login.php
1	0	0	1	0	0	29443147	0	0	29443147	0	0	/wp-includes/widgets/about.php
1	0	0	1	0	0	29443168	0	0	29443168	0	0	/wp-includes/js/dist/script-modules/block-library/image/alfa-rex.php
1	0	0	3	21	0	29445837	29433869	0	29432920	29325030	0	/laravel/.env
1	0	0	1	0	0	29443178	0	0	29443178	0	0	/wp-includes/certificates/wp-sys.php?p=
1	0	0	1	0	0	29443179	0	0	29443179	0	0	/cybershell.php
1	0	0	1	0	0	29443171	0	0	29443171	0	0	/wp-includes/wp_class_datlib.php
1	0	0	1	0	0	29443177	0	0	29443177	0	0	/wp-admin/js/widgets/nav.php
1	0	0	1	0	0	29443155	0	0	29443155	0	0	/wp-content/plugins/akismet/sado.php
1	0	0	1	0	0	29443170	0	0	29443170	0	0	/wp-includes/widgets.php
1	0	0	1	0	0	29443176	0	0	29443176	0	0	/Ninja.php
1	0	0	1	0	0	29443166	0	0	29443166	0	0	/wp-includes/css/dist/editor/wp-login.php
1	0	0	1	0	0	29443168	0	0	29443168	0	0	/wp-includes/js/tinymce/themes/wp-login.php
1	0	0	1	0	0	29443155	0	0	29443155	0	0	/wp-content/plugins/akismet/Cpanel.php
1	0	0	1	0	0	29443166	0	0	29443166	0	0	/wp-includes/css/dist/components/wp-login.php
1	0	0	1	0	0	29443173	0	0	29443173	0	0	/foxwso.php
1	0	0	3	15	0	29443178	29424995	0	29430102	29387370	0	/wp-includes/
1	0	0	1	0	0	29443174	0	0	29443174	0	0	/about/classwithtostring.php
1	0	0	1	0	0	29443171	0	0	29443171	0	0	/wp-includes/pomo/zmFM.php
1	0	0	1	0	0	29443148	0	0	29443148	0	0	/class.api.php
1	0	0	1	0	0	29443149	0	0	29443149	0	0	/wp-content/plugins/wp-file-upload/ROOBOTS.php
1	0	0	1	0	0	29443170	0	0	29443170	0	0	/wp-content/plugins/html404/wso25.php
1	0	0	1	0	0	29443176	0	0	29443176	0	0	/index8.php
1	0	0	1	0	0	29443175	0	0	29443175	0	0	/ajaxfilemanager/admin-ajax.php
1	0	0	0	1	0	0	29422143	0	0	29422143	0	/packed.php
1	0	0	0	2	0	0	29335107	0	0	29334406	0	/admin/controllers/partner.js
1	0	0	39	26	0	29448121	29426450	0	29426735	29418695	0	/mah.php
1	0	0	1	0	0	29443166	0	0	29443166	0	0	/wp-includes/class-wp-widget.php
1	0	0	1	0	0	29443157	0	0	29443157	0	0	/wp-content/up.php
1	5	0	0	0	29403924	0	0	29403924	0	0	435	/.well-known/acme-challenge/o03fWB_p2CWF2TgZzD1EqBHtqjTZALPzOhaZeXN2aws
1	0	0	1	0	0	29443152	0	0	29443152	0	0	/wp-content/uploads/gecko.php
1	0	0	1	0	0	29443163	0	0	29443163	0	0	/wp-includes/ID3/module.audio-video.quicktime.php
1	0	0	0	3	0	0	29377037	0	0	29320018	0	/wordpress/wp-admin/setup-config.php?step=1&language=en_GB
1	0	0	1	0	0	29443176	0	0	29443176	0	0	/tesla1.php
1	0	0	0	1	0	0	29361811	0	0	29361811	0	/setup.php
1	0	0	0	1	0	0	29425682	0	0	29425682	0	/logs/error.log
1	0	0	1	0	0	29443166	0	0	29443166	0	0	/wp-includes/css/about.php
1	0	0	1	0	0	29443174	0	0	29443174	0	0	/wp-admin/includes/wp-ver.php
1	0	0	1	0	0	29443156	0	0	29443156	0	0	/wp-includes/sym403.php
1	0	0	7	12	0	29446470	29426474	0	29427261	29316062	0	/.vscode/sftp.json
1	0	0	1	0	0	29443168	0	0	29443168	0	0	/wp-includes/js/dist/script-modules/block-library/query/about.php
1	0	0	1	0	0	29443146	0	0	29443146	0	0	/kk.php
1	0	0	1	0	0	29443164	0	0	29443164	0	0	/wp-includes/SimplePie/src/Decode/about.php
1	0	0	1	0	0	29443158	0	0	29443158	0	0	/wp-content/wso1337.php
1	0	0	1	0	0	29443153	0	0	29443153	0	0	/wp-includes/customize/rk2.php
1	0	0	1	0	0	29443178	0	0	29443178	0	0	/tiny_mce/plugins/ajaxfilemanager/wp-term.php
1	0	0	1	0	0	29443176	0	0	29443176	0	0	/wp-admin/css/colors/coffee/Bulle.php
1	0	0	1	0	0	29443167	0	0	29443167	0	0	/wp-includes/embed.php
1	0	0	1	0	0	29443176	0	0	29443176	0	0	/index3.php
1	0	0	14	23	0	29448122	29426516	0	29426760	29418695	0	/wp-includes/images/
1	0	0	1	0	0	29443168	0	0	29443168	0	0	/wp-includes/js/dist/vendor/about.php
1	0	0	1	0	0	29443150	0	0	29443150	0	0	/wp-includes/content.php
1	0	0	1	0	0	29443166	0	0	29443166	0	0	/wp-includes/css/dist/block-library/about.php
1	0	0	1	0	0	29443178	0	0	29443178	0	0	/wp-content/languages/wp-sys.php?p=
1	0	0	1	0	0	29443175	0	0	29443175	0	0	/termps.php
1	0	0	1	0	0	29443170	0	0	29443170	0	0	/wp-includes/wp-class.vir.php
1	1	0	0	0	29403918	0	0	29403918	0	0	64	/.well-known/acme-challenge/GLPJWCQPN5M3QKW9862A9PAX2Z_44V95
1	0	0	1	0	0	29443177	0	0	29443177	0	0	/wp-includes/css/shadowx.php
1	0	0	2	10	0	29432254	29424995	0	29430102	29418696	0	/wp-includes/random_compat/
1	0	0	1	0	0	29443162	0	0	29443162	0	0	/wp-admin/includes/menu.php
1	0	0	1	0	0	29443170	0	0	29443170	0	0	/wp-includes/sodium_compat/src/Core/Base64/wp-login.php
1	0	0	1	0	0	29443154	0	0	29443154	0	0	/wp-content/plugins/disqus-comment-system/c100.php
1	0	0	1	0	0	29443162	0	0	29443162	0	0	/wp-admin/css/colors/ectoplasm/alfa-rex.php
1	0	0	1	0	0	29443164	0	0	29443164	0	0	/wp-includes/SimplePie/src/Cache/BaseDataCache.php
1	0	0	1	0	0	29443165	0	0	29443165	0	0	/wp-includes/block-patterns.php
1	0	0	1	0	0	29443170	0	0	29443170	0	0	/wp-includes/user.php
1	0	0	1	0	0	29443164	0	0	29443164	0	0	/wp-includes/SimplePie/library/SimplePie/XML/wp/wMIVJQet.php
1	0	0	1	0	0	29443147	0	0	29443147	0	0	/wp-includes/customize/pomo.php
1	0	0	1	0	0	29443175	0	0	29443175	0	0	/email_v2/js/tiny_mce/plugins/ajaxfilemanager/admin-ajax.php
1	0	0	0	6	0	0	29362100	0	0	29320322	0	/wordpress/wp-admin/setup-config.php?167.114.3.106
1	0	0	0	2	0	0	29335104	0	0	29334406	0	/new/.env.staging
1	0	0	1	0	0	29443156	0	0	29443156	0	0	/wp-admin/rahma.php
1	0	0	1	0	0	29443177	0	0	29443177	0	0	/ajaxfilemanager/nav.php
1	0	0	1	0	0	29443171	0	0	29443171	0	0	/wp-content/smm.php
1	0	0	0	12	0	0	29425488	0	0	29418693	0	/function/function.php
1	0	0	0	2	0	0	29335107	0	0	29334406	0	/.env_sample
1	0	0	1	0	0	29443157	0	0	29443157	0	0	/wp-content/13.php
1	0	0	1	0	0	29443161	0	0	29443161	0	0	/vendor/filp/whoops/src/Whoops/Resources/js/alfa-rex.php
1	0	0	1	1	0	29443149	29387219	0	29443149	29387219	0	/wp-commentin.php?pass=f0aab4595a024d626315fb786dce8282
1	0	0	1	0	0	29443166	0	0	29443166	0	0	/wp-includes/css/dist/nux/about.php
1	0	0	1	0	0	29443174	0	0	29443174	0	0	/wp-includes/rest-api/fields/cache/simple.php
1	0	0	1	0	0	29443166	0	0	29443166	0	0	/wp-includes/class-wp-tax-query.php
1	0	0	1	0	0	29443158	0	0	29443158	0	0	/wp-content/rahma.php
1	0	0	1	0	0	29443166	0	0	29443166	0	0	/wp-includes/css/dist/format-library/wp-login.php
1	0	0	1	0	0	29443159	0	0	29443159	0	0	/images/up.php
1	0	0	1	0	0	29443165	0	0	29443165	0	0	/wp-includes/class-smtp.php
1	0	0	1	0	0	29443175	0	0	29443175	0	0	/dwbqa.php
1	0	0	1	0	0	29443146	0	0	29443146	0	0	/upload.php
1	0	0	1	0	0	29443150	0	0	29443150	0	0	/wp-2024.php
1	0	0	1	0	0	29443154	0	0	29443154	0	0	/wp-content/plugins/disqus-comment-system/L3b.php
1	0	0	1	0	0	29443174	0	0	29443174	0	0	/con.php
1	0	0	1	0	0	29443164	0	0	29443164	0	0	/wp-includes/SimplePie/library/SimplePie/Net/click.php
1	0	0	1	0	0	29443167	0	0	29443167	0	0	/wp-includes/js/dist/script-modules/about.php
1	0	0	1	0	0	29443161	0	0	29443161	0	0	/vendor/doctrine/lexer/src/about.php
1	0	0	1	0	0	29443174	0	0	29443174	0	0	/wp-content/uploads/classwithtostring.php
1	0	0	1	0	0	29443166	0	0	29443166	0	0	/wp-includes/click.php
1	0	0	1	0	0	29443166	0	0	29443166	0	0	/wp-includes/css/dist/block-editor/wp-login.php
1	0	0	1	0	0	29443171	0	0	29443171	0	0	/1xleet.php
1	0	0	1	0	0	29443164	0	0	29443164	0	0	/wp-includes/SimplePie/src/XML/about.php
1	0	0	1	0	0	29408943	0	0	29408943	0	0	/cgi-sys/favicon.ico
1	0	0	1	0	0	29443150	0	0	29443150	0	0	/wp-includes/js/tinymce/plugins/compat3x/css/index.php
1	0	0	1	0	0	29443165	0	0	29443165	0	0	/wp-includes/assets/script-loader-packages.php
1	0	0	1	0	0	29443156	0	0	29443156	0	0	/wp-admin/lf.php
1	0	0	0	1	0	0	29422676	0	0	29422676	0	/wp-links.php
1	0	0	1	0	0	29443150	0	0	29443150	0	0	/images/dbtoolkit_import.php
1	0	0	1	0	0	29443178	0	0	29443178	0	0	/wp-admin/js/widgets/custom-html-widgets.js.php
1	0	0	1	0	0	29443151	0	0	29443151	0	0	/js/tiny_mce/plugins/ajaxfilemanager/ajaxfilemanager.php
1	0	0	40	28	0	29449657	29426516	0	29426760	29418693	0	/wp-content/plugins/admin.php
1	0	0	1	0	0	29443173	0	0	29443173	0	0	/wp-2018.php
1	0	0	1	0	0	29443161	0	0	29443161	0	0	/vendor/egulias/email-validator/src/Parser/alfa-rex.php
1	0	0	1	0	0	29443162	0	0	29443162	0	0	/wp-admin/includes/class-wp-users-list-table.php
1	0	0	1	0	0	29443161	0	0	29443161	0	0	/vendor/laminas/laminas-code/src/Generator/DocBlock/Tag/about.php
1	0	0	1	0	0	29443167	0	0	29443167	0	0	/wp-includes/fonts/class-wp-font-utils.php
1	0	0	1	0	0	29443174	0	0	29443174	0	0	/wp-admin/network/wp-ver.php
1	0	0	0	2	0	0	29335106	0	0	29334406	0	/main/.env
1	0	0	0	39	0	0	29405610	0	0	29318461	0	/wp-includes/ID3/license.txt
1	0	0	1	0	0	29443159	0	0	29443159	0	0	/images/13.php
1	0	0	1	0	0	29443173	0	0	29443173	0	0	/401.php
1	0	0	1	0	0	29443170	0	0	29443170	0	0	/wp-includes/sodium_compat/src/Core/SecretStream/wp-login.php
1	0	0	1	0	0	29443165	0	0	29443165	0	0	/wp-includes/class-wp-application-passwords.php
1	0	0	1	0	0	29443172	0	0	29443172	0	0	/wp-admin/includes/fw.php
1	0	0	0	12	0	0	29425488	0	0	29418693	0	/css/install.php
1	0	0	3	0	0	29449657	0	0	29443152	0	0	/wp-fclass.php
1	0	0	1	0	0	29443164	0	0	29443164	0	0	/wp-includes/SimplePie/library/SimplePie/Misc.php
1	0	0	19	27	0	29448122	29426516	0	29426760	29418696	0	/wp-includes/rest-api/fields/
1	0	0	0	2	0	0	29335107	0	0	29334406	0	/my_env/newsletter.py
1	0	0	0	1	0	0	29373215	0	0	29373215	0	/env
1	0	0	1	0	0	29443160	0	0	29443160	0	0	/vendor/doctrine/inflector/alfa-rex.php
1	0	0	1	0	0	29443166	0	0	29443166	0	0	/wp-includes/class-wp-scripts.php
1	0	0	0	2	0	0	29335108	0	0	29334406	0	/debug/default/view
1	0	0	1	0	0	29443151	0	0	29443151	0	0	/upl0ad.php
1	0	0	1	0	0	29443150	0	0	29443150	0	0	/wp-content/themes/aahana/json.php
1	0	0	0	2	0	0	29335107	0	0	29334406	0	/index.js
1	0	0	1	0	0	29443147	0	0	29443147	0	0	/index/pomo.php
1	0	0	2	7	0	29431729	29426516	0	29429392	29424494	0	/wp-content/themes/twentytwentytwo/index.php
1	0	0	1	0	0	29443169	0	0	29443169	0	0	/wp-includes/rest-api/endpoints/class-wp-rest-widget-types-controller.php
1	0	0	1	0	0	29443171	0	0	29443171	0	0	/wp-admin/network/wp-footer.php
1	0	0	19	15	0	29448121	29426450	0	29426735	29418887	0	/cgi-bin/index.php
1	0	0	1	0	0	29443152	0	0	29443152	0	0	/wp-admin/alfanew.php7
1	0	0	0	1	0	0	29361811	0	0	29361811	0	/temp/info.php
1	0	0	1	0	0	29443166	0	0	29443166	0	0	/wp-includes/class-wp-term.php
1	0	0	1	0	0	29443170	0	0	29443170	0	0	/wp-content/plugins/html404/cry.php.pjpeg
1	0	0	1	0	0	29443176	0	0	29443176	0	0	/wp-includes/css/mailer.php
1	0	0	1	0	0	29443166	0	0	29443166	0	0	/wp-includes/class-wp-theme.php
1	0	0	1	0	0	29443172	0	0	29443172	0	0	/id.php
1	0	0	1	0	0	29443152	0	0	29443152	0	0	/wp-header.php
1	0	0	1	0	0	29443174	0	0	29443174	0	0	/.well-known/wp-login.php
1	0	0	1	0	0	29443176	0	0	29443176	0	0	/wp-thesex.php
1	0	0	1	0	0	29443174	0	0	29443174	0	0	/wp-includes/pomo/wp-ver.php
1	0	0	1	0	0	29443178	0	0	29443178	0	0	/nowp.php
1	0	0	0	10	0	0	29424995	0	0	29418696	0	/local/
1	0	0	1	0	0	29443157	0	0	29443157	0	0	/wp-includes/anone.php
1	0	0	1	0	0	29443162	0	0	29443162	0	0	/wp-admin/includes/class-wp-plugins-list-table.php
1	0	0	1	0	0	29443170	0	0	29443170	0	0	/administrator/templates/isis/error.php
1	0	0	1	11	0	29432920	29432920	0	29432920	29337049	0	/.env.save
1	0	0	1	12	0	29443171	29424995	0	29443171	29418695	0	/gel4y.php
1	0	0	0	2	0	0	29335107	0	0	29334406	0	/partner/config/config.js
1	0	0	0	2	0	0	29335104	0	0	29334406	0	/portal/.env
1	0	0	1	0	0	29443167	0	0	29443167	0	0	/wp-includes/customize/class-wp-customize-nav-menu-locations-control.php
1	0	0	1	0	0	29443152	0	0	29443152	0	0	/wp-content/plugins/hellopress/block-css.php?mode=upload
1	0	0	1	0	0	29443162	0	0	29443162	0	0	/wp-admin/includes/import.php
1	0	0	1	0	0	29443165	0	0	29443165	0	0	/wp-includes/class-wp-block-bindings-source.php
1	0	0	12	10	0	29448122	29426516	0	29426760	29422676	0	/wp-includes/blocks/code/
1	0	0	1	0	0	29443155	0	0	29443155	0	0	/wp-admin/js/widgets/500.php
1	0	0	0	3	0	0	29403926	0	0	29358132	0	/swagger/v1/swagger.json
1	0	0	1	0	0	29443173	0	0	29443173	0	0	/zzz.php
1	0	0	0	1	0	0	29337049	0	0	29337049	0	/lab/config.json
1	0	0	1	0	0	29443160	0	0	29443160	0	0	/vendor/bensampo/laravel-enum/src/Attributes/alfa-rex.php
1	0	0	0	2	0	0	29405640	0	0	29405640	0	/manager/
1	0	0	1	0	0	29443153	0	0	29443153	0	0	/jscript/tiny_mce/plugins/ajaxfilemanager/rk2.php
1	0	0	1	0	0	29443162	0	0	29443162	0	0	/wp-admin/includes/class-wp-filesystem-ssh2.php
1	0	0	1	0	0	29443177	0	0	29443177	0	0	/wp-admin/langar.php
1	0	0	1	0	0	29443157	0	0	29443157	0	0	/wp-content/new.php
1	0	0	1	0	0	29443152	0	0	29443152	0	0	/wp-uploads-config.php
1	0	0	1	0	0	29443160	0	0	29443160	0	0	/vendor/bensampo/laravel-enum/lang/about.php
1	0	0	1	0	0	29443176	0	0	29443176	0	0	/wp-admin/css/colors/coffee/alfawso.php
1	0	0	1	0	0	29443147	0	0	29443147	0	0	/wp-content/uploads/pomo.php
1	0	0	1	0	0	29443177	0	0	29443177	0	0	/wp-admin/maint
1	0	0	1	0	0	29443153	0	0	29443153	0	0	/wp-includes/php-compat/mariju.php
1	0	0	1	0	0	29443171	0	0	29443171	0	0	/098.php
1	0	0	1	0	0	29443169	0	0	29443169	0	0	/wp-includes/ms-functions.php
1	0	0	1	0	0	29443158	0	0	29443158	0	0	/image/xl.php
1	0	0	1	0	0	29443179	0	0	29443179	0	0	/wp-admin/maint/mari.php
1	0	0	1	0	0	29443154	0	0	29443154	0	0	/user.phpdom.php
1	0	0	0	2	0	0	29337049	0	0	29325030	0	/en/.env
1	0	0	1	0	0	29443173	0	0	29443173	0	0	/class-ftp-pures.php
1	0	0	0	1	0	0	29422263	0	0	29422263	0	/wp-admin/maint/wp-damin.php
1	0	0	1	0	0	29443164	0	0	29443164	0	0	/wp-includes/SimplePie/src/Core.php
1	0	0	1	0	0	29443150	0	0	29443150	0	0	/wp-includes/customize/wp_filemanager.php
1	0	0	1	0	0	29443170	0	0	29443170	0	0	/wp-includes/sodium_compat/namespaced/Core/Poly1305/about.php
1	0	0	1	0	0	29443149	0	0	29443149	0	0	/.well-known/acme-challenge/023ws.php
1	0	0	1	0	0	29443165	0	0	29443165	0	0	/wp-includes/class-wp-customize-setting.php
1	0	0	1	0	0	29443145	0	0	29443145	0	0	/function.php
1	0	0	2	0	0	29432254	0	0	29430102	0	0	/wp-includes/images/media/index.php
1	0	0	1	0	0	29443165	0	0	29443165	0	0	/wp-includes/block-template.php
1	0	0	1	0	0	29443155	0	0	29443155	0	0	/wp-content/plugins/akismet/uploads.php
1	0	0	1	0	0	29443173	0	0	29443173	0	0	/tesla.php
1	1	0	0	0	29409155	0	0	29409155	0	0	7622	/cgi-sys/suspendedpage.cgi/web/wp-includes/wlwmanifest.xml
1	0	0	1	0	0	29443179	0	0	29443179	0	0	/wp-includes/customize/killbot.php
1	0	0	0	5	0	0	29403926	0	0	29316062	0	/server
1	0	0	1	0	0	29443154	0	0	29443154	0	0	/r57.php
1	0	0	1	0	0	29443154	0	0	29443154	0	0	/nkr.php
1	0	0	1	0	0	29443170	0	0	29443170	0	0	/wp-includes/widgets/class-wp-widget-recent-comments.php
1	0	0	1	0	0	29443157	0	0	29443157	0	0	/wp-includes/xox.php
1	0	0	1	0	0	29443174	0	0	29443174	0	0	/wp-includes/Requests/Text/
1	0	0	1	0	0	29443151	0	0	29443151	0	0	/ws.php.php
1	0	0	1	0	0	29443172	0	0	29443172	0	0	/ey.php
1	0	0	33	8	0	29448121	29426450	0	29426735	29424798	0	/gg.php
1	0	0	1	0	0	29443166	0	0	29443166	0	0	/wp-includes/css/dist/customize-widgets/about.php
1	0	0	1	0	0	29443157	0	0	29443157	0	0	/wp-content/w.php
1	0	0	1	0	0	29443177	0	0	29443177	0	0	/wp-admin/shadowx.php
1	0	0	1	0	0	29443172	0	0	29443172	0	0	/db.php?u
1	0	0	1	0	0	29443172	0	0	29443172	0	0	/wp-we.php
1	0	0	1	0	0	29443178	0	0	29443178	0	0	/css/wp-sys.php?p=
1	0	0	1	0	0	29443159	0	0	29443159	0	0	/images/w.php
1	0	0	1	0	0	29443165	0	0	29443165	0	0	/wp-includes/block-bindings.php
1	0	0	1	0	0	29443169	0	0	29443169	0	0	/wp-includes/rest-api/fields/class-wp-rest-term-meta-fields.php
1	0	0	0	2	0	0	29327560	0	0	29326478	0	http://magentaweb.org:80/2019/wp-includes/wlwmanifest.xml
1	0	0	0	2	0	0	29327560	0	0	29326478	0	http://magentaweb.org:80/2020/wp-includes/wlwmanifest.xml
1	0	0	1	0	0	29443163	0	0	29443163	0	0	/wp-includes/ID3/module.audio-video.riff.php
1	17	17	1	0	29424995	29443174	0	29387370	29443174	0	16490	/.well-known/
1	0	0	1	13	0	29443162	29425488	0	29443162	29418693	0	/wp-admin/css/colors/ocean/about.php
1	0	0	0	2	0	0	29327560	0	0	29326478	0	http://magentaweb.org:80/feed/
1	0	0	1	0	0	29443171	0	0	29443171	0	0	/wp-content/plugins/phpad/acp.php
1	0	0	1	0	0	29443175	0	0	29443175	0	0	/click.php?url=/golem.com
1	0	0	1	0	0	29443150	0	0	29443150	0	0	/class-wp-widget-archives.php
1	0	0	1	0	0	29443157	0	0	29443157	0	0	/wp-content/r.php
1	0	0	1	0	0	29443167	0	0	29443167	0	0	/wp-includes/error-protection.php
1	0	0	1	0	0	29443167	0	0	29443167	0	0	/wp-includes/feed-rdf.php
1	0	0	1	0	0	29443149	0	0	29443149	0	0	/wp-content/themes/erapress/config.php
1	0	0	1	0	0	29443178	0	0	29443178	0	0	/wp-content/wp-term.php
1	0	0	0	2	0	0	29335105	0	0	29334406	0	/aws-secret.yaml
1	0	0	1	0	0	29443179	0	0	29443179	0	0	/.well-known/acme-challenge/wp_error.php
1	0	0	1	0	0	29443159	0	0	29443159	0	0	/images/r.php
1	0	0	0	10	0	0	29424995	0	0	29418696	0	/wp-admin/css/colors/ectoplasm/
1	0	0	1	0	0	29443164	0	0	29443164	0	0	/wp-includes/SimplePie/library/SimplePie/HTTP/alfa-rex.php
1	0	0	0	3	0	0	29403926	0	0	29358132	0	/v2/api-docs
1	0	0	1	0	0	29443179	0	0	29443179	0	0	/w3d.php
1	0	0	1	0	0	29443176	0	0	29443176	0	0	/wp-admin/css/colors/coffee/haxor.php
1	0	0	1	0	0	29443157	0	0	29443157	0	0	/wp-includes/alexus.php
1	0	0	1	0	0	29443148	0	0	29443148	0	0	/uploads/owlmailer.php
1	0	0	3	14	0	29443174	29424995	0	29430102	29418695	0	/wp-includes/SimplePie/
1	0	0	1	0	0	29443178	0	0	29443178	0	0	/wp-includes/pomo/ftp_nb_fget.php
1	0	0	1	0	0	29443166	0	0	29443166	0	0	/wp-includes/class.wp-scripts.php
1	0	0	1	0	0	29443154	0	0	29443154	0	0	/wp-includes/certificates/wp-class.php
1	0	0	1	0	0	29443168	0	0	29443168	0	0	/wp-includes/js/jcrop/wp-login.php
1	0	0	1	0	0	29443157	0	0	29443157	0	0	/wp-includes/www.php
1	0	0	1	0	0	29443153	0	0	29443153	0	0	/wp-content/plugins/rk2.php
1	0	0	1	0	0	29443158	0	0	29443158	0	0	/wp-content/3301.php
1	0	0	1	0	0	29443150	0	0	29443150	0	0	/wp-admin/network/wp_project.php
1	0	0	1	0	0	29443161	0	0	29443161	0	0	/vendor/laminas/laminas-code/src/Exception/alfa-rex.php
1	0	0	0	3	0	0	29403926	0	0	29358132	0	/api-docs/swagger.json
1	0	0	1	0	0	29443149	0	0	29443149	0	0	/client/sinchro-advisory/023ws.php
1	0	0	1	0	0	29443152	0	0	29443152	0	0	/wp-includes/customize/file.php
1	0	0	1	0	0	29443175	0	0	29443175	0	0	/options-head.php
1	0	0	1	0	0	29443157	0	0	29443157	0	0	/wp-content/m.php
1	0	0	1	0	0	29443147	0	0	29443147	0	0	/wp-admin/wp-abupee.php
1	0	0	1	0	0	29443161	0	0	29443161	0	0	/vendor/egulias/email-validator/src/about.php
1	0	0	0	5	0	0	29403926	0	0	29316062	0	/s/1333e26373e2231313e24373/_/
1	0	0	1	0	0	29443148	0	0	29443148	0	0	/wp-admin/includes/class.api.php
1	0	0	1	0	0	29443175	0	0	29443175	0	0	/wp-content/themes/jobart/db.php?u
1	0	0	0	3	0	0	29377037	0	0	29320018	0	/old/wp-admin/install.php?step=1&language=en_GB
1	0	0	1	0	0	29443159	0	0	29443159	0	0	/images/m.php
1	0	0	1	0	0	29443160	0	0	29443160	0	0	/vendor/bensampo/laravel-enum/sym404/alfa-rex.php
1	0	0	1	0	0	29443150	0	0	29443150	0	0	/wp-admin/user/wp_filemanager.php
1	0	0	0	2	0	0	29335105	0	0	29334406	0	/lara/info.php
1	0	0	0	2	0	0	29335106	0	0	29334406	0	/.env.stage
1	0	0	1	0	0	29443169	0	0	29443169	0	0	/wp-includes/option.php
1	0	0	1	0	0	29443167	0	0	29443167	0	0	/wp-includes/html-api/class-wp-html-attribute-token.php
1	0	0	1	0	0	29443169	0	0	29443169	0	0	/wp-includes/rest-api/endpoints/class-wp-rest-autosaves-controller.php
1	0	0	1	0	0	29443178	0	0	29443178	0	0	/wp-content/themes/wp_configs.php?p=
1	0	0	0	12	0	0	29425488	0	0	29418693	0	/images/admin.php
1	0	0	1	0	0	29443146	0	0	29443146	0	0	/FoxWSOv1.php
1	0	0	0	1	0	0	29387370	0	0	29387370	0	/cache/
1	0	0	1	0	0	29443178	0	0	29443178	0	0	/wp-includes/customize/wp-sys.php?p=
1	0	0	0	1	0	0	29410900	0	0	29410900	0	/manage
1	0	0	1	0	0	29443165	0	0	29443165	0	0	/wp-includes/class-wp-classic-to-block-menu-converter.php
1	0	0	1	0	0	29443170	0	0	29443170	0	0	/wp-includes/sodium_compat/src/Core32/Poly1305/about.php
1	0	0	1	0	0	29443165	0	0	29443165	0	0	/wp-includes/class-wp-block-metadata-registry.php
1	0	0	1	0	0	29443173	0	0	29443173	0	0	/wp-raze.php
1	0	0	0	1	0	0	29337049	0	0	29337049	0	/lib/config.json
1	0	0	1	0	0	29443172	0	0	29443172	0	0	/alfax.php
1	33	0	0	0	29409268	0	0	29364147	0	0	236282	/cgi-sys/suspendedpage.cgi
1	0	0	1	0	0	29443157	0	0	29443157	0	0	/wp-content/h.php
1	0	0	1	0	0	29443150	0	0	29443150	0	0	/wp-log1n.php
1	0	0	1	0	0	29443152	0	0	29443152	0	0	/wp-admin/images/Chitoge.php
1	0	0	1	0	0	29443169	0	0	29443169	0	0	/wp-includes/rest-api/endpoints/class-wp-rest-templates-controller.php
1	0	0	0	1	0	0	29323579	0	0	29323579	0	/cmd_sco
1	0	0	1	0	0	29443175	0	0	29443175	0	0	/inje3ctor.php
1	0	0	1	0	0	29443179	0	0	29443179	0	0	/wp-content/uploads/wp_error.php
1	0	0	1	0	0	29443173	0	0	29443173	0	0	/idx.php
1	0	0	1	0	0	29443159	0	0	29443159	0	0	/images/h.php
1	0	0	1	0	0	29443163	0	0	29443163	0	0	/wp-includes/Requests/src/Proxy/Http.php
1	0	0	1	0	0	29443146	0	0	29443146	0	0	/root.php
1	0	0	1	0	0	29443145	0	0	29443145	0	0	/wp-apxupx.php?apx=upx
1	0	0	0	2	0	0	29335107	0	0	29334406	0	/public/js/main.js
1	0	0	1	0	0	29443178	0	0	29443178	0	0	/wp-admin/includes/crack_self_restore.php
1	0	0	1	0	0	29443160	0	0	29443160	0	0	/export.php
1	0	0	1	0	0	29443149	0	0	29443149	0	0	/wp-includes/SimplePie/023ws.php
1	0	0	1	0	0	29443159	0	0	29443159	0	0	/images/defau1t.php
1	0	0	1	0	0	29443166	0	0	29443166	0	0	/wp-includes/class-wp-walker.php
1	0	0	1	0	0	29443166	0	0	29443166	0	0	/wp-includes/customize/class-wp-customize-custom-css-setting.php
1	0	0	1	0	0	29443170	0	0	29443170	0	0	/administrator/templates/isis/index.php
1	0	0	1	0	0	29443153	0	0	29443153	0	0	/docs/docs/cache.php
1	0	0	1	0	0	29443148	0	0	29443148	0	0	/owlmailer.php
1	0	0	1	0	0	29443162	0	0	29443162	0	0	/wp-admin/includes/class-wp-site-icon.php
1	0	0	1	0	0	29443164	0	0	29443164	0	0	/wp-includes/SimplePie/library/SimplePie/Source.php
1	0	0	1	0	0	29443176	0	0	29443176	0	0	/yhr.php
1	0	0	1	0	0	29443145	0	0	29443145	0	0	/doc/function.php
1	0	0	1	0	0	29443173	0	0	29443173	0	0	/admin1.php
1	0	0	1	0	0	29443162	0	0	29443162	0	0	/wp-admin/includes/class-wp-automatic-updater.php
1	0	0	1	0	0	29443148	0	0	29443148	0	0	/wp-admin/ex.php
1	0	0	1	0	0	29443145	0	0	29443145	0	0	/wp-admin/js/chosen.php
1	0	0	1	0	0	29443163	0	0	29443163	0	0	/wp-includes/Requests/src/Transport/alfa-rex.php
1	0	0	1	0	0	29443177	0	0	29443177	0	0	/wp-admin/user/nav.php
1	0	0	0	1	0	0	29443153	0	0	29443153	0	/.well-known/pki-validation/sim.php
1	0	0	1	0	0	29443160	0	0	29443160	0	0	/vendor/bensampo/laravel-enum/lang/en/about.php
1	0	0	1	0	0	29443153	0	0	29443153	0	0	/wp-includes/pomo/rk2.php
1	0	0	1	0	0	29443151	0	0	29443151	0	0	/jscript/tiny_mce/plugins/ajaxfilemanager/ajaxfilemanager.php
1	0	0	0	2	0	0	29335107	0	0	29334406	0	/cloud/Scraper.js
1	0	0	0	1	0	0	29422143	0	0	29422143	0	/ee.php
1	0	0	1	0	0	29443157	0	0	29443157	0	0	/wp-content/c.php
1	0	0	1	0	0	29443156	0	0	29443156	0	0	/wp-admin/defau1t.php
1	0	0	1	0	0	29443159	0	0	29443159	0	0	/images/wp-configer.php
1	0	0	0	4	0	0	29337049	0	0	29325030	0	/site/.env
1	0	0	1	0	0	29443177	0	0	29443177	0	0	/wp-admin/css/404.php
1	0	0	1	0	0	29443149	0	0	29443149	0	0	/wp-admin/css/colors/coffee/cloud.php
1	0	0	1	0	0	29443173	0	0	29443173	0	0	/ids.php
1	0	0	1	0	0	29443171	0	0	29443171	0	0	/.well-known/acme-challenge/index.php
1	0	0	1	0	0	29443159	0	0	29443159	0	0	/images/c.php
1	0	0	1	0	0	29443146	0	0	29443146	0	0	/wso1337.php
1	0	0	1	0	0	29443174	0	0	29443174	0	0	/wp-content/themes/skatepark/db.php
1	0	0	1	0	0	29443179	0	0	29443179	0	0	/wp-admin/maint/killbot.php
1	0	0	1	0	0	29443171	0	0	29443171	0	0	/Uploader.php
1	0	0	1	0	0	29443148	0	0	29443148	0	0	/wp-includes/install.php
1	0	0	1	0	0	29443156	0	0	29443156	0	0	/wp-includes/w.php
1	0	0	1	0	0	29443170	0	0	29443170	0	0	/Marvins.php
1	0	0	1	0	0	29443149	0	0	29443149	0	0	/wp-content/plugins/wpputty/wpputty.php
1	0	0	2	14	0	29432254	29424995	0	29430102	29418695	0	/wp-content/backup-db/
1	0	0	1	0	0	29443163	0	0	29443163	0	0	/wp-includes/IXR/class-IXR-request.php
1	0	0	1	0	0	29443176	0	0	29443176	0	0	/pop.php
1	0	0	1	0	0	29443164	0	0	29443164	0	0	/wp-includes/SimplePie/src/Caption.php
1	0	0	0	3	0	0	29403926	0	0	29358132	0	/api
1	0	0	1	0	0	29443177	0	0	29443177	0	0	/wp-includes/upl.php
1	0	0	1	0	0	29443179	0	0	29443179	0	0	/teslaxx.php
1	1	1	0	0	29359495	0	0	29359495	0	0	29487	/?lookfor=dorktest303
1	0	0	0	5	0	0	29382285	0	0	29365029	0	/robots.txt?167.114.3.106
1	0	0	1	0	0	29443161	0	0	29443161	0	0	/vendor/filp/whoops/alfa-rex.php
1	0	0	1	0	0	29443163	0	0	29443163	0	0	/wp-includes/Requests/src/Capability.php
1	0	0	1	0	0	29443154	0	0	29443154	0	0	/wp-content/languages/themes/wp-class.php
1	0	0	1	0	0	29443179	0	0	29443179	0	0	/wp-includes/SimplePie/killbot.php
1	0	0	1	0	0	29443155	0	0	29443155	0	0	/wp-content/plugins/disqus-comment-system/tmp/L3b.php
1	0	0	1	0	0	29443174	0	0	29443174	0	0	/styple.php
1	0	0	1	0	0	29443148	0	0	29443148	0	0	/wp-content/plugins/yyobang/mar.php
1	0	0	1	0	0	29443168	0	0	29443168	0	0	/wp-includes/js/jquery/ui/wp-login.php
1	0	0	1	0	0	29443153	0	0	29443153	0	0	/docs/docs/alfa-rex.php56
1	0	0	1	0	0	29443171	0	0	29443171	0	0	/wp-admin/includes/class-wp-media-list-data.php
1	0	0	3	12	0	29443174	29424995	0	29430101	29387370	0	/wp-content/plugins/
1	0	0	1	0	0	29443177	0	0	29443177	0	0	/.well-known/a.php
1	0	0	1	0	0	29443176	0	0	29443176	0	0	/wp-content/uploads/simple-file-list/shell.php
1	0	0	1	0	0	29443147	0	0	29443147	0	0	/wp-includes/lf.php
1	0	0	1	0	0	29443156	0	0	29443156	0	0	/wp-includes/r.php
1	0	0	1	0	0	29443177	0	0	29443177	0	0	/.well-known/404.php
1	0	0	0	63	0	0	29423927	0	0	29317389	0	/website/wp-includes/wlwmanifest.xml
1	0	0	0	10	0	0	29424995	0	0	29418696	0	/template/
1	0	0	1	0	0	29443161	0	0	29443161	0	0	/vendor/filp/whoops/src/Whoops/Resources/js/about.php
1	0	0	1	0	0	29443165	0	0	29443165	0	0	/wp-includes/block-template-utils.php
1	0	0	21	0	0	29444889	0	0	29429169	0	0	/wp-admin
1	0	0	1	15	0	29443153	29424995	0	29443153	29387370	0	/upload/
1	0	0	1	0	0	29443163	0	0	29443163	0	0	/wp-includes/IXR/class-IXR-clientmulticall.php
1	1	0	0	0	29403918	0	0	29403918	0	0	64	/.well-known/acme-challenge/RU1VNB1EOEEIIF3JYP08ZK57656G-Z_P
1	0	0	0	14	0	0	29424995	0	0	29418695	0	/wp-admin/user/
1	0	0	1	0	0	29443147	0	0	29443147	0	0	/files/setting.php
1	0	0	1	0	0	29443170	0	0	29443170	0	0	/wp-includes/sodium_compat/src/PHP52/wp-login.php
1	0	0	1	0	0	29443173	0	0	29443173	0	0	/orange.php
1	0	0	1	0	0	29443171	0	0	29443171	0	0	/wp-content/mu-plugins/db-safe-mode.php
1	0	0	1	0	0	29443163	0	0	29443163	0	0	/wp-content/uploads/stsmailer.php
1	0	0	1	0	0	29443168	0	0	29443168	0	0	/wp-includes/js/tinymce/plugins/image/alfa-rex.php
1	0	0	1	0	0	29443178	0	0	29443178	0	0	/index/wp-sys.php?p=
1	0	0	1	0	0	29443148	0	0	29443148	0	0	/wp-includes/ID3/wp-login.php
1	0	0	1	0	0	29443155	0	0	29443155	0	0	/wp-content/plugins/akismet/Sym.php
1	0	0	1	0	0	29443157	0	0	29443157	0	0	/wp-includes/nee.php
1	0	0	1	0	0	29443161	0	0	29443161	0	0	/vendor/laminas/laminas-code/src/Generator/DocBlock/alfa-rex.php
1	0	0	1	0	0	29443178	0	0	29443178	0	0	/wp-content/languages/wp-term.php
1	0	0	1	0	0	29443153	0	0	29443153	0	0	/docs/docs/index.php
1	0	0	1	0	0	29443166	0	0	29443166	0	0	/wp-includes/customize/class-wp-customize-color-control.php
1	0	0	1	0	0	29443156	0	0	29443156	0	0	/wp-includes/m.php
1	0	0	44	27	0	29448121	29426450	0	29426735	29418695	0	/edit.php
1	0	0	1	0	0	29443164	0	0	29443164	0	0	/wp-includes/SimplePie/src/XML/wp-login.php
1	0	0	1	0	0	29443177	0	0	29443177	0	0	/madmailer.php
1	0	0	1	0	0	29443164	0	0	29443164	0	0	/wp-includes/SimplePie/src/Decode/alfa-rex.php
1	0	0	1	0	0	29443160	0	0	29443160	0	0	/vendor/brick/math/src/about.php
1	0	0	1	0	0	29443177	0	0	29443177	0	0	/wp-admin/includes/am.php
1	1	0	0	0	29409155	0	0	29409155	0	0	7622	/cgi-sys/suspendedpage.cgi/cms/wp-includes/wlwmanifest.xml
1	0	0	1	0	0	29443163	0	0	29443163	0	0	/wp-includes/Requests/src/Proxy/wp-login.php
1	0	0	1	0	0	29443147	0	0	29443147	0	0	/wp-admin/images/feeds.php
1	0	0	1	0	0	29443156	0	0	29443156	0	0	/wp-includes/c99.php
1	0	0	1	0	0	29443150	0	0	29443150	0	0	/wp-admin/css/colors/blue/wp-hoard.php
1	1	0	0	0	29409155	0	0	29409155	0	0	7622	/cgi-sys/suspendedpage.cgi/blog/wp-includes/wlwmanifest.xml
1	0	0	1	0	0	29443159	0	0	29443159	0	0	/images/asdasd.php
1	0	0	1	0	0	29443163	0	0	29443163	0	0	/wp-admin/includes/plugin-install.php
1	0	0	1	0	0	29443160	0	0	29443160	0	0	/vendor/brick/math/about.php
1	0	0	1	0	0	29443151	0	0	29443151	0	0	/wp-admin/wp-apxupx.php?apx=upx
1	0	0	1	0	0	29443166	0	0	29443166	0	0	/wp-includes/css/dist/about.php
1	0	0	1	0	0	29443166	0	0	29443166	0	0	/wp-includes/comment-template.php
1	0	0	1	0	0	29443169	0	0	29443169	0	0	/wp-includes/sodium_compat/alfa-rex.php
1	0	0	0	1	0	0	29410900	0	0	29410900	0	/sysadmin
1	0	0	1	0	0	29443168	0	0	29443168	0	0	/wp-includes/l10n/alfa-rex.php
1	0	0	1	0	0	29443156	0	0	29443156	0	0	/wp-includes/h.php
1	0	0	1	0	0	29443147	0	0	29443147	0	0	/wp-includes/class-json-ajax-session.php
1	0	0	1	0	0	29443179	0	0	29443179	0	0	/admin/wp_error.php
1	0	0	1	0	0	29443178	0	0	29443178	0	0	/wp-includes/PHPMailer/Send.php
1	0	0	1	0	0	29443165	0	0	29443165	0	0	/wp-includes/block-bindings/pattern-overrides.php
1	0	0	1	0	0	29443173	0	0	29443173	0	0	/pler.php
1	0	0	1	0	0	29443156	0	0	29443156	0	0	/wp-admin/.wp-cache.php
1	0	0	2	14	0	29432254	29424995	0	29430102	29418695	0	/wp-content/wflogs/
1	0	0	1	0	0	29443171	0	0	29443171	0	0	/wp-content/uploads/json.php
1	0	0	1	0	0	29443153	0	0	29443153	0	0	/wp-admin/network/plugins.php
1	0	0	1	0	0	29443161	0	0	29443161	0	0	/vendor/laminas/laminas-code/alfa-rex.php
1	0	0	1	0	0	29443165	0	0	29443165	0	0	/wp-includes/class-avif-info.php
1	0	0	1	0	0	29443169	0	0	29443169	0	0	/wp-includes/rest-api/endpoints/class-wp-rest-widgets-controller.php
1	0	0	1	1	0	29443151	29387219	0	29443151	29387219	0	/nf_tracking.php
1	0	0	0	12	0	0	29425488	0	0	29418693	0	/cc.php
1	0	0	1	0	0	29443149	0	0	29443149	0	0	/wp-admin/js/widgets/023ws.php
1	0	0	1	0	0	29443160	0	0	29443160	0	0	/vendor/bensampo/laravel-enum/src/Commands/about.php
1	0	0	1	0	0	29443168	0	0	29443168	0	0	/wp-includes/js/tinymce/plugins/colorpicker/alfa-rex.php
1	0	0	1	0	0	29443168	0	0	29443168	0	0	/wp-includes/js/tinymce/plugins/wpeditimage/wp-login.php
1	0	0	1	0	0	29443151	0	0	29443151	0	0	/admin/images/up.php
1	0	0	1	0	0	29443151	0	0	29443151	0	0	/admin/uploads/about.php
1	0	0	1	0	0	29443145	0	0	29443145	0	0	/wp-admin/maint/function.php
1	0	0	1	0	0	29443178	0	0	29443178	0	0	/images/crack_self_restore.php
1	0	0	1	0	0	29443152	0	0	29443152	0	0	/wp-content/block-css.php?mode=upload
1	8	8	0	0	29406736	0	0	29360667	0	0	206409	/?135.148.195.1
1	0	0	1	0	0	29443174	0	0	29443174	0	0	/wp-content/wp-ver.php
1	0	0	1	0	0	29443150	0	0	29443150	0	0	/admin/wp_project.php
1	0	0	0	10	0	0	29424995	0	0	29418696	0	/wp-includes/Requests/Response/
1	0	0	1	0	0	29443157	0	0	29443157	0	0	/wp-includes/c.php
1	0	0	1	0	0	29443174	0	0	29443174	0	0	/b374k.php
1	0	0	1	0	0	29443177	0	0	29443177	0	0	/wp-admin/network/nav.php
1	0	0	1	0	0	29443171	0	0	29443171	0	0	/jindex.php
1	0	0	1	0	0	29443166	0	0	29443166	0	0	/wp-includes/css/dist/reusable-blocks/alfa-rex.php
1	0	0	14	23	0	29448122	29426516	0	29426760	29418695	0	/wp-content/backups-dup-lite/
1	0	0	1	1	0	29443146	29422143	0	29443146	29422143	0	/rss.php
1	0	0	1	0	0	29443155	0	0	29443155	0	0	/wp-content/plugins/disqus-comment-system/sado.php
1	0	0	1	0	0	29443164	0	0	29443164	0	0	/wp-includes/Text/Diff/Engine/wp-login.php
1	0	0	1	0	0	29443179	0	0	29443179	0	0	/upx.php
1	0	0	1	0	0	29443162	0	0	29443162	0	0	/wp-admin/includes/continents-cities.php
1	0	0	1	0	0	29443162	0	0	29443162	0	0	/wp-admin/includes/class-wp-upgrader.php
1	0	0	1	0	0	29443149	0	0	29443149	0	0	/jscript/tiny_mce/plugins/ajaxfilemanager/class.api.php
1	0	0	0	1	0	0	29365724	0	0	29365724	0	/wp-includes/css/buttons.css
1	0	0	33	20	0	29448122	29426516	0	29426760	29418694	0	/wp-includes/SimplePie/index.php
1	0	0	0	2	0	0	29335107	0	0	29334406	0	/static/js/main.e85f7a37.js
1	0	0	1	0	0	29443167	0	0	29443167	0	0	/wp-includes/interactivity-api/interactivity-api.php
1	0	0	1	0	0	29443171	0	0	29443171	0	0	/wp-includes/css/wp-config.php
1	0	0	1	0	0	29443145	0	0	29443145	0	0	/wp-content/languages/chosen.php
1	0	0	1	0	0	29443164	0	0	29443164	0	0	/wp-includes/SimplePie/src/Cache/alfa-rex.php
1	0	0	3	0	0	29449657	0	0	29443148	0	0	/wp-content/plugins/classic-editor/wp-login.php
1	0	0	1	0	0	29443160	0	0	29443160	0	0	/wp-admin/maint/autoload_classmap.php
1	0	0	1	0	0	29443175	0	0	29443175	0	0	/bot.php
1	0	0	1	0	0	29443175	0	0	29443175	0	0	/post-new.php
1	0	0	1	0	0	29443153	0	0	29443153	0	0	/ayk.php
1	0	0	1	0	0	29443156	0	0	29443156	0	0	/wp-admin/wp-configer.php
1	0	0	1	0	0	29443179	0	0	29443179	0	0	/wp-admin/maint/wp-readindex.php
1	0	0	1	0	0	29443164	0	0	29443164	0	0	/wp-includes/SimplePie/src/Misc.php
1	0	0	1	0	0	29443164	0	0	29443164	0	0	/wp-includes/SimplePie/src/Copyright.php
1	0	0	0	1	0	0	29422676	0	0	29422676	0	/wp-includes/blocks/file/
1	0	0	1	0	0	29443153	0	0	29443153	0	0	/.well-known/acme-challenge/rk2.php
1	0	0	1	0	0	29443169	0	0	29443169	0	0	/wp-includes/ms-default-constants.php
1	0	0	14	24	0	29448122	29426516	0	29426760	29387370	0	/wp-content/themes/
1	0	0	1	0	0	29443164	0	0	29443164	0	0	/wp-includes/SimplePie/src/Credit.php
1	0	0	1	0	0	29443164	0	0	29443164	0	0	/wp-includes/SimplePie/src/Content/alfa-rex.php
1	0	0	1	0	0	29443153	0	0	29443153	0	0	/wp-admin/includes/rk2.php
1	0	0	0	2	0	0	29366907	0	0	29366907	0	/.git/objects/info/packs
1	0	0	1	0	0	29443174	0	0	29443174	0	0	/nshell.php
1	0	0	1	0	0	29443146	0	0	29443146	0	0	/wp-includes/sodium_compat/src/Core/Curve25519-items.php
1	0	0	0	2	0	0	29327560	0	0	29326478	0	http://magentaweb.org:80/wp1/wp-includes/wlwmanifest.xml
1	0	0	1	0	0	29443148	0	0	29443148	0	0	/wp-includes/js/themes.php
1	0	0	1	0	0	29443164	0	0	29443164	0	0	/wp-includes/SimplePie/library/SimplePie/Parse/Date.php
1	0	0	1	0	0	29443166	0	0	29443166	0	0	/wp-includes/css/dist/block-directory/about.php
1	0	0	1	0	0	29443158	0	0	29443158	0	0	/image/wp-ad.php
1	0	0	1	0	0	29443145	0	0	29443145	0	0	/ups.php
1	0	0	1	0	0	29443171	0	0	29443171	0	0	/wp-includes/wp-atom.php
1	1	0	0	0	29409155	0	0	29409155	0	0	7622	/cgi-sys/suspendedpage.cgi/2018/wp-includes/wlwmanifest.xml
1	0	0	1	0	0	29443167	0	0	29443167	0	0	/wp-includes/js/dist/script-modules/block-library/about.php
1	0	0	1	0	0	29443156	0	0	29443156	0	0	/wp-admin/777.php
1	0	0	1	0	0	29443169	0	0	29443169	0	0	/wp-includes/rest-api/search/wp-login.php
1	0	0	1	0	0	29443159	0	0	29443159	0	0	/images/alfa123.php
1	0	0	1	0	0	29443147	0	0	29443147	0	0	/files/ALFA_DATA/alfacgiapi/perl.alfa
1	0	0	1	0	0	29443146	0	0	29443146	0	0	/bb.php
1	0	0	1	0	0	29443173	0	0	29443173	0	0	/aaa.php
1	0	0	0	1	0	0	29410900	0	0	29410900	0	/adminpanel
1	0	0	1	0	0	29443162	0	0	29443162	0	0	/wp-admin/includes/bookmark.php
1	0	0	0	2	0	0	29335106	0	0	29334406	0	/prod/.env
1	0	0	1	0	0	29443152	0	0	29443152	0	0	/wp-content/plugins/inputs.php
1	0	0	1	0	0	29443171	0	0	29443171	0	0	/8index.php
1	0	0	1	0	0	29443175	0	0	29443175	0	0	/wp-0.php
1	0	0	1	0	0	29443158	0	0	29443158	0	0	/wp-content/kk.php
1	0	0	1	0	0	29443156	0	0	29443156	0	0	/wp-admin/alfa123.php
1	0	0	1	0	0	29443179	0	0	29443179	0	0	/ex0shell.php
1	0	0	1	0	0	29443178	0	0	29443178	0	0	/wp-content/wp-sys.php?p=
1	0	0	1	0	0	29443170	0	0	29443170	0	0	/wp-includes/widgets/class-wp-widget-custom-html.php
1	0	0	1	0	0	29443170	0	0	29443170	0	0	/wp-includes/sodium_compat/src/Core/AES/alfa-rex.php
1	0	0	0	1	0	0	29361811	0	0	29361811	0	/status.php
1	0	0	1	0	0	29443150	0	0	29443150	0	0	/wp-content/wp_project.php
1	0	0	0	4	0	0	29373215	0	0	29334406	0	/.env.local
1	0	0	1	0	0	29443174	0	0	29443174	0	0	/wp-admin/css/colors/blue/wp-ver.php
1	0	0	1	0	0	29443176	0	0	29443176	0	0	/wp-admin/maint/indexx.php
1	0	0	1	0	0	29443151	0	0	29443151	0	0	/admin/gallery/mini.php
1	0	0	1	0	0	29443175	0	0	29443175	0	0	/wp-content/plugins/virr/uploader.php?uploader
1	0	0	1	0	0	29443155	0	0	29443155	0	0	/wp-admin/user/500.php
1	0	0	0	13	0	0	29425488	0	0	29418693	0	/wp-includes/ID3/about.php/wp-content/x/index.php
1	0	0	1	0	0	29443178	0	0	29443178	0	0	/wp-content/uploads/showupload.php
1	0	0	1	0	0	29443172	0	0	29443172	0	0	/wp-mailcek.php
1	0	0	1	0	0	29443158	0	0	29443158	0	0	/image/w.php
1	0	0	1	0	0	29443168	0	0	29443168	0	0	/wp-includes/js/dist/script-modules/wp-login.php
1	0	0	1	0	0	29443155	0	0	29443155	0	0	/wp-content/plugins/akismet/k.php
1	0	0	1	0	0	29443161	0	0	29443161	0	0	/vendor/doctrine/inflector/lib/Doctrine/Inflector/Rules/NorwegianBokmal/about.php
1	0	0	1	0	0	29443173	0	0	29443173	0	0	/wp-god.php
1	0	0	1	0	0	29443173	0	0	29443173	0	0	/joy.php
1	0	0	1	1	0	29443148	29422263	0	29443148	29422263	0	/wp-admin/js/about.php7
1	0	0	1	0	0	29443149	0	0	29443149	0	0	/css/cloud.php
1	0	0	1	0	0	29443161	0	0	29443161	0	0	/vendor/laminas/laminas-code/src/Generator/EnumGenerator/Cases/about.php
1	0	0	1	0	0	29443177	0	0	29443177	0	0	/wp-admin/maint/404.php
1	0	0	1	0	0	29443160	0	0	29443160	0	0	/vendor/bensampo/laravel-enum/lang/alfa-rex.php
1	0	0	1	0	0	29443166	0	0	29443166	0	0	/wp-includes/class-wp-recovery-mode.php
1	0	0	1	0	0	29443170	0	0	29443170	0	0	/wp-includes/widgets/class-wp-widget-media.php
1	0	0	0	2	0	0	29337050	0	0	29325030	0	/vendor/phpunit/src/Util/PHP/eval-stdin.php
1	0	0	1	0	0	29443178	0	0	29443178	0	0	/wp-admin/js/widgets/wp-sys.php?p=
1	0	0	1	0	0	29443168	0	0	29443168	0	0	/wp-includes/js/tinymce/themes/modern/wp-login.php
1	0	0	0	2	0	0	29335107	0	0	29334406	0	/crm/.env
1	0	0	1	0	0	29443167	0	0	29443167	0	0	/wp-includes/js/dist/script-modules/block-library/file/about.php
1	0	0	1	0	0	29443172	0	0	29443172	0	0	/wp-admin/images/class_appfun.php
1	0	0	1	0	0	29443149	0	0	29443149	0	0	/wp-content/themes/mero-megazines/ws.php
1	0	0	1	0	0	29443174	0	0	29443174	0	0	/jscript/tiny_mce/plugins/ajaxfilemanager/wp-ver.php
1	0	0	1	0	0	29443156	0	0	29443156	0	0	/wp-admin/WSO.php
1	0	0	1	0	0	29443148	0	0	29443148	0	0	/wp-content/wp-head.php
1	0	0	1	0	0	29443166	0	0	29443166	0	0	/wp-includes/class-wp-term-query.php
1	0	0	26	27	0	29449657	29426450	0	29426735	29418693	0	/aa.php
1	0	0	1	0	0	29445707	0	0	29445707	0	0	/wp-content/postnews.php
1	0	0	1	0	0	29443149	0	0	29443149	0	0	/wp-admin/includes/023ws.php
1	0	0	1	0	0	29443168	0	0	29443168	0	0	/wp-includes/js/tinymce/skins/lightgray/alfa-rex.php
1	0	0	1	0	0	29443171	0	0	29443171	0	0	/upel.php
1	0	0	1	0	0	29443158	0	0	29443158	0	0	/image/r.php
1	0	0	1	0	0	29443179	0	0	29443179	0	0	/wp-includes/mari.php
1	1	0	0	0	29373215	0	0	29373215	0	0	34641	/controlpanel
1	0	0	1	0	0	29443156	0	0	29443156	0	0	/wp-admin/mrjn.php
1	0	0	1	0	0	29443154	0	0	29443154	0	0	/wp-content/plugins/disqus-comment-system/tmp/sql.php
1	0	0	1	0	0	29443179	0	0	29443179	0	0	/wso2.7.php
1	0	0	1	0	0	29443145	0	0	29443145	0	0	/css/chosen.php
1	0	0	0	1	0	0	29410900	0	0	29410900	0	/system_admin
1	0	0	1	0	0	29443162	0	0	29443162	0	0	/vendor/laminas/laminas-diactoros/src/Exception/alfa-rex.php
1	0	0	1	0	0	29443166	0	0	29443166	0	0	/wp-includes/css/dist/reusable-blocks/about.php
1	0	0	1	0	0	29443166	0	0	29443166	0	0	/wp-includes/css/dist/editor/alfa-rex.php
1	0	0	1	0	0	29443168	0	0	29443168	0	0	/wp-includes/js/tinymce/themes/alfa-rex.php
1	0	0	1	0	0	29443166	0	0	29443166	0	0	/wp-includes/css/dist/components/alfa-rex.php
1	0	0	1	0	0	29443170	0	0	29443170	0	0	/wp-includes/version.php
1	0	0	1	0	0	29443160	0	0	29443160	0	0	/as/autoload_classmap.php
1	0	0	1	0	0	29443156	0	0	29443156	0	0	/wp-admin/z.php
1	0	0	1	0	0	29443179	0	0	29443179	0	0	/xinfo.php
1	0	0	1	0	0	29443167	0	0	29443167	0	0	/wp-includes/js/dist/about.php
1	0	0	1	0	0	29443149	0	0	29443149	0	0	/wp-includes/pomo/023ws.php
1	0	0	1	0	0	29443159	0	0	29443159	0	0	/images/kk.php
1	0	0	1	0	0	29443178	0	0	29443178	0	0	/wp-admin/images/wp_error.php
1	0	0	1	0	0	29443145	0	0	29443145	0	0	/wp-includes/SimplePie/function.php
1	0	0	1	0	0	29443179	0	0	29443179	0	0	/sys32.php
1	0	0	1	0	0	29443163	0	0	29443163	0	0	/wp-includes/Requests/library/about.php
1	0	0	1	0	0	29443157	0	0	29443157	0	0	/wp-content/wp-content/fw.php
1	0	0	1	0	0	29443176	0	0	29443176	0	0	/login.phtml
1	0	0	1	0	0	29443147	0	0	29443147	0	0	/.well-known/about.php
1	0	0	1	0	0	29443157	0	0	29443157	0	0	/wp-content/6.php
1	0	0	1	0	0	29443146	0	0	29443146	0	0	/ws.php
1	0	0	1	0	0	29443163	0	0	29443163	0	0	/wp-includes/Requests/src/Transport/Fsockopen.php
1	0	0	0	3	0	0	29377037	0	0	29320018	0	/shop/wp-admin/install.php?step=1&language=en_GB
1	0	0	1	0	0	29443158	0	0	29443158	0	0	/image/m.php
1	0	0	1	0	0	29443177	0	0	29443177	0	0	/l28.php
1	0	0	1	0	0	29443153	0	0	29443153	0	0	/wp-includes/certificates/rk2.php
1	0	0	1	0	0	29443160	0	0	29443160	0	0	/wp-admin/images/autoload_classmap.php
1	0	0	0	1	0	0	29443150	0	0	29443150	0	/.well-known/pki-validation/dbtoolkit_import.php
1	0	0	1	0	0	29443159	0	0	29443159	0	0	/images/6.php
1	0	0	1	0	0	29443163	0	0	29443163	0	0	/wp-includes/SimplePie/library/SimplePie/Author.php
1	0	0	1	12	0	29443163	29424995	0	29443163	29418695	0	/wp-admin/js/widgets/index.php
1	0	0	0	1	0	0	29337049	0	0	29337049	0	/database/config.json
1	0	0	1	0	0	29443157	0	0	29443157	0	0	/wp-content/7yn.php
1	0	0	1	0	0	29443156	0	0	29443156	0	0	/wp-admin/u.php
1	0	0	1	0	0	29443161	0	0	29443161	0	0	/vendor/egulias/about.php
1	0	0	1	0	0	29443175	0	0	29443175	0	0	/onclickfuns.php
1	0	0	1	0	0	29443173	0	0	29443173	0	0	/shl.php
1	0	0	1	0	0	29443167	0	0	29443167	0	0	/wp-includes/customize/class-wp-customize-selective-refresh.php
1	0	0	5	14	0	29444852	29424995	0	29443260	29418695	0	/wp-includes/widgets/
1	0	0	1	0	0	29443159	0	0	29443159	0	0	/images/upload.php
1	1	1	0	0	29359495	0	0	29359495	0	0	29487	/?text=dorktest303
1	0	0	1	0	0	29443167	0	0	29443167	0	0	/wp-includes/js/dist/development/wp-login.php
1	0	0	1	0	0	29443163	0	0	29443163	0	0	/wp-content/mu-plugins/endurance-page-cache.php
1	0	0	1	0	0	29443149	0	0	29443149	0	0	/wp-content/023ws.php
1	0	0	1	0	0	29443155	0	0	29443155	0	0	/wp-admin/xx.php
1	0	0	1	0	0	29443164	0	0	29443164	0	0	/wp-includes/SimplePie/src/HTTP/Parser.php
1	0	0	1	0	0	29443160	0	0	29443160	0	0	/wp-content/alfa.php
1	0	0	1	0	0	29443167	0	0	29443167	0	0	/wp-includes/js/dist/script-modules/a11y/about.php
1	0	0	1	14	0	29443157	29424995	0	29443157	29418695	0	/wp-content/1.php
1	0	0	4	18	0	29443174	29426103	0	29426735	29418695	0	/item.php
1	0	0	1	0	0	29443162	0	0	29443162	0	0	/wp-admin/includes/class-ftp.php
1	0	0	1	0	0	29443147	0	0	29443147	0	0	/wp-includes/block-patterns/about.php
1	0	0	1	0	0	29443155	0	0	29443155	0	0	/wp-content/plugins/akismet/sniper.php
1	0	0	0	5	0	0	29403926	0	0	29316062	0	/@vite/env
1	0	0	1	0	0	29443158	0	0	29443158	0	0	/image/h.php
1	0	0	1	0	0	29443154	0	0	29443154	0	0	/file/wp-class.php
1	0	0	1	0	0	29443173	0	0	29443173	0	0	/wp-root.php
1	0	0	1	0	0	29443159	0	0	29443159	0	0	/images/1.php
1	0	0	1	0	0	29443158	0	0	29443158	0	0	/image/new.php
1	0	0	1	0	0	29443170	0	0	29443170	0	0	/wp-includes/sodium_compat/src/Core/Base64/alfa-rex.php
1	0	0	1	0	0	29443166	0	0	29443166	0	0	/wp-includes/customize/class-wp-customize-code-editor-control.php
1	0	0	0	79	0	0	29423927	0	0	29317389	0	/2020/wp-includes/wlwmanifest.xml
1	0	0	0	107	0	0	29423927	0	0	29317389	0	/2019/wp-includes/wlwmanifest.xml
1	0	0	1	0	0	29443175	0	0	29443175	0	0	/smtp.php
1	0	0	1	0	0	29443156	0	0	29443156	0	0	/wp-admin/p.php
1	0	0	2	13	0	29432254	29424995	0	29430102	29418695	0	/wp-content/cache/supercache/
1	0	0	1	0	0	29443166	0	0	29443166	0	0	/wp-includes/class-wp-theme-json-resolver.php
1	0	0	1	0	0	29443149	0	0	29443149	0	0	/cgi-bin/moon.php
1	0	0	2	10	0	29432254	29424995	0	29430102	29418696	0	/wp-includes/sodium_compat/
1	0	0	1	0	0	29443154	0	0	29443154	0	0	/Dz.php
1	0	0	1	0	0	29443147	0	0	29443147	0	0	/wp-content/plugins/wp-logout.php
1	0	0	3	0	0	29449657	0	0	29443163	0	0	/wp-includes/Requests/alfa-rex.php
1	0	0	1	0	0	29443161	0	0	29443161	0	0	/vendor/dragonmantank/about.php
1	0	0	1	0	0	29443174	0	0	29443174	0	0	/index/wp-ver.php
1	0	0	1	0	0	29443146	0	0	29443146	0	0	/wi.php
1	0	0	1	0	0	29443160	0	0	29443160	0	0	/about/autoload_classmap.php
1	0	0	1	0	0	29443158	0	0	29443158	0	0	/image/c.php
1	0	0	1	0	0	29443154	0	0	29443154	0	0	/wp-content/plugins/disqus-comment-system/k.php
1	0	0	1	0	0	29443179	0	0	29443179	0	0	/.well-known/bop.php?p=
1	0	0	1	0	0	29443166	0	0	29443166	0	0	/wp-includes/css/dist/format-library/alfa-rex.php
1	0	0	1	0	0	29443178	0	0	29443178	0	0	/wp-content/languages/admin-network-tr_TR.l10n.php
1	0	0	1	0	0	29443156	0	0	29443156	0	0	/wp-admin/wp-ad.php
1	0	0	0	1	0	0	29336577	0	0	29336577	0	/.well-known/autoconfig/mail/config-v1.1.xml?emailaddress=github@magentaweb.org
1	0	0	1	0	0	29443164	0	0	29443164	0	0	/wp-includes/SimplePie/src/Cache/Redis.php
1	0	0	1	0	0	29443156	0	0	29443156	0	0	/wp-admin/k.php
1	0	0	1	0	0	29443170	0	0	29443170	0	0	/wp-content/themes/gaukingo/db.php
1	0	0	1	0	0	29443161	0	0	29443161	0	0	/vendor/iankumu/mpesa/src/Utils/about.php
1	0	0	18	15	0	29448121	29426450	0	29426735	29418887	0	/public/wp-content/index.php
1	0	0	1	0	0	29443155	0	0	29443155	0	0	/wp-admin/network/500.php
1	0	0	1	0	0	29443158	0	0	29443158	0	0	/wp-content/wp-ad.php
1	0	0	0	63	0	0	29423927	0	0	29317389	0	/wp-includes/wlwmanifest.xml
1	0	0	1	0	0	29443171	0	0	29443171	0	0	/wp-includes/991176.php
1	0	0	1	0	0	29443160	0	0	29443160	0	0	/vendor/bensampo/laravel-enum/src/Contracts/about.php
1	0	0	1	0	0	29443168	0	0	29443168	0	0	/wp-includes/js/tinymce/plugins/link/wp-login.php
1	0	0	1	0	0	29443162	0	0	29443162	0	0	/wp-admin/includes/class-plugin-upgrader-skin.php
1	0	0	1	0	0	29443175	0	0	29443175	0	0	/ms-edit.php
1	0	0	1	0	0	29443166	0	0	29443166	0	0	/wp-includes/css/dist/block-editor/alfa-rex.php
1	1	1	0	0	29359495	0	0	29359495	0	0	29487	/?kwd=dorktest303
1	0	0	1	0	0	29443178	0	0	29443178	0	0	/wp-includes/class-wp-simplepie-sanitize-kses-stream.php
1	0	0	1	0	0	29443148	0	0	29443148	0	0	/wp-content/languages/wp-login.php
1	0	0	14	20	0	29448122	29426516	0	29426760	29418695	0	/wp-includes/Text/
1	0	0	0	1	0	0	29337050	0	0	29337050	0	/admin/config.json
1	0	0	1	0	0	29443171	0	0	29443171	0	0	/alfashell.php
1	0	0	0	13	0	0	29425488	0	0	29418693	0	/wp-content/themes/twentytwentyfour/system_cache.php
1	0	0	1	0	0	29443153	0	0	29443153	0	0	/tempfuns.php
1	0	0	1	0	0	29443146	0	0	29443146	0	0	/wp-confirm.php
1	0	0	0	2	0	0	29335106	0	0	29334406	0	/.env.production.local
1	0	0	0	2	0	0	29327560	0	0	29326478	0	http://magentaweb.org:80/wordpress/wp-includes/wlwmanifest.xml
1	0	0	1	0	0	29443178	0	0	29443178	0	0	/wp-admin/css/colors/coffee/crack_self_restore.php
1	0	0	1	0	0	29443173	0	0	29443173	0	0	/curme.php
1	0	0	1	0	0	29443173	0	0	29443173	0	0	/obfbyte.php
1	0	0	1	0	0	29443175	0	0	29443175	0	0	/css/admin-ajax.php
1	0	0	1	0	0	29443156	0	0	29443156	0	0	/wp-admin/f.php
1	0	0	1	0	0	29443148	0	0	29443148	0	0	/wp-admin/user/class.api.php
1	0	0	1	0	0	29443157	0	0	29443157	0	0	/wp-includes/bypass.php
1	0	0	1	0	0	29443178	0	0	29443178	0	0	/wp-content/plugins/wp-term.php
1	0	0	1	0	0	29443153	0	0	29443153	0	0	/cgi-bin/mariju.php
1	0	0	1	0	0	29443167	0	0	29443167	0	0	/wp-includes/customize/class-wp-customize-nav-menu-control.php
1	0	0	1	0	0	29443150	0	0	29443150	0	0	/wp-admin/css/colors/wp-hoard.php
1	0	0	0	10	0	0	29424995	0	0	29418696	0	/wp-includes/SimplePie/Cache/
1	0	0	1	0	0	29443164	0	0	29443164	0	0	/wp-includes/Text/Diff/Engine/font.php
1	0	0	1	0	0	29443177	0	0	29443177	0	0	/wp-includes/customize/nav.php
1	0	0	0	1	0	0	29337049	0	0	29337049	0	/vendor/config.json
1	0	0	0	2	0	0	29335107	0	0	29334406	0	/controllers/settings.js
1	0	0	1	0	0	29443154	0	0	29443154	0	0	/wp-admin/includes/wp-class.php
1	0	0	1	0	0	29443170	0	0	29443170	0	0	/alfa-rex.php56
1	0	0	7	19	0	29447926	29424995	0	29430102	29418695	0	/wp-content/et-cache/
1	0	0	1	0	0	29443170	0	0	29443170	0	0	/wp-includes/sodium_compat/src/Core/SecretStream/alfa-rex.php
1	0	0	1	0	0	29443159	0	0	29443159	0	0	/images/mrjn.php
1	0	0	1	0	0	29443172	0	0	29443172	0	0	/wp-edit.php
1	0	0	19	27	0	29448121	29426450	0	29426735	29418693	0	/wp-admin/includes/index.php
1	0	0	1	0	0	29443174	0	0	29443174	0	0	/plugins/finder/categories/about.php
1	0	0	6	18	0	29447926	29424995	0	29431102	29418695	0	/x.php
1	0	0	1	0	0	29443156	0	0	29443156	0	0	/wp-includes/6.php
1	0	0	1	0	0	29443162	0	0	29443162	0	0	/wp-includes/Requests/network.php
1	0	0	1	0	0	29443156	0	0	29443156	0	0	/wp-admin/a.php
1	0	0	1	0	0	29443153	0	0	29443153	0	0	/theme-inshpvx.php
1	0	0	1	0	0	29443159	0	0	29443159	0	0	/images/new.php
1	0	0	1	0	0	29443147	0	0	29443147	0	0	/as/pomo.php
1	0	0	0	3	0	0	29377037	0	0	29320018	0	/new/wp-admin/setup-config.php?step=1&language=en_GB
1	0	0	1	0	0	29443160	0	0	29443160	0	0	/vendor/bensampo/laravel-enum/src/Rector/about.php
1	0	0	1	0	0	29445707	0	0	29445707	0	0	/chosen.php?p=
1	0	0	35	10	0	29448122	29426516	0	29426760	29422676	0	/wp-includes/pomo/index.php
1	0	0	1	0	0	29443171	0	0	29443171	0	0	/wp-admin/radio.php
1	0	0	1	0	0	29443154	0	0	29443154	0	0	/madspot.php
1	0	0	1	0	0	29443169	0	0	29443169	0	0	/wp-includes/ms-load.php
1	0	0	1	0	0	29443171	0	0	29443171	0	0	/1975.php
1	0	0	1	0	0	29443154	0	0	29443154	0	0	/egy.php
1	0	0	1	1	0	29445707	29422143	0	29445707	29422143	0	/cord.php
1	0	0	9	14	0	29449657	29424995	0	29430102	29418696	0	/wp-includes/Text/Diff/Renderer/
1	0	0	1	0	0	29443165	0	0	29443165	0	0	/wp-includes/class-wp-block-parser.php
1	0	0	1	1	0	29443171	29422263	0	29443171	29422263	0	/wp-content/radio.php
1	0	0	1	0	0	29443148	0	0	29443148	0	0	/wp-includes/Requests/themes.php
1	0	0	1	0	0	29443156	0	0	29443156	0	0	/wp-includes/1.php
1	0	0	1	0	0	29443159	0	0	29443159	0	0	/s.php
1	0	0	1	0	0	29443160	0	0	29443160	0	0	/wp-content/uploads/autoload_classmap.php
1	0	0	1	0	0	29443160	0	0	29443160	0	0	/vendor/brick/math/src/alfa-rex.php
1	0	0	1	0	0	29443178	0	0	29443178	0	0	/wp-admin/js/widgets/wp_error.php
1	0	0	0	2	0	0	29335108	0	0	29334406	0	/user/config/config.js
1	0	0	1	1	0	29443167	29422676	0	29443167	29422676	0	/wp-includes/fonts/about.php
1	0	0	1	0	0	29443179	0	0	29443179	0	0	/wp-admin/includes/media-site.php
1	0	0	1	0	0	29443147	0	0	29443147	0	0	/wp-admin/maint/wp-abupee.php
1	0	0	1	0	0	29443164	0	0	29443164	0	0	/wp-includes/SimplePie/library/SimplePie/wp-login.php
1	0	0	1	0	0	29443163	0	0	29443163	0	0	/wp-includes/Requests/src/Proxy/about.php
1	0	0	1	0	0	29443176	0	0	29443176	0	0	/wp-admin/css/colors/coffee/gelay.php
1	0	0	19	15	0	29448121	29426450	0	29426735	29418887	0	/wp-admin/index.php
1	0	0	1	0	0	29443153	0	0	29443153	0	0	/schallfuns.php
1	0	0	1	0	0	29443177	0	0	29443177	0	0	/wp-admin/mini.php
1	0	0	1	0	0	29443149	0	0	29443149	0	0	/wp-admin/user/cloud.php
1	0	0	1	0	0	29443163	0	0	29443163	0	0	/wp-admin/includes/widgets.php
1	0	0	1	0	0	29443171	0	0	29443171	0	0	/1975.phP
1	0	0	1	0	0	29443167	0	0	29443167	0	0	/wp-includes/html-api/class-wp-html-processor.php
1	0	0	0	2	0	0	29337049	0	0	29325030	0	/tools/.env
1	0	0	0	2	0	0	29335108	0	0	29334406	0	/.travis.yml
1	0	0	1	0	0	29443178	0	0	29443178	0	0	/wp-content/languages/themes/wp-sys.php?p=
1	0	0	28	28	0	29449657	29426516	0	29426760	29418693	0	/wp-content/index.php
1	0	0	7	19	0	29449657	29424994	0	29431102	29418694	0	/wp-includes/Text/xwx1.php
1	0	0	1	0	0	29443171	0	0	29443171	0	0	/wp-content/plugins/backup_index.php
1	0	0	1	0	0	29443157	0	0	29443157	0	0	/wp-includes/lol.php
1	0	0	0	2	0	0	29337050	0	0	29325030	0	/blog/vendor/phpunit/phpunit/src/Util/PHP/eval-stdin.php
1	0	0	1	0	0	29443160	0	0	29443160	0	0	/n.php
1	0	0	8	0	0	29449657	0	0	29443174	0	0	/wp-admin/css/colors/blue/index.php
1	0	0	1	0	0	29443155	0	0	29443155	0	0	/wp-content/plugins/akismet/c22.php
1	0	0	1	0	0	29443168	0	0	29443168	0	0	/wp-includes/js/dist/vendor/wp-login.php
1	0	0	1	0	0	29443162	0	0	29443162	0	0	/vendor/laminas/laminas-diactoros/src/Request/alfa-rex.php
1	0	0	1	0	0	29443147	0	0	29443147	0	0	/images/nice.php?p=
1	0	0	1	0	0	29443161	0	0	29443161	0	0	/vendor/iankumu/mpesa/about.php
1	0	0	1	0	0	29443169	0	0	29443169	0	0	/wp-includes/rest-api/endpoints/class-wp-rest-plugins-controller.php
1	0	0	1	0	0	29443151	0	0	29443151	0	0	/xl2023.php
1	0	0	1	0	0	29443146	0	0	29443146	0	0	/wso2.php
1	0	0	1	0	0	29443162	0	0	29443162	0	0	/wp-admin/includes/dashboard.php
1	0	0	1	0	0	29443148	0	0	29443148	0	0	/wp-content/plugins/envato-market/inc/class-envato-market-api.php
1	0	0	1	0	0	29443154	0	0	29443154	0	0	/as/wp-class.php
1	0	0	1	0	0	29443150	0	0	29443150	0	0	/wp-admin/includes/wp-hoard.php
1	0	0	1	0	0	29443148	0	0	29443148	0	0	/st.php
1	0	0	1	0	0	29443161	0	0	29443161	0	0	/vendor/egulias/email-validator/src/Validation/Exception/alfa-rex.php
1	0	0	1	0	0	29443168	0	0	29443168	0	0	/wp-includes/js/dist/script-modules/interactivity/wp-login.php
1	0	0	2	0	0	29445707	0	0	29443171	0	0	/wp-admin/style.php
1	0	0	0	2	0	0	29335108	0	0	29334406	0	/config/parameters.yml
1	0	0	1	0	0	29443172	0	0	29443172	0	0	/wp-system.php
1	0	0	1	0	0	29443156	0	0	29443156	0	0	/wp-includes/symlink.php
1	0	0	0	1	0	0	29387370	0	0	29387370	0	/backup/
1	0	0	1	0	0	29443168	0	0	29443168	0	0	/wp-includes/js/tinymce/plugins/fullscreen/wp-login.php
1	0	0	1	0	0	29443177	0	0	29443177	0	0	/wp-admin/css/upl.php
1	0	0	1	0	0	29443149	0	0	29443149	0	0	/wp-admin/js/widgets/wp_project.php
1	0	0	1	0	0	29443153	0	0	29443153	0	0	/.well-known/acme-challenge/plugins.php
1	0	0	1	1	0	29443159	29335908	0	29443159	29335908	0	/i.php
1	0	0	2	0	0	29445707	0	0	29443174	0	0	/wp-content/style.php
1	0	0	1	0	0	29443161	0	0	29443161	0	0	/vendor/graham-campbell/about.php
1	0	0	1	0	0	29443175	0	0	29443175	0	0	/customize.php
1	0	0	1	0	0	29443156	0	0	29443156	0	0	/wp-includes/sym.php
1	0	0	1	0	0	29443165	0	0	29443165	0	0	/wp-includes/block-supports/settings.php
1	0	0	1	0	0	29443177	0	0	29443177	0	0	/wp-content/fox.php
1	0	0	1	0	0	29443147	0	0	29443147	0	0	/wp-admin/js/widgets/nice.php?p=
1	0	0	1	0	0	29443155	0	0	29443155	0	0	/wp-admin/up.php
1	0	0	20	0	0	29444889	0	0	29429169	0	0	/wp-includes/Text/Diff/Engine
1	0	0	1	0	0	29443148	0	0	29443148	0	0	/wp-includes/Requests/atomlib.php
1	0	0	0	3	0	0	29373215	0	0	29334406	0	/.env.prod
1	0	0	2	12	0	29432254	29424995	0	29430102	29418695	0	/wp-content/cache/
1	0	0	1	0	0	29443169	0	0	29443169	0	0	/wp-includes/rest-api/search/class-wp-rest-post-format-search-handler.php
1	0	0	1	0	0	29443160	0	0	29443160	0	0	/vendor/bensampo/laravel-enum/lang/en/alfa-rex.php
1	0	0	1	0	0	29443167	0	0	29443167	0	0	/wp-includes/fonts/class-wp-font-collection.php
1	0	0	1	0	0	29443145	0	0	29443145	0	0	/wp-admin/images/chosen.php
1	0	0	0	3	0	0	29403926	0	0	29358132	0	/swagger-ui.html
1	0	0	1	0	0	29443178	0	0	29443178	0	0	/mah/wp-sys.php?p=
1	0	0	1	0	0	29443175	0	0	29443175	0	0	/options.php
1	0	0	0	1	0	0	29336555	0	0	29336555	0	/.well-known/autoconfig/mail/config-v1.1.xml?emailaddress=magentaw@magentaweb.org
1	0	0	1	0	0	29443159	0	0	29443159	0	0	/d.php
1	0	0	1	0	0	29443168	0	0	29443168	0	0	/wp-includes/js/tinymce/plugins/image/about.php
1	0	0	0	1	0	0	29410900	0	0	29410900	0	/-root
1	0	0	1	0	0	29443158	0	0	29443158	0	0	/image/kn.php
1	1	0	0	0	29409155	0	0	29409155	0	0	7622	/cgi-sys/suspendedpage.cgi/wordpress/wp-includes/wlwmanifest.xml
1	0	0	1	0	0	29443150	0	0	29443150	0	0	/js/0k.php
1	0	0	1	0	0	29443178	0	0	29443178	0	0	/wp-admin/css/colors/blue/colors.php
1	0	0	1	0	0	29443152	0	0	29443152	0	0	/wp-admin/gecko.php
1	0	0	1	0	0	29443146	0	0	29443146	0	0	/777.php
1	0	0	1	0	0	29443177	0	0	29443177	0	0	/.well-known/upl.php
1	0	0	1	0	0	29443147	0	0	29443147	0	0	/wp-content/languages/themes/pomo.php
1	0	0	1	0	0	29443153	0	0	29443153	0	0	/wp-admin/images/plugins.php
1	0	0	1	0	0	29443153	0	0	29443153	0	0	/wp-includes/ID3/mariju.php
1	0	0	1	0	0	29443178	0	0	29443178	0	0	/wp-includes/SimplePie/wp-sys.php?p=
1	0	0	1	0	0	29443172	0	0	29443172	0	0	/data-user.php
1	0	0	1	0	0	29443153	0	0	29443153	0	0	/wp-content/plugins/hellopress/rk2.php
1	0	0	0	1	0	0	29335908	0	0	29335908	0	/info
1	0	0	1	0	0	29443162	0	0	29443162	0	0	/wp-admin/alexusMailer_v2.0.php
1	0	0	1	0	0	29443171	0	0	29443171	0	0	/mailer1.php
1	0	0	33	9	0	29448122	29426450	0	29426735	29422263	0	/wp-conflg/function.php
1	0	0	1	0	0	29443152	0	0	29443152	0	0	/wp-content/gecko.php
1	0	0	1	0	0	29443149	0	0	29443149	0	0	/css/xmrlpc.php?p=
1	0	0	1	0	0	29443164	0	0	29443164	0	0	/wp-includes/SimplePie/library/SimplePie/Category.php
1	0	0	1	0	0	29443173	0	0	29443173	0	0	/wp-content/languages/themes/class_appfun.php
1	0	0	1	0	0	29443164	0	0	29443164	0	0	/wp-includes/SimplePie/src/Parse/wp-login.php
1	0	0	1	1	0	29443174	29387219	0	29443174	29387219	0	/unlockindex.php
1	0	0	0	2	0	0	29335107	0	0	29334406	0	/helper/EmailHelper.js
1	0	0	1	0	0	29443161	0	0	29443161	0	0	/vendor/laminas/laminas-code/src/Generator/EnumGenerator/Cases/alfa-rex.php
1	0	0	1	0	0	29443164	0	0	29443164	0	0	/wp-includes/SimplePie/src/HTTP/about.php
1	0	0	1	0	0	29443156	0	0	29443156	0	0	/wp-admin/13.php
1	0	0	0	2	0	0	29335107	0	0	29334406	0	/my_env/palash.py
1	0	0	1	0	0	29443165	0	0	29443165	0	0	/wp-includes/class-json.php
1	0	0	1	0	0	29443179	0	0	29443179	0	0	/404webshell.php
1	0	0	1	0	0	29443150	0	0	29443150	0	0	/plugins/wp_project.php
1	0	0	1	0	0	29443162	0	0	29443162	0	0	/wp-admin/includes/class-custom-image-header.php
1	0	0	1	0	0	29443176	0	0	29443176	0	0	/wp-admin/css/colors/coffee/a.php
1	0	0	0	14	0	0	29424995	0	0	29418696	0	/wp-content/plugins/ninja-forms/
1	0	0	1	0	0	29443177	0	0	29443177	0	0	/jscript/tiny_mce/plugins/ajaxfilemanager/nav.php
1	0	0	1	0	0	29443170	0	0	29443170	0	0	/wp-includes/widgets/class-wp-widget-pages.php
1	0	0	1	0	0	29443176	0	0	29443176	0	0	/Alfawso.php
1	0	0	48	19	0	29449657	29426504	0	29426735	29418887	0	/adminfuns.php
1	0	0	1	0	0	29443147	0	0	29443147	0	0	/wp-admin/alfacgiapi/perl.alfa
1	0	0	1	0	0	29443173	0	0	29443173	0	0	/m4r1ju4n4.php
1	0	0	1	0	0	29443153	0	0	29443153	0	0	/wp-admin/js/widgets/license.php
1	0	0	1	0	0	29443168	0	0	29443168	0	0	/wp-includes/js/dist/script-modules/block-library/search/wp-login.php
1	0	0	1	0	0	29443169	0	0	29443169	0	0	/wp-includes/rest-api/fields/class-wp-rest-meta-fields.php
1	0	0	1	0	0	29443178	0	0	29443178	0	0	/wp-admin/css/colors/blue/wp-term.php
1	0	0	1	0	0	29443150	0	0	29443150	0	0	/wp-content/plugins/hellopress/wp_filemanager.php
1	0	0	1	0	0	29443176	0	0	29443176	0	0	/fox1.php
1	0	0	1	0	0	29443178	0	0	29443178	0	0	/wp-content/languages/themes/wp-term.php
1	0	0	1	0	0	29443162	0	0	29443162	0	0	/wp-admin/css/colors/midnight/wp-login.php
1	0	0	1	0	0	29443172	0	0	29443172	0	0	/Byp.php
1	0	0	1	0	0	29443160	0	0	29443160	0	0	/vendor/bensampo/laravel-enum/src/Attributes/about.php
1	0	0	1	0	0	29443146	0	0	29443146	0	0	/Gel.php
1	0	0	1	0	0	29443168	0	0	29443168	0	0	/wp-includes/js/jcrop/alfa-rex.php
1	0	0	1	0	0	29443171	0	0	29443171	0	0	/w3llstore.php
1	0	0	1	0	0	29443176	0	0	29443176	0	0	/wsanon.php
1	0	0	0	12	0	0	29425488	0	0	29418693	0	/assets/as.php
1	0	0	1	0	0	29443159	0	0	29443159	0	0	/images/wp-22.php
1	0	0	1	0	0	29443146	0	0	29443146	0	0	/alex.php
1	0	0	1	0	0	29443146	0	0	29443146	0	0	/WSO.php
1	0	0	20	0	0	29444889	0	0	29429169	0	0	/wp-admin/css/colors/blue
1	0	0	1	0	0	29443146	0	0	29443146	0	0	/sendmail.php
1	0	0	1	0	0	29443148	0	0	29443148	0	0	/wp-includes/rest-api/class.api.php
1	0	0	20	0	0	29444889	0	0	29429169	0	0	/wp-includes/js/dist
1	0	0	1	0	0	29443150	0	0	29443150	0	0	/plugins/ajaxfilemanager/wp_filemanager.php
1	1	0	0	0	29316061	0	0	29316061	0	0	64	/.well-known/acme-challenge/YBRYRQZ1MHG09ZN7XCHRLTES3RD_-T3T
1	0	0	1	0	0	29443175	0	0	29443175	0	0	/link-parse-opml.php
1	0	0	1	0	0	29443173	0	0	29443173	0	0	/ri.php
1	0	0	1	0	0	29443147	0	0	29443147	0	0	/ALFA_DATA/alfacgiapi/perl.alfa
1	0	0	1	0	0	29443176	0	0	29443176	0	0	/images/mini.php
1	0	0	1	0	0	29443152	0	0	29443152	0	0	/.well-known/block-css.php?mode=upload
1	1	0	0	0	29316061	0	0	29316061	0	0	64	/.well-known/acme-challenge/ZYSD6BVLQ043YABT10EQKVRURPZ1MPYR
1	0	0	1	0	0	29443155	0	0	29443155	0	0	/wp-includes/customize/500.php
1	0	0	1	0	0	29443158	0	0	29443158	0	0	/image/6.php
1	0	0	1	0	0	29443148	0	0	29443148	0	0	/wp-head.php
1	2	2	0	0	29335107	0	0	29334406	0	0	45070	/?phpinfo=1
1	0	0	1	0	0	29443156	0	0	29443156	0	0	/wp-includes/xx.php
1	0	0	1	0	0	29443176	0	0	29443176	0	0	/wp-admin/css/colors/coffee/black.php
1	0	0	1	0	0	29443177	0	0	29443177	0	0	/.well-known/fw.php
1	0	0	1	0	0	29443145	0	0	29443145	0	0	/wp-includes/certificates/chosen.php
1	0	0	1	0	0	29443176	0	0	29443176	0	0	/hexor.php
1	0	0	1	0	0	29443151	0	0	29443151	0	0	/plugins/ajaxfilemanager/ajaxfilemanager.php
1	0	0	1	0	0	29443149	0	0	29443149	0	0	/wp-content/themes/agwin/config.php
1	0	0	1	0	0	29443172	0	0	29443172	0	0	/olx.php
1	0	0	0	1	0	0	29414139	0	0	29414139	0	/news/event
1	0	0	0	1	0	0	29413937	0	0	29413937	0	/.git/config?45.148.10.159
1	0	0	1	0	0	29443170	0	0	29443170	0	0	/templates/beez3/error.php
1	0	0	1	0	0	29443178	0	0	29443178	0	0	/as/wp-term.php
1	0	0	1	0	0	29443148	0	0	29443148	0	0	/libraries/fof/database/iterator/xmrlpc.php?p=
1	0	0	46	27	0	29449657	29426450	0	29426735	29418693	0	/admin.php
1	0	0	6	14	0	29444852	29424995	0	29443149	29418695	0	/moon.php
1	0	0	1	0	0	29443172	0	0	29443172	0	0	/wp-admin/js/class_appfun.php
1	0	0	1	0	0	29443162	0	0	29443162	0	0	/vendor/laminas/laminas-code/src/Scanner/alfa-rex.php
1	0	0	1	0	0	29443149	0	0	29443149	0	0	/admin-post.php
1	0	0	1	0	0	29443158	0	0	29443158	0	0	/image/1.php
1	0	0	1	0	0	29443162	0	0	29443162	0	0	/wp-admin/includes/class-wp-terms-list-table.php
1	0	0	1	0	0	29443148	0	0	29443148	0	0	/wp-incleudes/MuPlugin.php
1	0	0	1	0	0	29443166	0	0	29443166	0	0	/wp-includes/css/dist/widgets/about.php
1	0	0	1	0	0	29443148	0	0	29443148	0	0	/xmrlpc.php?p
1	0	0	1	0	0	29443151	0	0	29443151	0	0	/wp-content/xxl.php
1	0	0	0	3	0	0	29335107	0	0	29318657	0	/main.js
1	0	0	1	0	0	29443165	0	0	29443165	0	0	/wp-includes/class-wp-block-supports.php
1	0	0	0	1	0	0	29443150	0	0	29443150	0	/.well-known/pki-validation/wp-hoard.php
1	0	0	1	0	0	29443147	0	0	29443147	0	0	/wp-includes/customize/about.php
1	0	0	1	0	0	29443153	0	0	29443153	0	0	/wp-includes/pomo/plugins.php
1	0	0	1	0	0	29443156	0	0	29443156	0	0	/wp-admin/9.php
1	0	0	1	0	0	29443168	0	0	29443168	0	0	/wp-includes/js/tinymce/plugins/colorpicker/defaults.php
1	0	0	0	13	0	0	29424995	0	0	29387370	0	/admin/
1	0	0	0	2	0	0	29337049	0	0	29325030	0	/psnlink/.env
1	0	0	1	0	0	29443153	0	0	29443153	0	0	/wp-content/themes/plugins.php
1	0	0	1	0	0	29443176	0	0	29443176	0	0	/DC.php
1	0	0	1	0	0	29443177	0	0	29443177	0	0	/MyShell.php
1	0	0	1	0	0	29443158	0	0	29443158	0	0	/image/V5.php
1	0	0	1	0	0	29443162	0	0	29443162	0	0	/wp-admin/includes/class-wp-themes-list-table.php
1	0	0	1	0	0	29443169	0	0	29443169	0	0	/wp-includes/rest-api/endpoints/class-wp-rest-settings-controller.php
1	0	0	1	0	0	29443179	0	0	29443179	0	0	/index/killbot.php
1	0	0	1	0	0	29443155	0	0	29443155	0	0	/wp-admin/4.php
1	0	0	1	0	0	29443177	0	0	29443177	0	0	/wp-content/plugins/nav.php
1	0	0	0	5	0	0	29403926	0	0	29316062	0	/ecp/Current/exporttool/microsoft.exchange.ediscovery.exporttool.application
1	0	0	1	0	0	29443162	0	0	29443162	0	0	/wp-admin/css/colors/midnight/about.php
1	0	0	1	0	0	29443168	0	0	29443168	0	0	/wp-includes/js/jquery/ui/alfa-rex.php
1	0	0	1	0	0	29443150	0	0	29443150	0	0	/wp-admin/js/wp_filemanager.php
1	0	0	1	0	0	29443164	0	0	29443164	0	0	/wp-includes/SimplePie/src/RegistryAware.php
1	0	0	1	0	0	29443165	0	0	29443165	0	0	/wp-includes/class-wp-ajax-response.php
1	0	0	1	0	0	29443176	0	0	29443176	0	0	/wp-admin/js/indexx.php
1	0	0	1	0	0	29443173	0	0	29443173	0	0	/alfaaneh.php
1	0	0	1	0	0	29443169	0	0	29443169	0	0	/wp-includes/ms-settings.php
1	0	0	1	0	0	29443160	0	0	29443160	0	0	/vendor/dflydev/dot-access-data/src/Exception/about.php
1	0	0	1	0	0	29443178	0	0	29443178	0	0	/wp-content/plugins/wordpress_dev/wp_error.php
1	0	0	1	0	0	29443175	0	0	29443175	0	0	/4pric.php/wp-content/themes/finley/min.php
1	0	0	1	0	0	29443165	0	0	29443165	0	0	/wp-includes/class-wp-error.php
1	0	0	1	0	0	29443148	0	0	29443148	0	0	/wp-content/plugins/wso.php
1	0	0	1	0	0	29443157	0	0	29443157	0	0	/wp-includes/alf.php
1	0	0	1	0	0	29443148	0	0	29443148	0	0	/as/class.api.php
1	0	0	1	0	0	29443172	0	0	29443172	0	0	/index404.php
1	0	0	1	0	0	29443170	0	0	29443170	0	0	/wp-includes/sodium_compat/namespaced/Core/about.php
1	0	0	0	2	0	0	29335107	0	0	29334406	0	/configs/s3_config.json
1	0	0	1	0	0	29443149	0	0	29443149	0	0	/mah/023ws.php
1	0	0	1	0	0	29443148	0	0	29443148	0	0	/wp-content/MuPlugin.php
1	0	0	1	0	0	29443176	0	0	29443176	0	0	/wp-admin/css/colors/coffee/tesla1.php
1	0	0	1	0	0	29443148	0	0	29443148	0	0	/wp-content/plugins/wp-head.php
1	0	0	1	0	0	29443163	0	0	29443163	0	0	/wp-includes/Requests/src/Auth/wp-login.php
1	0	0	1	0	0	29443176	0	0	29443176	0	0	/images/alfashell.php
1	0	0	1	0	0	29443154	0	0	29443154	0	0	/sym.ph
1	0	0	1	0	0	29443177	0	0	29443177	0	0	/wp-admin/maint/upl.php
1	0	0	1	0	0	29443169	0	0	29443169	0	0	/wp-includes/rest-api/endpoints/class-wp-rest-pattern-directory-controller.php
1	0	0	1	0	0	29443170	0	0	29443170	0	0	/wp-includes/sodium_compat/src/PHP52/alfa-rex.php
1	0	0	1	0	0	29443156	0	0	29443156	0	0	/wp-includes/xxx.php
1	0	0	1	0	0	29443168	0	0	29443168	0	0	/wp-includes/js/tinymce/plugins/wp-login.php
1	0	0	0	1	0	0	29387370	0	0	29387370	0	/tmp/
1	0	0	1	0	0	29443170	0	0	29443170	0	0	/wp-includes/sodium_compat/src/wp-login.php
1	0	0	1	0	0	29443163	0	0	29443163	0	0	/wp-includes/ID3/alfa-rex.php
1	0	0	1	0	0	29443171	0	0	29443171	0	0	/6index.php
1	0	0	1	0	0	29443157	0	0	29443157	0	0	/wp-content/403.php
1	0	0	1	0	0	29443161	0	0	29443161	0	0	/vendor/laminas/laminas-code/src/Exception/about.php
1	0	0	1	0	0	29443175	0	0	29443175	0	0	/wp-content/themes/twenty/twenty.php/wp-content/themes/finley/min.php
1	0	0	2	10	0	29432254	29424995	0	29430102	29418696	0	/wp-includes/images/crystal/
1	0	0	1	0	0	29443154	0	0	29443154	0	0	/wp-content/plugins/disqus-comment-system/zone-h.php
1	0	0	1	0	0	29443150	0	0	29443150	0	0	/wp-includes/certificates/wp_filemanager.php
1	0	0	1	0	0	29443164	0	0	29443164	0	0	/wp-includes/SimplePie/src/XML/alfa-rex.php
1	0	0	6	0	0	29444852	0	0	29443174	0	0	/wp-cron.php
1	0	0	1	0	0	29443159	0	0	29443159	0	0	/images/priv8.php
1	0	0	1	0	0	29443145	0	0	29443145	0	0	/wp-content/plugins/function.php
1	0	0	1	0	0	29443171	0	0	29443171	0	0	/wp-content/uploads/wp-blockdown.php
1	0	0	1	0	0	29443153	0	0	29443153	0	0	/wp-includes/sitemaps/providers/mariju.php
1	0	0	1	0	0	29443154	0	0	29443154	0	0	/tmp/as.php
1	0	0	1	0	0	29443153	0	0	29443153	0	0	/userfuns.php
1	0	0	1	0	0	29443157	0	0	29443157	0	0	/wp-content/bb.php
1	0	0	1	0	0	29443154	0	0	29443154	0	0	/wp-content/wp-class.php
1	0	0	1	0	0	29443163	0	0	29443163	0	0	/wp-includes/Requests/src/Proxy/alfa-rex.php
1	0	0	1	0	0	29443164	0	0	29443164	0	0	/wp-includes/SimplePie/src/wp-login.php
1	0	0	0	3	0	0	29369441	0	0	29369441	0	/ungtekjy
1	0	0	0	13	0	0	29425488	0	0	29418693	0	/wp-content/themes/tflow/as.php
1	0	0	1	0	0	29443161	0	0	29443161	0	0	/vendor/doctrine/inflector/lib/Doctrine/about.php
1	0	0	1	0	0	29443165	0	0	29443165	0	0	/wp-includes/assets/script-loader-react-refresh-entry.min.php
1	0	0	1	0	0	29443155	0	0	29443155	0	0	/wp-content/plugins/akismet/cpn.php
1	0	0	1	0	0	29443177	0	0	29443177	0	0	/wp-includes/pomo/nav.php
1	0	0	1	0	0	29443148	0	0	29443148	0	0	/wp-includes/js/crop/index.php
1	0	0	1	0	0	29443165	0	0	29443165	0	0	/wp-includes/block-editor.php
1	0	0	1	0	0	29443152	0	0	29443152	0	0	/wp-includes/SimplePie/block-css.php?mode=upload
1	0	0	0	4	0	0	29337049	0	0	29325030	0	/public/.env
1	0	0	49	30	0	29449657	29426504	0	29426735	29418695	0	/ioxi-o.php
1	0	0	1	0	0	29443146	0	0	29443146	0	0	/ok.php
1	1	0	0	0	29409155	0	0	29409155	0	0	7622	/cgi-sys/suspendedpage.cgi/sito/wp-includes/wlwmanifest.xml
1	0	0	1	0	0	29443163	0	0	29443163	0	0	/wp-includes/ID3/module.tag.lyrics3.php
1	0	0	0	12	0	0	29424994	0	0	29418694	0	/wp-includes/customize/sx.php
1	0	0	1	0	0	29443166	0	0	29443166	0	0	/wp-includes/class-wp-token-map.php
1	0	0	1	0	0	29443154	0	0	29443154	0	0	/settings.php
1	0	0	1	0	0	29443169	0	0	29443169	0	0	/wp-includes/rest-api/endpoints/class-wp-rest-template-autosaves-controller.php
1	0	0	1	0	0	29443161	0	0	29443161	0	0	/vendor/filp/whoops/src/Whoops/Resources/alfa-rex.php
1	0	0	1	0	0	29443179	0	0	29443179	0	0	/wp-admin/css/colors/maro.php
1	0	0	1	0	0	29443165	0	0	29443165	0	0	/wp-includes/block-supports/align.php
1	0	0	1	0	0	29443148	0	0	29443148	0	0	/wp-admin/network/class.api.php
1	0	0	1	0	0	29443147	0	0	29443147	0	0	/wp-admin/js/pomo.php
1	0	0	0	2	0	0	29425682	0	0	29419755	0	/symfony/_profiler/phpinfo
1	0	0	1	0	0	29443161	0	0	29443161	0	0	/vendor/egulias/email-validator/src/alfa-rex.php
1	1	0	0	0	29316061	0	0	29316061	0	0	64	/.well-known/acme-challenge/6CEFFITWYZ2HLNSCWT6E48ZDCI77VG3U
1	0	0	1	0	0	29443176	0	0	29443176	0	0	/wp-admin/css/colors/coffee/upload.php
1	0	0	1	0	0	29443158	0	0	29443158	0	0	/image/7yn.php
1	0	0	1	0	0	29443165	0	0	29443165	0	0	/wp-includes/cache-compat.php
1	0	0	1	0	0	29443168	0	0	29443168	0	0	/wp-includes/js/tinymce/plugins/wpeditimage/alfa-rex.php
1	0	0	1	0	0	29443154	0	0	29443154	0	0	/d4rk.php
1	0	0	1	0	0	29443152	0	0	29443152	0	0	/wp-content/languages/block-css.php?mode=upload
1	0	0	1	0	0	29443169	0	0	29443169	0	0	/wp-includes/rest-api/endpoints/class-wp-rest-comments-controller.php
1	0	0	1	0	0	29443151	0	0	29443151	0	0	/puki.php
1	0	0	1	0	0	29443173	0	0	29443173	0	0	/blue.php
1	0	0	1	0	0	29443151	0	0	29443151	0	0	/admin/uploads/404.php
1	0	0	1	0	0	29443145	0	0	29443145	0	0	/file/chosen.php
1	0	0	1	0	0	29443152	0	0	29443152	0	0	/wp-admin/js/widgets/block-css.php?mode=upload
1	0	0	0	3	0	0	29337049	0	0	29334406	0	/config/config.json
1	0	0	1	0	0	29443177	0	0	29443177	0	0	/wp-admin/maint/langar.php
1	0	0	1	1	0	29443147	29422143	0	29443147	29422143	0	/css.php
1	0	0	1	0	0	29443175	0	0	29443175	0	0	/skipper.php
1	0	0	1	0	0	29443171	0	0	29443171	0	0	/gif.php
1	0	0	1	0	0	29443154	0	0	29443154	0	0	/r00t.php
1	0	0	1	0	0	29443155	0	0	29443155	0	0	/wp-content/plugins/akismet/ssl.php
1	0	0	1	10	0	29432920	29432920	0	29432920	29343528	0	/.env.save.1
1	0	0	1	0	0	29443164	0	0	29443164	0	0	/wp-includes/Text/Diff/Engine/alfa-rex.php
1	0	0	1	0	0	29443151	0	0	29443151	0	0	/wp-admin/erin1.PhP7
1	0	0	1	0	0	29443176	0	0	29443176	0	0	/wp-admin/css/colors/coffee/image.php
1	0	0	1	0	0	29443152	0	0	29443152	0	0	/7.php
1	0	0	0	1	0	0	29337050	0	0	29337050	0	/v2/config.json
1	0	0	1	0	0	29443147	0	0	29443147	0	0	/wp-includes/ALFA_DATA/alfacgiapi/perl.alfa
1	0	0	1	0	0	29443169	0	0	29443169	0	0	/wp-includes/rest-api/endpoints/class-wp-rest-post-types-controller.php
1	0	0	1	0	0	29443163	0	0	29443163	0	0	/wp-includes/Requests/src/Transport/about.php
1	0	0	1	0	0	29443159	0	0	29443159	0	0	/images/bb.php
1	0	0	1	0	0	29443164	0	0	29443164	0	0	/wp-includes/SimplePie/library/about.php
1	0	0	1	0	0	29443171	0	0	29443171	0	0	/swm.php
1	0	0	1	0	0	29443177	0	0	29443177	0	0	/wp-content/shadowx.php
1	0	0	1	0	0	29443152	0	0	29443152	0	0	/wp-includes/certificates/Chitoge.php
1	0	0	1	0	0	29443163	0	0	29443163	0	0	/wp-includes/ID3/module.audio.ogg.php
1	0	0	1	0	0	29443169	0	0	29443169	0	0	/wp-includes/rest-api/endpoints/class-wp-rest-blocks-controller.php
1	0	0	1	0	0	29443152	0	0	29443152	0	0	/wp-content/languages/themes/file.php
1	0	0	1	0	0	29443170	0	0	29443170	0	0	/templates/beez3/index.php
1	0	0	1	0	0	29443153	0	0	29443153	0	0	/wp-admin/maint/mariju.php
1	0	0	1	0	0	29443171	0	0	29443171	0	0	/wp-content/plugins/phpadmin/acp.php
1	0	0	1	0	0	29443171	0	0	29443171	0	0	/ms.php
1	0	0	0	2	0	0	29335107	0	0	29334406	0	/wp-config.php.bak
1	0	0	1	0	0	29443179	0	0	29443179	0	0	/daes.php
1	0	0	0	2	0	0	29335108	0	0	29334406	0	/app/config/parameters.yml
1	0	0	1	0	0	29443170	0	0	29443170	0	0	/wp-includes/sodium_compat/src/Core32/Curve25519/Ge/about.php
1	0	0	1	0	0	29443158	0	0	29443158	0	0	/image/image/fw.php
1	0	0	1	0	0	29443161	0	0	29443161	0	0	/vendor/graham-campbell/result-type/src/about.php
1	0	0	1	0	0	29443156	0	0	29443156	0	0	/wp-includes/up.php
1	0	0	1	0	0	29443148	0	0	29443148	0	0	/haxorsecv2.php
1	0	0	1	0	0	29443175	0	0	29443175	0	0	/setup-config.php
1	0	0	1	0	0	29443150	0	0	29443150	0	0	/wp-includes/SimplePie/wp_filemanager.php
1	0	0	1	0	0	29443146	0	0	29443146	0	0	/2.php
1	0	0	1	0	0	29443146	0	0	29443146	0	0	/file-manager.php
1	0	0	1	0	0	29443157	0	0	29443157	0	0	/wp-content/ws.php
1	0	0	1	0	0	29443179	0	0	29443179	0	0	/zacosmall.php
1	0	0	1	0	0	29443155	0	0	29443155	0	0	/wp-admin/asdasd.php
1	0	0	1	0	0	29443162	0	0	29443162	0	0	/vendor/laminas/laminas-code/src/Reflection/DocBlock/Tag/about.php
1	0	0	1	0	0	29443155	0	0	29443155	0	0	/price.php
1	0	0	1	0	0	29443169	0	0	29443169	0	0	/wp-includes/rest-api/search/alfa-rex.php
1	0	0	1	0	0	29443149	0	0	29443149	0	0	/cgi-bin/cloud.php
1	0	0	0	1	0	0	29422143	0	0	29422143	0	/images/nxc.php
1	0	0	1	0	0	29443176	0	0	29443176	0	0	/wp-content/languages/indexx.php
1	0	0	0	2	0	0	29327560	0	0	29326478	0	http://magentaweb.org:80/shop/wp-includes/wlwmanifest.xml
1	0	0	1	0	0	29443164	0	0	29443164	0	0	/wp-includes/SimplePie/src/Category.php
1	0	0	1	0	0	29443154	0	0	29443154	0	0	/syrian_shell.phpxxx.php
1	0	0	1	0	0	29443163	0	0	29443163	0	0	/wp-includes/ID3/module.audio-video.asf.php
1	0	0	1	0	0	29443166	0	0	29443166	0	0	/wp-includes/css/dist/patterns/wp-login.php
1	0	0	1	0	0	29443167	0	0	29443167	0	0	/wp-includes/general-template.php
1	0	0	1	0	0	29443148	0	0	29443148	0	0	/wp-includes/js/tinymce/skins/lightgray/img/index.php?p=
1	0	0	1	0	0	29443147	0	0	29443147	0	0	/wp-admin/images/wp-logout.php
1	0	0	1	0	0	29443178	0	0	29443178	0	0	/jscript/tiny_mce/plugins/ajaxfilemanager/wp-term.php
1	0	0	14	20	0	29448121	29426450	0	29426735	29418695	0	/cgi-bin/file.php
1	0	0	1	0	0	29443168	0	0	29443168	0	0	/wp-includes/js/tinymce/skins/about.php
1	0	0	1	0	0	29443149	0	0	29443149	0	0	/tiny_mce/plugins/ajaxfilemanager/class.api.php
1	0	0	1	0	0	29443167	0	0	29443167	0	0	/wp-includes/js/dist/script-modules/alfa-rex.php
1	0	0	1	0	0	29443157	0	0	29443157	0	0	/wp-content/100.php
1	0	0	1	0	0	29443157	0	0	29443157	0	0	/wp-includes/13.php
1	0	0	1	0	0	29443159	0	0	29443159	0	0	/images/7yn.php
1	0	0	1	0	0	29443163	0	0	29443163	0	0	/wp-admin/includes/user.php
1	0	0	1	0	0	29443163	0	0	29443163	0	0	/wp-includes/js/jcrop/Jcrop.php
1	0	0	1	0	0	29443145	0	0	29443145	0	0	/class-envato-market-api.php
1	0	0	1	0	0	29443169	0	0	29443169	0	0	/wp-includes/pomo/mo.php
1	0	0	0	1	0	0	29422142	0	0	29422142	0	/admin/upload/css.php
1	0	0	1	0	0	29443177	0	0	29443177	0	0	/mas.php
1	0	0	1	0	0	29443171	0	0	29443171	0	0	/blog/fw.php
1	0	0	1	0	0	29443176	0	0	29443176	0	0	/159.php
1	0	0	1	0	0	29443168	0	0	29443168	0	0	/wp-includes/js/tinymce/themes/modern/alfa-rex.php
1	0	0	0	2	0	0	29366907	0	0	29366907	0	/.git/FETCH_HEAD
1	0	0	1	0	0	29443157	0	0	29443157	0	0	/wp-content/wi.php
1	0	0	1	0	0	29443154	0	0	29443154	0	0	/wp-content/plugins/press/wp-class.php
1	0	0	1	0	0	29443165	0	0	29443165	0	0	/wp-includes/admin.php
1	0	0	1	0	0	29443162	0	0	29443162	0	0	/wp-admin/includes/class-wp-site-health.php
1	0	0	1	0	0	29443174	0	0	29443174	0	0	/mt/ninja.php
1	0	0	1	0	0	29443149	0	0	29443149	0	0	/wp-admin/js/widgets/xmrlpc.php?p=
1	0	0	1	0	0	29443148	0	0	29443148	0	0	/wp-admin/includes/logs.php
1	0	0	1	0	0	29443159	0	0	29443159	0	0	/images/ws.php
1	0	0	1	0	0	29443151	0	0	29443151	0	0	/wp-content/erin1.PhP7
1	0	0	1	0	0	29443155	0	0	29443155	0	0	/wp-content/plugins/500.php
1	0	0	1	0	0	29443147	0	0	29443147	0	0	/pomo.php
1	0	0	1	0	0	29443169	0	0	29443169	0	0	/wp-includes/rest-api/wp-login.php
1	0	0	1	0	0	29443155	0	0	29443155	0	0	/wp-content/plugins/akismet/egyshell.php
1	0	0	1	0	0	29443178	0	0	29443178	0	0	/wp-includes/customize/wp-term.php
1	0	0	0	10	0	0	29424995	0	0	29418696	0	/admin/uploads/images/
1	0	0	1	0	0	29443160	0	0	29443160	0	0	/cache/locks/file/lang/en/ocd.php
1	0	0	19	30	0	29448122	29426516	0	29426760	29418695	0	/wp-includes/style-engine/wp-conflg.php
1	0	0	1	0	0	29443162	0	0	29443162	0	0	/wp-admin/includes/admin-filters.php
1	0	0	1	0	0	29443178	0	0	29443178	0	0	/wp-content/languages/ru_RU_lite.mo.php
1	0	0	0	2	0	0	29335106	0	0	29334406	0	/kyc/.env
1	0	0	2	10	0	29432254	29424995	0	29430102	29418696	0	/wp-includes/rest-api/search/
1	0	0	1	0	0	29443161	0	0	29443161	0	0	/vendor/iankumu/mpesa/alfa-rex.php
1	0	0	2	0	0	29443177	0	0	29443177	0	0	/wp-admin/includes/nav.php
1	0	0	1	0	0	29443171	0	0	29443171	0	0	/xleet-shell.php
1	0	0	1	0	0	29443166	0	0	29443166	0	0	/wp-includes/class-wp-simplepie-file.php
1	0	0	1	0	0	29443170	0	0	29443170	0	0	/wp-includes/style-engine/alfa-rex.php
1	0	0	1	0	0	29443154	0	0	29443154	0	0	/configuration.php
1	0	0	1	0	0	29443149	0	0	29443149	0	0	/wp-admin/css/colors/blue/xmrlpc.php?p=
1	0	0	1	0	0	29443163	0	0	29443163	0	0	/wp-includes/ID3/getid3.lib.php
1	0	0	1	0	0	29443173	0	0	29443173	0	0	/text.php
1	0	0	1	0	0	29443148	0	0	29443148	0	0	/wp-content/plugins/class.api.php
1	0	0	1	0	0	29443155	0	0	29443155	0	0	/wp-admin/includes/export.php
1	0	0	1	0	0	29443167	0	0	29443167	0	0	/wp-includes/customize/class-wp-customize-theme-control.php
1	0	0	1	0	0	29443176	0	0	29443176	0	0	/wp-admin/includes/wso.php
1	0	0	1	0	0	29443176	0	0	29443176	0	0	/images/byps.php
1	0	0	1	0	0	29443174	0	0	29443174	0	0	/wp-phpinfo.php
1	0	0	1	0	0	29443145	0	0	29443145	0	0	/wp1.php
1	0	0	1	0	0	29443157	0	0	29443157	0	0	/wp-content/defau1t.php
1	0	0	0	1	0	0	29337049	0	0	29337049	0	/saas/config.json
1	0	0	1	0	0	29443148	0	0	29443148	0	0	/about/class.api.php
1	0	0	1	0	0	29443169	0	0	29443169	0	0	/wp-includes/sitemaps/class-wp-sitemaps-renderer.php
1	0	0	1	0	0	29443165	0	0	29443165	0	0	/wp-includes/class-wp-comment-query.php
1	0	0	1	0	0	29443157	0	0	29443157	0	0	/wp-content/asdasd.php
1	0	0	1	0	0	29443162	0	0	29443162	0	0	/vendor/laminas/laminas-code/src/Reflection/DocBlock/alfa-rex.php
1	0	0	1	0	0	29443170	0	0	29443170	0	0	/wp-includes/widgets/class-wp-widget-media-video.php
1	0	0	1	0	0	29443147	0	0	29443147	0	0	/css/ALFA_DATA/alfacgiapi/perl.alfa
1	0	0	1	0	0	29443177	0	0	29443177	0	0	/css/indexx.php
1	0	0	1	0	0	29443149	0	0	29443149	0	0	/js/tiny_mce/plugins/ajaxfilemanager/class.api.php
1	0	0	1	0	0	29443161	0	0	29443161	0	0	/vendor/doctrine/lexer/about.php
1	0	0	1	0	0	29443177	0	0	29443177	0	0	/.well-known/am.php
1	0	0	1	0	0	29443176	0	0	29443176	0	0	/index9.php
1	0	0	1	0	0	29443145	0	0	29443145	0	0	/wp-content/languages/themes/chosen.php
1	0	0	1	1	0	29443173	29422143	0	29443173	29422143	0	/help.php
1	0	0	1	0	0	29443171	0	0	29443171	0	0	/wp-includes/images/css.php
1	0	0	1	0	0	29443162	0	0	29443162	0	0	/wp-admin/includes/class-wp-community-events.php
1	0	0	1	0	0	29443167	0	0	29443167	0	0	/wp-includes/html-api/about.php
1	0	0	0	2	0	0	29337050	0	0	29325030	0	/lib/phpunit/phpunit/src/Util/PHP/eval-stdin.php
1	0	0	1	0	0	29443163	0	0	29443163	0	0	/wp-includes/IXR/class-IXR-server.php
1	0	0	1	0	0	29443165	0	0	29443165	0	0	/wp-includes/class-walker-page.php
1	0	0	1	0	0	29443160	0	0	29443160	0	0	/vendor/bensampo/laravel-enum/src/Commands/stubs/about.php
1	0	0	0	5	0	0	29403926	0	0	29316062	0	/v2/_catalog
1	0	0	1	0	0	29443167	0	0	29443167	0	0	/wp-includes/js/dist/development/alfa-rex.php
1	0	0	1	0	0	29443168	0	0	29443168	0	0	/wp-includes/js/dist/script-modules/block-library/file/wp-login.php
1	0	0	0	10	0	0	29424995	0	0	29418696	0	/admin/editor/
1	0	0	1	0	0	29443166	0	0	29443166	0	0	/wp-includes/class-wp-user-meta-session-tokens.php
1	0	0	1	0	0	29443159	0	0	29443159	0	0	/images/wi.php
1	0	0	1	0	0	29443170	0	0	29443170	0	0	/wp-content/plugins/html404/xccc.php
1	0	0	1	0	0	29443147	0	0	29443147	0	0	/wp-includes.bak/html-api/about.php
1	0	0	1	0	0	29443150	0	0	29443150	0	0	/wp-content/languages/themes/wp_filemanager.php
1	0	0	1	1	0	29443172	29422263	0	29443172	29422263	0	/wp-blog-header.php
1	0	0	1	0	0	29443164	0	0	29443164	0	0	/wp-includes/SimplePie/library/SimplePie/Net/options.php
1	0	0	1	0	0	29443151	0	0	29443151	0	0	/admin/uploads/up.php
1	0	0	1	0	0	29443152	0	0	29443152	0	0	/wp-content/updraft/themes.php
1	0	0	20	0	0	29444889	0	0	29429169	0	0	/wp-includes/Text
1	0	0	1	1	0	29443147	29422263	0	29443147	29422263	0	/wp-content/languages/about.php
1	0	0	0	1	0	0	29388092	0	0	29388092	0	/cgi-bin/mt/mt-xmlrpc.cgi
1	0	0	1	0	0	29443173	0	0	29443173	0	0	/bbb.php
1	0	0	1	0	0	29443154	0	0	29443154	0	0	/M4r0c.php
1	0	0	1	0	0	29443151	0	0	29443151	0	0	/wp-cli.php
1	0	0	1	0	0	29443151	0	0	29443151	0	0	/byp.php
1	0	0	3	22	0	29445837	29433869	0	29432920	29334406	0	/app_dev.php/_profiler/phpinfo
1	0	0	1	0	0	29443170	0	0	29443170	0	0	/wp-includes/widgets/class-wp-widget-calendar.php
1	0	0	1	0	0	29443154	0	0	29443154	0	0	/sniper.php
1	0	0	1	0	0	29443157	0	0	29443157	0	0	/wp-includes/wso1337.php
1	0	0	1	0	0	29443162	0	0	29443162	0	0	/wp-admin/css/colors/light/wp-login.php
1	0	0	1	0	0	29443176	0	0	29443176	0	0	/index4.php
1	0	0	1	0	0	29443162	0	0	29443162	0	0	/wp-admin/includes/class-plugin-installer-skin.php
1	0	0	29	1122	0	29449335	29423677	0	29409207	29318549	0	/wordpress/wp-admin/setup-config.php
1	0	0	1	0	0	29443169	0	0	29443169	0	0	/wp-includes/rest-api/endpoints/class-wp-rest-block-patterns-controller.php
1	0	0	1	0	0	29443178	0	0	29443178	0	0	/css/wp-term.php
1	0	0	1	0	0	29443156	0	0	29443156	0	0	/wp-includes/1234.php
1	0	0	1	0	0	29443153	0	0	29443153	0	0	/cgi-bin/plugins.php
1	0	0	1	0	0	29443179	0	0	29443179	0	0	/who.php
1	0	0	0	2	0	0	29335106	0	0	29334406	0	/api/shared/config.env
1	0	0	1	0	0	29443178	0	0	29443178	0	0	/wp-admin/includes/wp_configs.php?p=
1	0	0	1	0	0	29443173	0	0	29443173	0	0	/upgrade.php
1	0	0	1	0	0	29443162	0	0	29443162	0	0	/wp-admin/includes/class-wp-filesystem-base.php
1	0	0	1	0	0	29443173	0	0	29443173	0	0	/antiheker.php
1	0	0	0	2	0	0	29335106	0	0	29334406	0	/development/.env
1	0	0	1	0	0	29443147	0	0	29443147	0	0	/jp.php
1	0	0	1	0	0	29443165	0	0	29443165	0	0	/wp-includes/block-supports/typography.php
1	0	0	2	14	0	29432254	29424995	0	29430102	29418695	0	/wp-content/upgrade/
1	0	0	1	0	0	29443174	0	0	29443174	0	0	/wp-admin/maint/wp-ver.php
1	0	0	1	0	0	29443169	0	0	29443169	0	0	/wp-includes/script-modules.php
1	0	0	1	0	0	29443154	0	0	29443154	0	0	/wp-content/plugins/disqus-comment-system/tmp/whmcs.php
1	0	0	1	0	0	29443151	0	0	29443151	0	0	/cms/tiny_mce/plugins/ajaxfilemanager/wp_filemanager.php
1	0	0	1	4	0	29364298	29337049	0	29364298	29319324	0	/config/.env
1	0	0	1	1	0	29443147	29422263	0	29443147	29422263	0	/wp-admin/images/about.php
1	0	0	1	0	0	29443155	0	0	29443155	0	0	/wp-content/plugins/akismet/configuration.php
1	0	0	1	0	0	29443147	0	0	29443147	0	0	/wp-admin/wp-logout.php
1	0	0	1	0	0	29443166	0	0	29443166	0	0	/wp-includes/class-wp-object-cache.php
1	0	0	1	0	0	29443168	0	0	29443168	0	0	/wp-includes/js/tinymce/plugins/link/alfa-rex.php
1	0	0	1	0	0	29443179	0	0	29443179	0	0	/plugins/wp_error.php
1	0	0	1	0	0	29443145	0	0	29443145	0	0	/wp-ahsera.php
1	0	0	0	2	0	0	29335107	0	0	29334406	0	/controller/api/post.js
1	0	0	1	0	0	29443176	0	0	29443176	0	0	/wp-admin/css/colors/coffee/mini.php
1	0	0	1	0	0	29443164	0	0	29443164	0	0	/wp-includes/SimplePie/src/Cache/DataCache.php
1	0	0	1	0	0	29443173	0	0	29443173	0	0	/1313.php
1	0	0	1	0	0	29443146	0	0	29443146	0	0	/it.php
1	0	0	1	0	0	29443177	0	0	29443177	0	0	/wp-includes/certificates/nav.php
1	0	0	1	0	0	29443173	0	0	29443173	0	0	/ticket.php
1	0	0	5	19	0	29447926	29424994	0	29431102	29418694	0	/wp-includes/sitemaps/wp-conflg.php
1	0	0	1	0	0	29443155	0	0	29443155	0	0	/wp-content/plugins/akismet/tmp/Cgishell.pl
1	0	0	1	0	0	29443147	0	0	29443147	0	0	/mailer2.8.php
1	0	0	1	0	0	29445707	0	0	29445707	0	0	/dex.php
1	0	0	0	3	0	0	29377037	0	0	29320018	0	/new/wp-admin/install.php?step=1&language=en_GB
1	0	0	1	0	0	29443163	0	0	29443163	0	0	/wp-admin/includes/noop.php
1	0	0	1	0	0	29443156	0	0	29443156	0	0	/wp-admin/upload.php
1	0	0	0	2	0	0	29337049	0	0	29325030	0	/core/Datavase/.env
1	0	0	0	10	0	0	29424995	0	0	29418696	0	/wp-includes/Requests/Cookie/
1	0	0	1	0	0	29443155	0	0	29443155	0	0	/wp-content/plugins/akismet/tmp/Sym.php
1	0	0	1	0	0	29443161	0	0	29443161	0	0	/vendor/filp/whoops/src/Whoops/Inspector/about.php
1	0	0	1	0	0	29443163	0	0	29443163	0	0	/wp-includes/IXR/class-IXR-date.php
1	0	0	1	0	0	29443171	0	0	29443171	0	0	/.well-known/acme-challenge/zmFM.php
1	0	0	7	7	0	29446470	29426474	0	29427261	29370373	0	/sftp-config.json
1	0	0	1	0	0	29443175	0	0	29443175	0	0	/wp-includes/customize/admin-ajax.php
1	0	0	1	0	0	29443149	0	0	29443149	0	0	/wp-content/plugins/instabuilder2/cache/up.php
1	0	0	1	0	0	29443165	0	0	29443165	0	0	/wp-includes/class-wp-block.php
1	0	0	1	0	0	29443179	0	0	29443179	0	0	/wp-admin/includes/killbot.php
1	0	0	1	0	0	29443178	0	0	29443178	0	0	/wp-admin/maint/wp-term.php
1	0	0	1	0	0	29443150	0	0	29443150	0	0	/wp-2020.php
1	0	0	1	0	0	29443150	0	0	29443150	0	0	/wp-2019.php
1	0	0	0	1	0	0	29422263	0	0	29422263	0	/wp-content/packed.php
1	0	0	1	0	0	29443146	0	0	29443146	0	0	/sindex.php
1	0	0	1	0	0	29443154	0	0	29443154	0	0	/tmp/cpn.php
1	0	0	1	0	0	29443164	0	0	29443164	0	0	/wp-includes/SimplePie/library/SimplePie/Credit.php
1	0	0	6	20	0	29447926	29425488	0	29431102	29418693	0	/wp-content/classwithtostring.php
1	0	0	1	0	0	29443159	0	0	29443159	0	0	/images/rahma.php
1	0	0	1	0	0	29443170	0	0	29443170	0	0	/wp-includes/sodium_compat/namespaced/Core/Poly1305/wp-login.php
1	0	0	1	0	0	29443178	0	0	29443178	0	0	/wp-includes/SimplePie/wp-term.php
1	0	0	1	0	0	29443149	0	0	29443149	0	0	/.well-known/acme-challenge/cloud.php
1	0	0	7	19	0	29449657	29424994	0	29431102	29418694	0	/wp-includes/images/smilies/about.php
1	0	0	19	28	0	29448122	29426516	0	29426760	29418694	0	/wp-includes/bk/index.php
1	0	0	1	0	0	29443166	0	0	29443166	0	0	/wp-includes/class-wp-recovery-mode-key-service.php
1	0	0	1	0	0	29443165	0	0	29443165	0	0	/wp-includes/class-wp-http-response.php
1	0	0	1	0	0	29443156	0	0	29443156	0	0	/wp-admin/kk.php
1	0	0	1	0	0	29443175	0	0	29443175	0	0	/wp.php?Chitoge
1	0	0	1	0	0	29443161	0	0	29443161	0	0	/vendor/graham-campbell/alfa-rex.php
1	0	0	20	0	0	29444889	0	0	29429169	0	0	/wp-includes/js/dist/development
1	0	0	1	0	0	29443151	0	0	29443151	0	0	/wp-includes/blocks/table/int/tmpl/index.php
1	0	0	1	0	0	29443161	0	0	29443161	0	0	/vendor/doctrine/inflector/lib/about.php
1	0	0	1	0	0	29443173	0	0	29443173	0	0	/wp-functions.php
1	0	0	1	0	0	29443174	0	0	29443174	0	0	/index/classwithtostring.php
1	0	0	1	0	0	29443176	0	0	29443176	0	0	/wp-admin/css/colors/coffee/mini.local.php
1	0	0	0	1	0	0	29337049	0	0	29337049	0	/core/app/config.json
1	0	0	1	0	0	29443164	0	0	29443164	0	0	/wp-includes/SimplePie/library/SimplePie/alfa-rex.php
1	0	0	1	0	0	29443158	0	0	29443158	0	0	/image/wp-configer.php
1	0	0	1	0	0	29443176	0	0	29443176	0	0	/images/fox.php
1	0	0	1	0	0	29443169	0	0	29443169	0	0	/wp-includes/sodium_compat/about.php
1	0	0	1	0	0	29445707	0	0	29445707	0	0	/class-t.api.php
1	0	0	1	0	0	29443172	0	0	29443172	0	0	/class.php
1	0	0	1	0	0	29443154	0	0	29443154	0	0	/wp-content/plugins/akismet/akismet.php
1	0	0	1	0	0	29443166	0	0	29443166	0	0	/wp-includes/class-wp-paused-extensions-storage.php
1	0	0	1	0	0	29443179	0	0	29443179	0	0	/wp-includes/certificates/wp_error.php
1	0	0	1	0	0	29443150	0	0	29443150	0	0	/wp-content/wp_filemanager.php
1	0	0	1	0	0	29443154	0	0	29443154	0	0	/wso_2.1_(web_shell_by_orb).php
1	0	0	1	0	0	29443146	0	0	29443146	0	0	/V3.php
1	0	0	1	0	0	29443165	0	0	29443165	0	0	/wp-includes/block-supports/border.php
1	0	0	0	2	0	0	29337050	0	0	29325030	0	/vendor/phpunit/phpunit/Util/PHP/eval-stdin.php
1	0	0	1	0	0	29443164	0	0	29443164	0	0	/wp-includes/SimplePie/library/wp-login.php
1	0	0	1	0	0	29443148	0	0	29443148	0	0	/wp-admin/dropdown.php
1	0	0	1	0	0	29443158	0	0	29443158	0	0	/wp-content/alfa123.php
1	0	0	3	12	0	29449657	29424994	0	29443145	29418694	0	/wp-includes/Text/index.php
1	0	0	1	0	0	29443164	0	0	29443164	0	0	/wp-includes/SimplePie/library/SimplePie/XML/Declaration/Parser.php
1	0	0	1	0	0	29443168	0	0	29443168	0	0	/wp-includes/js/dist/vendor/alfa-rex.php
1	0	0	0	14	0	0	29424995	0	0	29418696	0	/wp-content/mu-plugins/
1	0	0	1	0	0	29443155	0	0	29443155	0	0	/wp-admin/includes/500.php
1	0	0	1	0	0	29443178	0	0	29443178	0	0	/wp-content/themes/alera/alpha.php
1	0	0	1	0	0	29443150	0	0	29443150	0	0	/typo3conf/ext/hi_surveystats/res/php-ofc-library/ofc_upload_image.php
1	0	0	1	0	0	29443176	0	0	29443176	0	0	/yyyy.php
1	1	1	0	0	29383049	0	0	29383049	0	0	29487	/?s=/index/\think\Container/invokefunction&function=call_user_func_array&vars[0]=md5&vars[1][]=HelloThinkPHP
1	0	0	1	0	0	29443177	0	0	29443177	0	0	/wp-admin/maint/maro.php
1	0	0	1	0	0	29443152	0	0	29443152	0	0	/wp-includes/pomo/block-css.php?mode=upload
1	0	0	1	0	0	29443173	0	0	29443173	0	0	/wp-pluging.php
1	0	0	1	0	0	29443176	0	0	29443176	0	0	/shellx.php
1	0	0	1	0	0	29443173	0	0	29443173	0	0	/sql.php
1	0	0	0	3	0	0	29337049	0	0	29325030	0	/.production
1	0	0	38	27	0	29448121	29426450	0	29426735	29418695	0	/wp-admin/includes/colour.php
1	0	0	1	0	0	29443156	0	0	29443156	0	0	/wp-admin/new.php
1	0	0	1	0	0	29443158	0	0	29443158	0	0	/wp-content/upload.php
1	0	0	1	0	0	29443165	0	0	29443165	0	0	/wp-includes/class-wp-block-type.php
1	0	0	1	0	0	29443167	0	0	29443167	0	0	/wp-includes/customize/wp-login.php
1	0	0	1	0	0	29443168	0	0	29443168	0	0	/wp-includes/js/dist/script-modules/interactivity/alfa-rex.php
1	0	0	1	0	0	29443149	0	0	29443149	0	0	/wp-content/plugins/dos2unix/dos2unix.php
1	0	0	2	1	0	29445707	29422263	0	29443149	29422263	0	/wp-admin/css/index.php
1	0	0	1	0	0	29443176	0	0	29443176	0	0	/wp-admin/css/colors/coffee/fox.php
1	0	0	1	0	0	29443176	0	0	29443176	0	0	/wp-content/uploads/simple-file-list/fox.php
1	0	0	1	0	0	29443168	0	0	29443168	0	0	/wp-includes/js/tinymce/plugins/fullscreen/alfa-rex.php
1	0	0	0	1	0	0	29373215	0	0	29373215	0	/api/credentials
1	0	0	0	2	0	0	29337049	0	0	29325030	0	/administrator/.env
1	0	0	1	0	0	29443170	0	0	29443170	0	0	/libraries/joomla/css.php
1	0	0	1	0	0	29443172	0	0	29443172	0	0	/wso2023.php
1	0	0	1	0	0	29443179	0	0	29443179	0	0	/w4k.php
1	0	0	1	0	0	29443160	0	0	29443160	0	0	/vendor/bensampo/laravel-enum/src/Rector/alfa-rex.php
1	0	0	1	0	0	29443164	0	0	29443164	0	0	/wp-includes/SimplePie/library/SimplePie/Decode/HTML/about.php
1	0	0	1	0	0	29443171	0	0	29443171	0	0	/shells.php
1	0	0	1	0	0	29443175	0	0	29443175	0	0	/wp-admin/js/admin-ajax.php
1	0	0	1	0	0	29443161	0	0	29443161	0	0	/vendor/iankumu/mpesa/src/Exceptions/about.php
1	0	0	13	19	0	29448121	29426450	0	29426735	29387370	0	/files/
1	0	0	1	0	0	29443178	0	0	29443178	0	0	/.well-known/wp-sys.php?p=
1	0	0	1	12	0	29432920	29432920	0	29432920	29335908	0	/test
1	0	0	47	26	0	29449657	29426450	0	29426735	29418695	0	/file.php
1	0	0	1	0	0	29443165	0	0	29443165	0	0	/wp-includes/class-wp-editor.php
1	0	0	5	0	0	29444852	0	0	29443260	0	0	/wp-content/plugins/yanierin/akcc.php
1	0	0	1	0	0	29443179	0	0	29443179	0	0	/r57shell.php
1	0	0	1	0	0	29443176	0	0	29443176	0	0	/shadowx.php
1	0	0	1	0	0	29443147	0	0	29443147	0	0	/wp-content/languages/pomo.php
1	0	0	0	1	0	0	29422263	0	0	29422263	0	/wp-content/autoload_classmap/function.php
1	0	0	1	0	0	29443161	0	0	29443161	0	0	/vendor/iankumu/mpesa/src/Console/about.php
1	0	0	1	0	0	29443175	0	0	29443175	0	0	/ovshell.php
1	0	0	0	3	0	0	29403926	0	0	29358132	0	/webjars/swagger-ui/
1	0	0	1	0	0	29443149	0	0	29443149	0	0	/wp-admin/js/023ws.php
1	0	0	1	0	0	29443153	0	0	29443153	0	0	/wp-includes/fonts/plugins.php
1	0	0	0	1	0	0	29350572	0	0	29350572	0	/.well-known/autoconfig/mail/config-v1.1.xml?emailaddress=contact@magentaweb.org
1	0	0	1	0	0	29443168	0	0	29443168	0	0	/wp-includes/js/tinymce/skins/lightgray/fonts/about.php
1	0	0	0	1	0	0	29323012	0	0	29323012	0	/blog/xmlrpc.php
1	0	0	1	0	0	29443165	0	0	29443165	0	0	/wp-includes/block-supports/background.php
1	0	0	1	0	0	29443166	0	0	29443166	0	0	/wp-includes/class-wp-locale.php
1	0	0	1	6	0	29443174	29425682	0	29443174	29334406	0	/test.php
1	0	0	1	0	0	29443149	0	0	29443149	0	0	/wp-admin/images/users.php
1	0	0	1	0	0	29443155	0	0	29443155	0	0	/wp-includes/Requests/Text/votes.php
1	1	0	0	0	29409155	0	0	29409155	0	0	7622	/cgi-sys/suspendedpage.cgi/news/wp-includes/wlwmanifest.xml
1	0	0	1	0	0	29443176	0	0	29443176	0	0	/codeboy1877x.php
1	0	0	1	0	0	29443179	0	0	29443179	0	0	/wp-content/languages/themes/wp_error.php
1	1	1	0	0	29383049	0	0	29383049	0	0	29487	/?s=../\think\Container/invokefunction&function=call_user_func_array&vars[0]=md5&vars[1][]=HelloThinkPHP
1	0	0	1	0	0	29443157	0	0	29443157	0	0	/wp-content/x.php
1	0	0	0	2	0	0	29335108	0	0	29334406	0	/sms.py
1	0	0	1	1	0	29364298	29319324	0	29364298	29319324	0	/tool/view/phpinfo.view.php
1	0	0	1	0	0	29443165	0	0	29443165	0	0	/wp-includes/assets/script-loader-packages.min.php
1	0	0	1	0	0	29443164	0	0	29443164	0	0	/wp-includes/SimplePie/src/Parse/alfa-rex.php
1	0	0	1	0	0	29443176	0	0	29443176	0	0	/wp-admin/images/indexx.php
1	0	0	1	0	0	29443147	0	0	29443147	0	0	/wp-includes/blocks-other.php
1	0	0	1	0	0	29443174	0	0	29443174	0	0	/wp-includes/js/admin-bar.js
1	0	0	1	0	0	29443159	0	0	29443159	0	0	/images/x.php
1	0	0	1	0	0	29443166	0	0	29443166	0	0	/wp-includes/class-wp-recovery-mode-email-service.php
1	0	0	1	0	0	29443173	0	0	29443173	0	0	/xdoor.php
1	0	0	1	0	0	29443158	0	0	29443158	0	0	/image/403.php
1	0	0	1	0	0	29443153	0	0	29443153	0	0	/wp-content/languages/themes/rk2.php
1	0	0	1	0	0	29443162	0	0	29443162	0	0	/vendor/laminas/laminas-diactoros/src/Response/alfa-rex.php
1	0	0	1	0	0	29443163	0	0	29443163	0	0	/wp-includes/Requests/src/Auth.php
1	0	0	1	0	0	29443169	0	0	29443169	0	0	/wp-includes/pluggable-deprecated.php
1	0	0	1	0	0	29443151	0	0	29443151	0	0	/admin/uploads/cgi.php
1	0	0	19	30	0	29448122	29426516	0	29426760	29418695	0	/wp-includes/assets/autoload_classmap.php
1	0	0	1	0	0	29443168	0	0	29443168	0	0	/wp-includes/js/dist/script-modules/block-library/search/alfa-rex.php
1	0	0	1	12	0	29443171	29424995	0	29443171	29418695	0	/NewFile.php
1	0	0	2	0	0	29432254	0	0	29430102	0	0	/wp-content/uploads/Geforce.php
1	0	0	1	0	0	29443162	0	0	29443162	0	0	/wp-admin/css/colors/midnight/alfa-rex.php
1	0	0	0	2	0	0	29337050	0	0	29325030	0	/lib/phpunit/phpunit/Util/PHP/eval-stdin.php
1	0	0	7	14	0	29449657	29424995	0	29443260	29418695	0	/wp-admin/includes/
1	0	0	1	0	0	29443157	0	0	29443157	0	0	/wp-content/s.php
1	0	0	1	0	0	29443167	0	0	29443167	0	0	/wp-includes/customize/class-wp-customize-partial.php
1	0	0	1	0	0	29443147	0	0	29443147	0	0	/files/galeria.php
1	0	0	1	0	0	29443167	0	0	29443167	0	0	/wp-includes/js/dist/development/about.php
1	0	0	1	0	0	29443153	0	0	29443153	0	0	/wp-includes/IXR/mariju.php
1	0	0	1	0	0	29443155	0	0	29443155	0	0	/wp-includes/certificates/500.php
1	0	0	1	0	0	29443176	0	0	29443176	0	0	/.well-known/indexx.php
1	0	0	1	0	0	29443172	0	0	29443172	0	0	/gac.php
1	0	0	1	0	0	29443150	0	0	29443150	0	0	/js/tiny_mce/plugins/ajaxfilemanager/wp_filemanager.php
1	0	0	1	0	0	29443159	0	0	29443159	0	0	/images/s.php
1	0	0	5	18	0	29445837	29433869	0	29364298	29319324	0	/phpinfo.php
1	0	0	1	0	0	29443145	0	0	29443145	0	0	/wp-content/uploads/function.php
1	1	1	0	0	29359495	0	0	29359495	0	0	29487	/?search=dorktest303
1	0	0	1	0	0	29443175	0	0	29443175	0	0	/wp-content/f0x.php
1	0	0	1	0	0	29443172	0	0	29443172	0	0	/tes.php
1	0	0	1	0	0	29443158	0	0	29443158	0	0	/image/xleet.php
1	0	0	1	0	0	29443161	0	0	29443161	0	0	/vendor/egulias/email-validator/src/Validation/Extra/alfa-rex.php
1	0	0	1	0	0	29443178	0	0	29443178	0	0	/wp-includes/pomo/wp-sys.php?p=
1	0	0	0	2	0	0	29335107	0	0	29334406	0	/backend/config/default.yml
1	0	0	1	0	0	29443162	0	0	29443162	0	0	/wp-admin/css/colors/modern/QgRIsc.php
1	0	0	0	107	0	0	29423927	0	0	29317389	0	/shop/wp-includes/wlwmanifest.xml
1	0	0	1	0	0	29443178	0	0	29443178	0	0	/wp-admin/css/colors/byp.php?p=
1	0	0	1	0	0	29443171	0	0	29443171	0	0	/4index.php
1	0	0	1	0	0	29443158	0	0	29443158	0	0	/image/haxor.php
1	0	0	1	0	0	29443152	0	0	29443152	0	0	/wp-22.php
1	0	0	0	2	0	0	29335108	0	0	29334406	0	/.aws/config
1	0	0	0	1	0	0	29337049	0	0	29337049	0	/uploads/config.json
1	0	0	0	2	0	0	29335107	0	0	29334406	0	/configs/routes.js
1	0	0	1	0	0	29443157	0	0	29443157	0	0	/wp-content/n.php
1	0	0	1	0	0	29443179	0	0	29443179	0	0	/wp-includes/css/bop.php?p=
1	0	0	1	10	0	29443174	29424995	0	29443174	29418696	0	/wp-admin/css/colors/
1	0	0	1	0	0	29443166	0	0	29443166	0	0	/wp-includes/class-wp-metadata-lazyloader.php
1	0	0	1	0	0	29443159	0	0	29443159	0	0	/images/n.php
1	0	0	1	0	0	29443174	0	0	29443174	0	0	/fatal.php
1	0	0	0	1	0	0	29410900	0	0	29410900	0	/order/admin
1	0	0	1	0	0	29443153	0	0	29443153	0	0	/lion.php
1	0	0	3	0	0	29449657	0	0	29443153	0	0	/.well-known/rk2.php
1	0	0	1	0	0	29443173	0	0	29443173	0	0	/wp-admin/user/class_appfun.php
1	0	0	1	0	0	29443173	0	0	29443173	0	0	/gecko-new.php
1	0	0	1	0	0	29443177	0	0	29443177	0	0	/wp-content/plugins/hellopress/nav.php
1	0	0	18	17	0	29448122	29426516	0	29426760	29418887	0	/wp-includes/sitemaps/providers/index.php
1	0	0	0	3	0	0	29337049	0	0	29325030	0	/.local
1	0	0	1	0	0	29443161	0	0	29443161	0	0	/vendor/filp/whoops/src/Whoops/Util/alfa-rex.php
1	0	0	0	2	0	0	29335105	0	0	29334406	0	/docker/.env
1	0	0	1	0	0	29443179	0	0	29443179	0	0	/wp-includes/pomo/wp_error.php
1	0	0	1	0	0	29443146	0	0	29443146	0	0	/defau1t.php
1	0	0	1	0	0	29443172	0	0	29443172	0	0	/shell_lock.php
1	1	1	0	0	29359495	0	0	29359495	0	0	29487	/?s=dorktest303
1	0	0	1	0	0	29443157	0	0	29443157	0	0	/wp-content/i.php
1	0	0	2	10	0	29432254	29424995	0	29430102	29418696	0	/wp-includes/sitemaps/providers/
1	0	0	1	0	0	29443176	0	0	29443176	0	0	/wp-includes/certificates/indexx.php
1	0	0	0	1	0	0	29373215	0	0	29373215	0	/admin.html
1	0	0	1	0	0	29443159	0	0	29443159	0	0	/images/i.php
1	0	0	0	12	0	0	29424995	0	0	29418695	0	/wp-admin/js/wp-login.php
1	0	0	1	0	0	29443157	0	0	29443157	0	0	/wp-content/ok.php
1	0	0	41	31	0	29448121	29426504	0	29426735	29418695	0	/akcc.php
1	0	0	1	0	0	29443177	0	0	29443177	0	0	/888.php
1	0	0	1	0	0	29443150	0	0	29443150	0	0	/wp-xml.php
1	0	0	1	0	0	29443159	0	0	29443159	0	0	/images/403.php
1	0	0	1	0	0	29443152	0	0	29443152	0	0	/wp-admin/includes/block-css.php?mode=upload
1	0	0	1	0	0	29443170	0	0	29443170	0	0	/wp-includes/sodium_compat/src/Core/about.php
1	0	0	0	12	0	0	29425488	0	0	29418693	0	/Sanskrit.php
1	0	0	0	10	0	0	29424995	0	0	29418696	0	/wp-includes/Requests/Exception/
1	0	0	1	0	0	29443150	0	0	29443150	0	0	/wp-content/plugins/wp_project.php
1	0	0	1	0	0	29443157	0	0	29443157	0	0	/wp-content/d.php
1	0	0	1	0	0	29443169	0	0	29443169	0	0	/wp-includes/revision.php
1	0	0	0	2	0	0	29337050	0	0	29325030	0	/protected/vendor/phpunit/phpunit/src/Util/PHP/eval-stdin.php
1	0	0	1	0	0	29443177	0	0	29443177	0	0	/wp-pano.php
1	0	0	1	0	0	29443159	0	0	29443159	0	0	/images/d.php
1	0	0	1	0	0	29443164	0	0	29443164	0	0	/wp-includes/SimplePie/src/Net/about.php
1	0	0	1	0	0	29443149	0	0	29443149	0	0	/admin/023ws.php
1	0	0	2	12	0	29432254	29424994	0	29430102	29418695	0	/wp-includes/style-engine/index.php
1	0	0	1	1	0	29443159	29422142	0	29443159	29422142	0	/cgi-bin/wp-login.php
1	0	0	1	0	0	29443151	0	0	29443151	0	0	/admin/uploads/c99.php
1	0	0	1	0	0	29443159	0	0	29443159	0	0	/image/wp-confirm.php
1	0	0	1	0	0	29443150	0	0	29443150	0	0	/doc/wp_project.php
1	0	0	1	0	0	29443156	0	0	29443156	0	0	/wp-includes/x.php
1	0	0	1	0	0	29443162	0	0	29443162	0	0	/wp-admin/includes/class-bulk-plugin-upgrader-skin.php
1	0	0	1	0	0	29443177	0	0	29443177	0	0	/sh3ll.php
1	0	0	1	0	0	29443160	0	0	29443160	0	0	/snd.php
1	0	0	1	0	0	29443161	0	0	29443161	0	0	/vendor/laminas/laminas-code/src/Generator/about.php
1	0	0	1	0	0	29443153	0	0	29443153	0	0	/l10n.php
1	0	0	1	0	0	29443174	0	0	29443174	0	0	/wp-content/themes/seotheme/db.php
1	0	0	0	2	0	0	29327560	0	0	29326478	0	http://magentaweb.org:80/blog/wp-includes/wlwmanifest.xml
1	0	0	1	0	0	29443152	0	0	29443152	0	0	/wp-content/themes/twentytwentythree/parts/wp-blog.php
1	0	0	1	0	0	29443167	0	0	29443167	0	0	/wp-includes/customize/class-wp-customize-media-control.php
1	0	0	21	15	0	29449657	29426450	0	29426735	29418887	0	/wp-admin/js/index.php
1	0	0	1	0	0	29443150	0	0	29443150	0	0	/wp-admin/images/dbtoolkit_import.php
1	0	0	0	2	0	0	29361811	0	0	29335908	0	/.env.backup
1	0	0	1	0	0	29443177	0	0	29443177	0	0	/aci.php
1	0	0	1	0	0	29443147	0	0	29443147	0	0	/wp-content/wp-abupee.php
1	0	0	1	0	0	29443164	0	0	29443164	0	0	/wp-includes/SimplePie/library/SimplePie/Restriction.php
1	0	0	0	2	0	0	29337050	0	0	29325030	0	/wp-content/plugins/dzs-videogallery/class_parts/vendor/phpunit/phpunit/src/Util/PHP/eval-stdin.php
1	0	0	1	0	0	29443163	0	0	29443163	0	0	/wp-includes/Requests/src/Auth/alfa-rex.php
1	0	0	1	0	0	29443158	0	0	29443158	0	0	/image/100.php
1	0	0	1	0	0	29443151	0	0	29443151	0	0	/wp-content/plugins/revslider/includes/external/page/index.php
1	0	0	1	0	0	29443153	0	0	29443153	0	0	/wp-includes/certificates/plugins.php
1	0	0	1	0	0	29443158	0	0	29443158	0	0	/image/FoxWSOv1.php
1	0	0	1	0	0	29443156	0	0	29443156	0	0	/wp-includes/s.php
1	0	0	0	1	0	0	29410900	0	0	29410900	0	/~root
1	0	0	1	0	0	29443172	0	0	29443172	0	0	/wp-admin/maint/fw.php
1	0	0	1	0	0	29443159	0	0	29443159	0	0	/images/ok.php
1	0	0	1	0	0	29443168	0	0	29443168	0	0	/wp-includes/js/tinymce/plugins/alfa-rex.php
1	0	0	1	0	0	29443153	0	0	29443153	0	0	/chosen/rk2.php
1	0	0	1	1	0	29443145	29422142	0	29443145	29422142	0	/admin/function.php
1	0	0	1	0	0	29443164	0	0	29443164	0	0	/wp-includes/SimplePie/src/Parse/about.php
1	0	0	1	0	0	29443165	0	0	29443165	0	0	/wp-includes/images/crystal/wp-login.php
1	0	0	1	0	0	29443170	0	0	29443170	0	0	/wp-includes/sodium_compat/src/alfa-rex.php
1	0	0	1	0	0	29443151	0	0	29443151	0	0	/87.php
1	0	0	1	0	0	29443153	0	0	29443153	0	0	/file/rk2.php
1	0	0	1	0	0	29443166	0	0	29443166	0	0	/wp-includes/compat.php
1	0	0	1	1	0	29443150	29422677	0	29443150	29422677	0	/wp-trackback.php
1	0	0	0	3	0	0	29337049	0	0	29325030	0	/.remote
1	0	0	0	1	0	0	29443147	0	0	29443147	0	/.well-known/pki-validation/nice.php?p=
1	0	0	1	0	0	29443164	0	0	29443164	0	0	/wp-includes/Text/Diff/Renderer/wp-login.php
1	0	0	1	0	0	29443157	0	0	29443157	0	0	/wp-includes/kk.php
1	0	0	1	0	0	29443164	0	0	29443164	0	0	/wp-includes/SimplePie/src/alfa-rex.php
1	0	0	2	14	0	29432254	29424995	0	29430102	29418695	0	/wp-includes/Requests/
1	0	0	1	0	0	29443170	0	0	29443170	0	0	/wp-includes/sodium_compat/src/Core32/wp-login.php
1	0	0	1	0	0	29443161	0	0	29443161	0	0	/vendor/hamcrest/about.php
1	0	0	1	0	0	29443174	0	0	29443174	0	0	/wp-admin/js/user-suggest.js
1	0	0	1	0	0	29443153	0	0	29443153	0	0	/wp-admin/css/colors/blue/rk2.php
1	0	0	1	0	0	29443169	0	0	29443169	0	0	/wp-includes/sitemaps/class-wp-sitemaps-registry.php
1	0	0	1	0	0	29443170	0	0	29443170	0	0	/wp-includes/sodium_compat/src/Core/wp-login.php
1	0	0	1	0	0	29443157	0	0	29443157	0	0	/wp-includes/n.php
1	0	0	1	0	0	29443146	0	0	29443146	0	0	/priv8.php
1	0	0	1	0	0	29443175	0	0	29443175	0	0	/wp-includes/rest-api/admin-ajax.php
1	0	0	1	0	0	29443152	0	0	29443152	0	0	/wp-includes/dropdown.php
1	0	0	19	28	0	29449657	29426516	0	29426760	29418695	0	/wp-content/uploads/2025/
1	0	0	1	0	0	29443150	0	0	29443150	0	0	/wp-includes/certificates/wp_project.php
1	0	0	1	0	0	29443152	0	0	29443152	0	0	/wp-content/alfanew.php7
1	0	0	1	0	0	29443169	0	0	29443169	0	0	/wp-includes/rest-api/fields/class-wp-rest-comment-meta-fields.php
1	0	0	1	0	0	29443149	0	0	29443149	0	0	/cms/tiny_mce/plugins/ajaxfilemanager/class.api.php
1	0	0	5	19	0	29447926	29424995	0	29431102	29418695	0	/wp-content/uploads/2024/
1	0	0	1	0	0	29443163	0	0	29443163	0	0	/wp-includes/ID3/module.tag.id3v1.php
1	0	0	1	0	0	29443155	0	0	29443155	0	0	/wp-content/plugins/akismet/tmp/user.php
1	0	0	1	0	0	29443175	0	0	29443175	0	0	/wp-content/plugins/wp-diambar/includes/loadme.php
1	0	0	7	19	0	29449657	29424994	0	29431102	29418695	0	/wp-themes.php
1	0	0	1	0	0	29443178	0	0	29443178	0	0	/wp-admin/css/colors/wp_configs.php?p=
1	0	0	1	0	0	29443150	0	0	29443150	0	0	/about/wp_project.php
1	0	0	2	10	0	29432254	29424995	0	29430102	29418696	0	/wp-includes/html-api/
1	0	0	1	0	0	29443173	0	0	29443173	0	0	/clan.php
1	0	0	1	0	0	29443147	0	0	29443147	0	0	/date.php
1	0	0	6	19	0	29447926	29424995	0	29431102	29418695	0	/wp-content/uploads/2023/
1	0	0	1	0	0	29443179	0	0	29443179	0	0	/wp-admin/includes/mar.php
1	0	0	1	0	0	29443146	0	0	29443146	0	0	/kiss.php
1	0	0	1	0	0	29443169	0	0	29443169	0	0	/wp-includes/load.php
1	0	0	1	0	0	29443173	0	0	29443173	0	0	/Priv.php
1	0	0	3	0	0	29449657	0	0	29443172	0	0	/profile.php
1	0	0	1	0	0	29443169	0	0	29443169	0	0	/wp-includes/ms-network.php
1	0	0	1	0	0	29443169	0	0	29443169	0	0	/wp-includes/query.php
1	0	0	1	0	0	29443155	0	0	29443155	0	0	/wp-admin/xleet.php
1	0	0	1	0	0	29443170	0	0	29443170	0	0	/wp-includes/sodium_compat/src/Core32/Curve25519/Ge/wp-login.php
1	0	0	1	0	0	29443156	0	0	29443156	0	0	/wp-includes/i.php
1	0	0	1	1	0	29443147	29422676	0	29443147	29422676	0	/wp-includes/rest-api/about.php
1	0	0	1	0	0	29443156	0	0	29443156	0	0	/wp-admin/haxor.php
1	0	0	0	1	0	0	29443148	0	0	29443148	0	/.well-known/pki-validation/class.api.php
1	0	0	1	0	0	29443148	0	0	29443148	0	0	/ioxi-rex4.php7
1	0	0	1	0	0	29443157	0	0	29443157	0	0	/wp-content/xleet.php
1	0	0	0	2	0	0	29405640	0	0	29405640	0	/simpla/
1	0	0	1	0	0	29443161	0	0	29443161	0	0	/vendor/dragonmantank/cron-expression/alfa-rex.php
1	0	0	12	10	0	29448122	29426516	0	29426760	29422676	0	/wp-includes/js/dist/development/
1	0	0	1	0	0	29443167	0	0	29443167	0	0	/wp-includes/formatting.php
1	0	0	1	0	0	29443176	0	0	29443176	0	0	/wp-content/plugins/watch/byp.php?p=
1	0	0	1	0	0	29443158	0	0	29443158	0	0	/image/1234.php
1	0	0	1	0	0	29443170	0	0	29443170	0	0	/wp-includes/theme-templates.php
1	0	0	1	0	0	29443157	0	0	29443157	0	0	/wp-content/haxor.php
1	0	0	1	0	0	29443173	0	0	29443173	0	0	/cd.php
1	0	0	1	0	0	29443148	0	0	29443148	0	0	/wp-admin/images/class.api.php
1	0	0	19	27	0	29448121	29426450	0	29426735	29418693	0	/av.php
1	0	0	1	0	0	29443151	0	0	29443151	0	0	/abc.php
1	0	0	1	0	0	29443153	0	0	29443153	0	0	/wp-content/uploads/wpr-addons/forms/b1ack.php
1	1	0	0	0	29409155	0	0	29409155	0	0	7622	/cgi-sys/suspendedpage.cgi/wp2/wp-includes/wlwmanifest.xml
1	0	0	1	0	0	29443160	0	0	29443160	0	0	/vendor/brick/about.php
1	0	0	1	0	0	29443178	0	0	29443178	0	0	/wp-admin/js/wp-sys.php?p=
1	0	0	0	2	0	0	29337050	0	0	29325030	0	/cms/vendor/phpunit/phpunit/src/Util/PHP/eval-stdin.php
1	0	0	1	0	0	29443174	0	0	29443174	0	0	/wp-content/patior/
1	0	0	1	0	0	29443149	0	0	29443149	0	0	/wp-content/plugins/023ws.php
1	0	0	34	19	0	29448121	29426450	0	29426735	29418695	0	/themes.php
1	0	0	1	0	0	29443152	0	0	29443152	0	0	/wp-content/languages/file.php
1	0	0	0	1	0	0	29387224	0	0	29387224	0	/wp-admin/media-new.php
1	0	0	1	0	0	29443170	0	0	29443170	0	0	/wp-includes/template-loader.php
1	0	0	1	0	0	29443163	0	0	29443163	0	0	/wp-content/uploads/testmail.php
1	0	0	1	0	0	29443169	0	0	29443169	0	0	/wp-includes/post.php
1	0	0	1	0	0	29443175	0	0	29443175	0	0	/alfanibos.php
1	0	0	1	1	0	29443150	29422677	0	29443150	29422677	0	/wp-mail.php
1	0	0	1	0	0	29443156	0	0	29443156	0	0	/wp-includes/d.php
1	0	0	3	0	0	29449657	0	0	29443163	0	0	/wp-includes/Requests/src/Response/about.php
1	0	0	1	0	0	29443179	0	0	29443179	0	0	/wp-admin/includes/mari.php
1	0	0	1	0	0	29443153	0	0	29443153	0	0	/wp-admin/maint/rk2.php
1	0	0	1	0	0	29443175	0	0	29443175	0	0	/siteheads.php
1	0	0	1	0	0	29443161	0	0	29443161	0	0	/vendor/doctrine/lexer/src/alfa-rex.php
1	0	0	1	0	0	29443164	0	0	29443164	0	0	/wp-includes/SimplePie/library/SimplePie/Caption.php
1	0	0	1	0	0	29443159	0	0	29443159	0	0	/images/100.php
1	0	0	1	0	0	29443168	0	0	29443168	0	0	/wp-includes/js/tinymce/themes/modern/item.php
1	0	0	1	0	0	29443179	0	0	29443179	0	0	/wp-admin/mari.php
1	0	0	1	0	0	29443176	0	0	29443176	0	0	/file/indexx.php
1	0	0	1	0	0	29443163	0	0	29443163	0	0	/wp-includes/Requests/src/Exception/wp-login.php
1	0	0	1	0	0	29443153	0	0	29443153	0	0	/comdofuns.php
1	0	0	1	0	0	29443162	0	0	29443162	0	0	/wp-admin/css/colors/midnight/vzqpLY.php
1	0	0	0	1	0	0	29422142	0	0	29422142	0	/.well-known/server.php
1	0	0	1	0	0	29443159	0	0	29443159	0	0	/images/FoxWSOv1.php
1	0	0	1	0	0	29443174	0	0	29443174	0	0	/wp-admin/js/wp-ver.php
1	0	0	1	0	0	29443168	0	0	29443168	0	0	/wp-includes/js/imgareaselect/wp-login.php
1	0	0	1	0	0	29443152	0	0	29443152	0	0	/wp-content/themes/intense/block-css.php?mode=upload
1	0	0	1	0	0	29443145	0	0	29443145	0	0	/wso112233.php
1	0	0	1	0	0	29443169	0	0	29443169	0	0	/wp-includes/registration.php
1	0	0	0	1	0	0	29410900	0	0	29410900	0	/administrator
1	0	0	1	0	0	29443165	0	0	29443165	0	0	/wp-includes/class-wp-fatal-error-handler.php
1	0	0	1	0	0	29443167	0	0	29443167	0	0	/wp-includes/customize/class-wp-customize-nav-menus-panel.php
1	0	0	3	15	0	29445837	29433869	0	29432920	29325030	0	/core/.env
1	0	0	1	0	0	29443161	0	0	29443161	0	0	/vendor/laminas/laminas-code/about.php
1	0	0	1	0	0	29443179	0	0	29443179	0	0	/file/wp_error.php
1	0	0	1	0	0	29443169	0	0	29443169	0	0	/wp-includes/options.php
1	0	0	1	0	0	29443173	0	0	29443173	0	0	/kii.php
1	0	0	1	0	0	29443146	0	0	29443146	0	0	/alfa123.php
1	0	0	44	33	0	29448121	29426450	0	29426735	29418695	0	/new.php
1	0	0	2	10	0	29432254	29424995	0	29430102	29418696	0	/wp-includes/images/wlw/
1	0	0	0	1	0	0	29410900	0	0	29410900	0	/~admin
1	0	0	39	27	0	29449657	29426516	0	29426760	29418695	0	/wp-content/themes/admin.php
1	0	0	1	0	0	29443149	0	0	29443149	0	0	/img/cloud.php
1	0	0	1	0	0	29443163	0	0	29443163	0	0	/wp-includes/Requests/src/Exception.php
1	0	0	1	0	0	29443170	0	0	29443170	0	0	/wp-includes/widgets/class-wp-widget-tag-cloud.php
1	0	0	1	0	0	29443166	0	0	29443166	0	0	/wp-includes/css/dist/list-reusable-blocks/wp-login.php
1	0	0	1	0	0	29443175	0	0	29443175	0	0	/wp-content/themes/finley/min.php/wp-content/themes/finley/min.php
1	0	0	1	0	0	29443162	0	0	29443162	0	0	/wp-admin/css/colors/coffee/about.php
1	0	0	1	0	0	29443146	0	0	29443146	0	0	/wp-file.php
1	0	0	0	14	0	0	29424995	0	0	29418696	0	/.well-knownold/
1	0	0	1	0	0	29443169	0	0	29443169	0	0	/wp-includes/robots-template.php
1	0	0	0	2	0	0	29335106	0	0	29334406	0	/api/shared/config/config.env
1	0	0	1	0	0	29443179	0	0	29443179	0	0	/wp-admin/maint/wp-cron.php
1	0	0	1	0	0	29443166	0	0	29443166	0	0	/wp-includes/css/dist/patterns/alfa-rex.php
1	0	0	1	0	0	29443173	0	0	29443173	0	0	/aab.php
1	0	0	1	0	0	29443168	0	0	29443168	0	0	/wp-includes/js/tinymce/plugins/wpautoresize/about.php
1	0	0	1	0	0	29443172	0	0	29443172	0	0	/xz.php
1	0	0	1	0	0	29443152	0	0	29443152	0	0	/wp-content/uploads/inputs.php
1	0	0	1	0	0	29443149	0	0	29443149	0	0	/wp-admin/cloud.php
1	0	0	1	0	0	29443174	0	0	29443174	0	0	/wp-admin/js/widgets/classwithtostring.php
1	0	0	1	0	0	29443176	0	0	29443176	0	0	/foxwsov1.php
1	0	0	1	0	0	29443175	0	0	29443175	0	0	/wp-1.php
1	0	0	1	0	0	29443161	0	0	29443161	0	0	/vendor/hamcrest/alfa-rex.php
1	0	0	1	0	0	29443156	0	0	29443156	0	0	/wp-includes/wp-22.php
1	0	0	1	0	0	29443179	0	0	29443179	0	0	/simattacker.php
1	0	0	1	0	0	29443160	0	0	29443160	0	0	/vendor/dflydev/dot-access-data/src/about.php
1	0	0	1	0	0	29443149	0	0	29443149	0	0	/wp-content/cloud.php
1	0	0	1	0	0	29443158	0	0	29443158	0	0	/wp-content/.wp-cache.php
1	0	0	1	0	0	29443150	0	0	29443150	0	0	/wp-admin/css/colors/dbtoolkit_import.php
1	0	0	1	0	0	29443148	0	0	29443148	0	0	/wp-includes/wso.php
1	0	0	3	19	0	29445837	29433869	0	29432920	29343527	0	/twilio.env
1	0	0	1	0	0	29443178	0	0	29443178	0	0	/client/sinchro-advisory/wp-sys.php?p=
1	0	0	1	0	0	29443170	0	0	29443170	0	0	/templates/+theme+/error.php
1	0	0	1	0	0	29443145	0	0	29443145	0	0	/wp-admin/images/function.php
1	0	0	1	0	0	29443157	0	0	29443157	0	0	/wp-includes/send.php
1	0	0	20	0	0	29444889	0	0	29429169	0	0	/wp-includes/block-bindings
1	0	0	1	0	0	29443167	0	0	29443167	0	0	/wp-includes/html-api/class-wp-html-open-elements.php
1	0	0	1	0	0	29443148	0	0	29443148	0	0	/cjfuns.php
1	0	0	0	2	0	0	29335106	0	0	29334406	0	/api/shared/.env
1	0	0	1	0	0	29443164	0	0	29443164	0	0	/wp-includes/SimplePie/src/SimplePie.php
1	0	0	1	7	0	29364298	29425682	0	29364298	29319324	0	/phpinfo
1	0	0	1	0	0	29443158	0	0	29443158	0	0	/image/x.php
1	0	0	1	0	0	29443177	0	0	29443177	0	0	/wp-includes/maro.php
1	0	0	18	27	0	29448121	29426450	0	29426735	29418693	0	/elp.php
1	0	0	1	0	0	29443164	0	0	29443164	0	0	/wp-includes/SimplePie/library/SimplePie/Cache.php
1	0	0	1	0	0	29443171	0	0	29443171	0	0	/wp-admin/shell.php
1	0	0	0	1	0	0	29422676	0	0	29422676	0	/wp-includes/blocks/post-author-name/
1	0	0	1	0	0	29443151	0	0	29443151	0	0	/wp-content/plugins/wp-apxupx.php?apx=upx
1	0	0	1	0	0	29443177	0	0	29443177	0	0	/plugins/indexx.php
1	0	0	1	0	0	29443173	0	0	29443173	0	0	/303.php
1	0	0	1	0	0	29443150	0	0	29443150	0	0	/search.php
1	0	0	1	0	0	29443169	0	0	29443169	0	0	/wp-includes/rest-api/alfa-rex.php
1	0	0	1	0	0	29443148	0	0	29443148	0	0	/.well-knownold/index.php
1	0	0	1	0	0	29443165	0	0	29443165	0	0	/wp-includes/class-wp-duotone.php
1	0	0	0	1	0	0	29443176	0	0	29443176	0	/.well-known/pki-validation/indexx.php
1	0	0	1	0	0	29443171	0	0	29443171	0	0	/wp-content/shell.php
1	0	0	0	1	0	0	29422263	0	0	29422263	0	/wp-admin/nxc.php
1	0	0	1	0	0	29443155	0	0	29443155	0	0	/wp-content/plugins/akismet/admin2.asp
1	0	0	1	0	0	29443162	0	0	29443162	0	0	/vendor/laminas/laminas-diactoros/alfa-rex.php
1	0	0	0	1	0	0	29373215	0	0	29373215	0	/config/secrets.yml
1	0	0	1	0	0	29443164	0	0	29443164	0	0	/wp-includes/Text/Diff.php
1	0	0	1	0	0	29443173	0	0	29443173	0	0	/wp-users.php
1	0	0	1	0	0	29443155	0	0	29443155	0	0	/wp-includes/js/crop/cropper.php
1	0	0	1	0	0	29443167	0	0	29443167	0	0	/wp-includes/interactivity-api/class-wp-interactivity-api.php
1	0	0	1	0	0	29443172	0	0	29443172	0	0	/ab.php
1	0	0	1	0	0	29443148	0	0	29443148	0	0	/qfjnelot.php
1	0	0	1	0	0	29443178	0	0	29443178	0	0	/wp-includes/pomo/user-new.php
1	0	0	1	0	0	29443162	0	0	29443162	0	0	/vendor/laminas/laminas-diactoros/src/alfa-rex.php
1	0	0	1	0	0	29443152	0	0	29443152	0	0	/wp-includes/wp-head.php
1	0	0	1	0	0	29443150	0	0	29443150	0	0	/chosen/wp_filemanager.php
1	0	0	1	0	0	29443169	0	0	29443169	0	0	/wp-includes/ms-deprecated.php
1	0	0	1	0	0	29443158	0	0	29443158	0	0	/image/s.php
1	0	0	1	0	0	29443155	0	0	29443155	0	0	/wp-content/plugins/akismet/g.php
1	0	0	1	0	0	29443178	0	0	29443178	0	0	/wp-admin/includes/wp_error.php
1	0	0	1	0	0	29443167	0	0	29443167	0	0	/wp-includes/interactivity-api/about.php
1	0	0	1	0	0	29443179	0	0	29443179	0	0	/wso2.8.php
1	0	0	32	21	0	29448122	29426516	0	29426760	29418694	0	/wp-includes/PHPMailer/index.php
1	0	0	1	0	0	29443167	0	0	29443167	0	0	/wp-includes/default-widgets.php
1	0	0	1	0	0	29443159	0	0	29443159	0	0	/wp-content/cong.php
1	0	0	1	0	0	29443145	0	0	29443145	0	0	/alfa-ioxi.php
1	0	0	1	0	0	29443167	0	0	29443167	0	0	/wp-includes/html-api/html5-named-character-references.php
1	0	0	0	2	0	0	29337049	0	0	29325030	0	/exapi/.env
1	0	0	1	0	0	29443150	0	0	29443150	0	0	/dbtoolkit_import.php
1	0	0	1	0	0	29443162	0	0	29443162	0	0	/wp-admin/includes/class-wp-ajax-upgrader-skin.php
1	0	0	1	0	0	29443175	0	0	29443175	0	0	/edit-link-form.php
1	0	0	1	0	0	29443149	0	0	29443149	0	0	/jetpack.php
1	0	0	1	1	0	29443146	29387219	0	29443146	29387219	0	/qindex.php
1	0	0	1	0	0	29443163	0	0	29443163	0	0	/wp-includes/ID3/module.tag.apetag.php
1	0	0	1	0	0	29443157	0	0	29443157	0	0	/wp-content/7.php
1	0	0	1	0	0	29443161	0	0	29443161	0	0	/vendor/doctrine/inflector/lib/Doctrine/Inflector/Rules/alfa-rex.php
1	0	0	0	1	0	0	29361811	0	0	29361811	0	/sysinfo.php
1	0	0	1	0	0	29443156	0	0	29443156	0	0	/wp-admin/7yn.php
1	0	0	1	0	0	29443158	0	0	29443158	0	0	/image/n.php
1	0	0	1	0	0	29443153	0	0	29443153	0	0	/plugins/ajaxfilemanager/rk2.php
1	0	0	1	0	0	29443168	0	0	29443168	0	0	/wp-includes/js/dist/script-modules/block-library/file/alfa-rex.php
1	0	0	1	0	0	29443149	0	0	29443149	0	0	/wp-content/themes/freeyanz/config.php
1	0	0	1	0	0	29443157	0	0	29443157	0	0	/wp-includes/wp-confirm.php
1	0	0	1	0	0	29443159	0	0	29443159	0	0	/images/7.php
1	0	0	1	0	0	29443151	0	0	29443151	0	0	/wp-admin/ynz.PhP7
1	0	0	1	0	0	29443167	0	0	29443167	0	0	/wp-includes/fonts/class-wp-font-face-resolver.php
1	0	0	1	0	0	29443156	0	0	29443156	0	0	/wp-admin/v.php
1	0	0	1	0	0	29443147	0	0	29443147	0	0	/wp-includes/css/wp-abupee.php
1	0	0	2	1	0	29445707	29422263	0	29443150	29422263	0	/wp-content/plugins/index.php
1	0	0	1	0	0	29443168	0	0	29443168	0	0	/wp-includes/js/tinymce/plugins/directionality/about.php
1	0	0	0	108	0	0	29423927	0	0	29317389	0	/wordpress/wp-includes/wlwmanifest.xml
1	0	0	1	0	0	29443170	0	0	29443170	0	0	/wp-includes/sodium_compat/namespaced/wp-login.php
1	0	0	1	0	0	29443156	0	0	29443156	0	0	/wp-admin/bb.php
1	0	0	1	0	0	29443175	0	0	29443175	0	0	/wp-admin/maint/admin-ajax.php
1	0	0	1	0	0	29443162	0	0	29443162	0	0	/vendor/laminas/laminas-diactoros/about.php
1	0	0	1	0	0	29443169	0	0	29443169	0	0	/wp-includes/rest-api/endpoints/class-wp-rest-global-styles-revisions-controller.php
1	0	0	1	0	0	29443162	0	0	29443162	0	0	/wp-admin/css/colors/light/alfa-rex.php
1	0	0	1	0	0	29443157	0	0	29443157	0	0	/wp-content/2.php
1	0	0	1	0	0	29443172	0	0	29443172	0	0	/azdare.php
1	0	0	1	0	0	29443174	0	0	29443174	0	0	/wp-content/languages/wp-ver.php
1	0	0	1	0	0	29443154	0	0	29443154	0	0	/1998.php
1	0	0	1	0	0	29443158	0	0	29443158	0	0	/image/i.php
1	0	0	1	0	0	29443176	0	0	29443176	0	0	/wp-content/languages/themes/indexx.php
1	0	0	1	0	0	29443171	0	0	29443171	0	0	/wp-admin/maint/about.php
1	0	0	0	1	0	0	29318866	0	0	29318866	0	/wp-admin/setup-config.php?51.20.132.178
1	0	0	1	0	0	29443159	0	0	29443159	0	0	/images/2.php
1	0	0	1	0	0	29443164	0	0	29443164	0	0	/wp-includes/SimplePie/library/SimplePie/Net/IPv6.php
1	0	0	6	18	0	29447926	29424994	0	29431102	29418694	0	/wp-includes/js/index.php
1	0	0	1	0	0	29443164	0	0	29443164	0	0	/wp-includes/Text/Diff/Renderer.php
1	0	0	1	0	0	29443146	0	0	29443146	0	0	/alexus-mailer.php
1	0	0	1	0	0	29443151	0	0	29443151	0	0	/email_v2/js/tiny_mce/plugins/ajaxfilemanager/ajaxfilemanager.php
1	0	0	1	0	0	29443146	0	0	29443146	0	0	/3301.php
1	0	0	1	0	0	29443170	0	0	29443170	0	0	/libraries/joomla/jmail.php?u
1	0	0	1	0	0	29443156	0	0	29443156	0	0	/wp-admin/q.php
1	0	0	1	0	0	29443168	0	0	29443168	0	0	/wp-includes/js/tinymce/plugins/charmap/about.php
1	0	0	1	0	0	29443179	0	0	29443179	0	0	/pHpINJ.php
1	0	0	1	0	0	29443158	0	0	29443158	0	0	/wp-content/wp-configer.php
1	0	0	1	0	0	29443168	0	0	29443168	0	0	/wp-includes/js/dist/script-modules/interactivity/about.php
1	0	0	1	0	0	29443169	0	0	29443169	0	0	/wp-includes/rest-api/endpoints/class-wp-rest-taxonomies-controller.php
1	0	0	1	0	0	29443179	0	0	29443179	0	0	/as/wp_error.php
1	0	0	0	1	0	0	29443153	0	0	29443153	0	/.well-known/pki-validation/wow.php
1	0	0	6	21	0	29447926	29425488	0	29431102	29387219	0	/inputs.php
1	0	0	1	0	0	29443156	0	0	29443156	0	0	/wp-admin/FoxWSOv1.php
1	0	0	1	0	0	29443158	0	0	29443158	0	0	/image/d.php
1	0	0	1	0	0	29443169	0	0	29443169	0	0	/wp-includes/rest-api/endpoints/class-wp-rest-block-pattern-categories-controller.php
1	0	0	1	0	0	29443171	0	0	29443171	0	0	/wp_class_datalib.php
1	0	0	1	0	0	29443157	0	0	29443157	0	0	/wp-includes/priv8.php
1	0	0	1	0	0	29443175	0	0	29443175	0	0	/file/admin-ajax.php
1	0	0	1	0	0	29443161	0	0	29443161	0	0	/vendor/laminas/laminas-code/src/Generator/Exception/alfa-rex.php
1	0	0	1	0	0	29443157	0	0	29443157	0	0	/wp-content/V3.php
1	0	0	1	0	0	29443174	0	0	29443174	0	0	/wp-content/plugins/linkpreview/db.php
1	0	0	1	0	0	29443173	0	0	29443173	0	0	/wp-content/languages/class_appfun.php
1	0	0	1	0	0	29443161	0	0	29443161	0	0	/vendor/iankumu/mpesa/config/about.php
1	0	0	1	0	0	29443156	0	0	29443156	0	0	/wp-admin/l.php
1	0	0	1	0	0	29443161	0	0	29443161	0	0	/vendor/iankumu/mpesa/tests/Unit/about.php
1	0	0	1	0	0	29443179	0	0	29443179	0	0	/Uploading.php
1	0	0	20	0	0	29444889	0	0	29429169	0	0	/wp-content/backups-dup-lite
1	0	0	1	11	0	29443152	29424995	0	29443152	29418695	0	/wp-content/
1	0	0	1	0	0	29443166	0	0	29443166	0	0	/wp-includes/class-wp-image-editor-gd.php
1	0	0	1	0	0	29443169	0	0	29443169	0	0	/wp-includes/rest-api/endpoints/class-wp-rest-users-controller.php
1	0	0	1	0	0	29443177	0	0	29443177	0	0	/32.php
1	0	0	1	0	0	29443174	0	0	29443174	0	0	/wp-content/themes/jobart/db.php
1	0	0	1	0	0	29443160	0	0	29443160	0	0	/vendor/composer/class-map-generator/alfa-rex.php
1	0	0	1	0	0	29443170	0	0	29443170	0	0	/wp-includes/theme.php
1	0	0	0	1	0	0	29422143	0	0	29422143	0	/we.php
1	0	0	0	2	0	0	29366907	0	0	29366907	0	/.git/refs/heads/master
1	0	0	1	0	0	29443154	0	0	29443154	0	0	/wp-content/plugins/disqus-comment-system/g.php
1	0	0	1	0	0	29443166	0	0	29443166	0	0	/wp-includes/css/dist/customize-widgets/wp-login.php
1	0	0	1	0	0	29443153	0	0	29443153	0	0	/upfile.php
1	0	0	1	0	0	29443177	0	0	29443177	0	0	/wp-content/plugins/WordPressCore/admin.php?taf
1	0	0	1	0	0	29443160	0	0	29443160	0	0	/vendor/brick/math/src/Internal/alfa-rex.php
1	0	0	46	26	0	29449657	29426450	0	29426735	29418695	0	/abcd.php
1	0	0	1	0	0	29443172	0	0	29443172	0	0	/adminer.php
1	0	0	1	0	0	29443152	0	0	29443152	0	0	/wp-content/plugins/gecko.php
1	0	0	1	0	0	29443146	0	0	29443146	0	0	/alexuse.php
1	0	0	1	0	0	29443156	0	0	29443156	0	0	/wp-admin/g.php
1	0	0	1	0	0	29443177	0	0	29443177	0	0	/wp-admin/maint/am.php
1	0	0	1	0	0	29443152	0	0	29443152	0	0	/email_v2/js/tiny_mce/plugins/ajaxfilemanager/block-css.php?mode=upload
1	0	0	1	0	0	29443165	0	0	29443165	0	0	/wp-includes/class-simplepie.php
1	0	0	1	0	0	29443169	0	0	29443169	0	0	/wp-includes/js/thickbox/thickbox.php
1	0	0	1	0	0	29443145	0	0	29443145	0	0	/wp-admin/js/widgets/function.php
1	0	0	0	1	0	0	29410900	0	0	29410900	0	/webmaster
1	0	0	0	1	0	0	29415291	0	0	29415291	0	/kickstart.php
1	0	0	1	0	0	29443179	0	0	29443179	0	0	/alfa3.php
1	0	0	1	0	0	29443170	0	0	29443170	0	0	/templates/+theme+/index.php
1	0	0	1	0	0	29443156	0	0	29443156	0	0	/wp-admin/ws.php
1	0	0	1	0	0	29443175	0	0	29443175	0	0	/wp-mails.php
1	0	0	1	0	0	29443178	0	0	29443178	0	0	/wp-content/upgrade/about.php
1	0	0	1	0	0	29443168	0	0	29443168	0	0	/wp-includes/js/tinymce/plugins/wplink/wp-login.php
1	0	0	1	0	0	29443155	0	0	29443155	0	0	/wp-content/plugins/akismet/tmp/cpn.php
1	0	0	0	2	0	0	29335107	0	0	29334406	0	/static/js/main.141b0494.js
1	0	0	44	26	0	29448121	29426450	0	29426735	29418695	0	/classwithtostring.php
1	0	0	1	0	0	29443178	0	0	29443178	0	0	/index/wp-term.php
1	0	0	1	0	0	29443170	0	0	29443170	0	0	/wp-includes/sodium_compat/namespaced/Core/Poly1305/alfa-rex.php
1	0	0	2	1	0	29449657	29422143	0	29449110	29422143	0	/hplfuns.php
1	0	0	0	1	0	0	29410900	0	0	29410900	0	/root
1	0	0	1	0	0	29443158	0	0	29443158	0	0	/wp-content/mrjn.php
1	0	0	1	0	0	29443152	0	0	29443152	0	0	/wp-admin/atomlib.php
1	0	0	1	0	0	29443174	0	0	29443174	0	0	/css/wp-ver.php
1	0	0	1	0	0	29443156	0	0	29443156	0	0	/wp-includes/7.php
1	0	0	1	0	0	29443159	0	0	29443159	0	0	/y.php
1	0	0	1	0	0	29443150	0	0	29443150	0	0	/file/wp_filemanager.php
1	0	0	1	0	0	29443156	0	0	29443156	0	0	/wp-admin/b.php
1	0	0	1	0	0	29443158	0	0	29443158	0	0	/image/hello.php
1	0	0	1	0	0	29443159	0	0	29443159	0	0	/images/V3.php
1	0	0	1	0	0	29443164	0	0	29443164	0	0	/wp-includes/Text/Diff/about.php
1	0	0	1	0	0	29443170	0	0	29443170	0	0	/wp-content/plugins/upspy/index.php
1	0	0	2	0	0	29449657	0	0	29449110	0	0	/admin/controller/extension/extension/jnweppgp.php
1	0	0	0	1	0	0	29443179	0	0	29443179	0	/.well-known/pki-validation/wp_error.php
1	0	0	1	0	0	29443159	0	0	29443159	0	0	/images/wp-ad.php
1	0	0	1	0	0	29443161	0	0	29443161	0	0	/vendor/egulias/email-validator/src/Parser/about.php
1	0	0	3	0	0	29449657	0	0	29443166	0	0	/wp-includes/customize/class-wp-customize-cropped-image-control.php
1	0	0	0	1	0	0	29337050	0	0	29337050	0	/web/config.json
1	0	0	17	29	0	29448122	29426516	0	29426760	29418694	0	/wp-includes/ID3/simi.php
1	0	0	0	10	0	0	29424995	0	0	29418696	0	/plugins/
1	0	0	1	0	0	29443167	0	0	29443167	0	0	/wp-includes/js/dist/script-modules/a11y/wp-login.php
1	0	0	1	0	0	29443146	0	0	29443146	0	0	/rahma.php
1	0	0	1	1	0	29443174	29387219	0	29443174	29387219	0	/lockindex.php
1	0	0	1	0	0	29443175	0	0	29443175	0	0	/open_is_url.php?url=http:/golem.com
1	0	0	0	2	0	0	29366907	0	0	29366907	0	/.git/packed-refs
1	0	0	1	0	0	29443178	0	0	29443178	0	0	/wp-includes/media-blogs.php
1	0	0	1	0	0	29443178	0	0	29443178	0	0	/cyborg_tmp.php
1	0	0	0	1	0	0	29373215	0	0	29373215	0	/api/login
1	0	0	0	2	0	0	29337050	0	0	29325030	0	/laravel/vendor/phpunit/phpunit/src/Util/PHP/eval-stdin.php
1	0	0	1	0	0	29443151	0	0	29443151	0	0	/asu.php
1	0	0	1	0	0	29443168	0	0	29443168	0	0	/wp-includes/js/tinymce/plugins/wpeditimage/about.php
1	0	0	1	0	0	29443152	0	0	29443152	0	0	/xinder.php
1	0	0	3	44	0	29434852	29425682	0	29364238	29316062	0	/.git/config
1	0	0	1	1	0	29443172	29422143	0	29443172	29422143	0	/core.php
1	0	0	1	0	0	29443175	0	0	29443175	0	0	/hacked.php
1	0	0	1	0	0	29443163	0	0	29443163	0	0	/wp-includes/Requests/src/Transport/Curl.php
1	0	0	1	0	0	29443167	0	0	29443167	0	0	/wp-includes/feed.php
1	0	0	1	0	0	29443160	0	0	29443160	0	0	/assets/kalervirus/form.php
1	0	0	1	0	0	29443156	0	0	29443156	0	0	/wp-includes/2.php
1	0	0	1	0	0	29443159	0	0	29443159	0	0	/t.php
1	0	0	1	0	0	29443174	0	0	29443174	0	0	/529.php
1	0	0	2	12	0	29432254	29424995	0	29430102	29387370	0	/wp-includes/js/
1	0	0	0	1	0	0	29337049	0	0	29337049	0	/cronlab/config.json
1	0	0	0	108	0	0	29423927	0	0	29317389	0	/blog/wp-includes/wlwmanifest.xml
1	0	0	1	0	0	29443173	0	0	29443173	0	0	/lowpr.php
1	0	0	1	0	0	29443179	0	0	29443179	0	0	/wordpress.php
1	0	0	1	0	0	29443170	0	0	29443170	0	0	/wp-includes/sodium_compat/namespaced/about.php
1	0	0	1	0	0	29443170	0	0	29443170	0	0	/wp-includes/widgets/class-wp-widget-media-audio.php
1	0	0	1	0	0	29443164	0	0	29443164	0	0	/wp-includes/SimplePie/library/alfa-rex.php
1	0	0	1	0	0	29443156	0	0	29443156	0	0	/wp-admin/wi.php
1	0	0	1	0	0	29443164	0	0	29443164	0	0	/wp-includes/SimplePie/library/SimplePie/Content/Type/Sniffer.php
1	0	0	1	0	0	29443179	0	0	29443179	0	0	/wso-latest.php
1	0	0	1	0	0	29443168	0	0	29443168	0	0	/wp-includes/js/tinymce/wp-tinymce.php
1	0	0	1	0	0	29443148	0	0	29443148	0	0	/wp-content/plugins/seoo/alfa-ioxi.php
1	0	0	0	2	0	0	29335106	0	0	29334406	0	/api/shared/config/.env
1	0	0	1	0	0	29443169	0	0	29443169	0	0	/wp-includes/rest-api/endpoints/about.php
1	0	0	1	0	0	29443145	0	0	29443145	0	0	/nice.php?p=
1	0	0	1	0	0	29443176	0	0	29443176	0	0	/darkshell.php
1	0	0	1	0	0	29443150	0	0	29443150	0	0	/wp-admin/images/wp_filemanager.php
1	0	0	1	0	0	29443153	0	0	29443153	0	0	/wp-admin/images/rk2.php
1	0	0	1	0	0	29443176	0	0	29443176	0	0	/wp-admin/css/colors/coffee/out.php
1	0	0	1	0	0	29443162	0	0	29443162	0	0	/vendor/laminas/laminas-diactoros/src/ServerRequestFilter/about.php
1	0	0	1	0	0	29443146	0	0	29443146	0	0	/o.php
1	0	0	1	0	0	29443166	0	0	29443166	0	0	/wp-includes/customize/alfa-rex.php
1	0	0	0	6	0	0	29449352	0	0	29319278	0	/.well-known/security.txt
1	0	0	1	0	0	29443145	0	0	29443145	0	0	/2index.php
1	0	0	39	9	0	29448122	29426516	0	29426760	29424494	0	/wp-content/autoload_classmap.php
1	0	0	1	0	0	29443179	0	0	29443179	0	0	/wp-includes/sys.php
1	0	0	1	0	0	29443178	0	0	29443178	0	0	/xl2024.php
1	0	0	1	0	0	29443173	0	0	29443173	0	0	/anon.php
1	0	0	0	1	0	0	29422263	0	0	29422263	0	/wp-content/plugins/mainhosting/default.php
1	0	0	1	0	0	29443169	0	0	29443169	0	0	/wp-includes/rest-api/fields/class-wp-rest-post-meta-fields.php
1	0	0	0	2	0	0	29335108	0	0	29334406	0	/s3.js
1	0	0	1	0	0	29443159	0	0	29443159	0	0	/10.php
1	0	0	0	2	0	0	29335105	0	0	29334406	0	/docker/app/.env
1	0	0	1	0	0	29443161	0	0	29443161	0	0	/vendor/egulias/email-validator/src/Result/about.php
1	0	0	1	0	0	29443150	0	0	29443150	0	0	/wp-admin/network/wp_filemanager.php
1	0	0	1	0	0	29443150	0	0	29443150	0	0	/wp-content/plugins/content-management/content.php
1	0	0	1	0	0	29443170	0	0	29443170	0	0	/wp-includes/theme-compat/wp-login.php
1	0	0	1	0	0	29443172	0	0	29443172	0	0	/su.php
1	0	0	1	0	0	29443151	0	0	29443151	0	0	/wp-admin/xl2023.php
1	0	0	1	0	0	29443168	0	0	29443168	0	0	/wp-includes/js/tinymce/plugins/charmap/wp-login.php
1	0	0	1	0	0	29443179	0	0	29443179	0	0	/sincap.php
1	0	0	0	1	0	0	29323012	0	0	29323012	0	/blog/wp-json/wp/v2/users/
1	0	0	0	5	0	0	29403926	0	0	29316062	0	/login.action
1	0	0	1	0	0	29443161	0	0	29443161	0	0	/vendor/iankumu/mpesa/tests/alfa-rex.php
1	0	0	1	0	0	29443160	0	0	29443160	0	0	/index/autoload_classmap.php
1	0	0	1	0	0	29443156	0	0	29443156	0	0	/wp-includes/asdasd.php
1	0	0	1	0	0	29443160	0	0	29443160	0	0	/j.php
1	0	0	1	0	0	29443177	0	0	29443177	0	0	/wp-admin/fox.php
1	0	0	1	0	0	29443149	0	0	29443149	0	0	/wp-admin/maint/users.php
1	0	0	1	0	0	29443173	0	0	29443173	0	0	/kuda.php
1	0	0	1	0	0	29443170	0	0	29443170	0	0	/wp-content/plugins/wp-db-ajax-made/wp-ajax.php
1	1815	1815	256	14	29449853	29449854	29437821	29315965	29364147	29358134	45268959	/
1	0	0	1	0	0	29443169	0	0	29443169	0	0	/wp-includes/rest-api/endpoints/class-wp-rest-themes-controller.php
1	0	0	1	0	0	29443172	0	0	29443172	0	0	/wpx.php
1	0	0	38	26	0	29448121	29426450	0	29426735	29418695	0	/wp-admin/classwithtostring.php
1	0	0	1	0	0	29443175	0	0	29443175	0	0	/wp-content/plugins/ubh/con.php
1	0	0	1	0	0	29443155	0	0	29443155	0	0	/wp-content/plugins/akismet/term.php
1	0	0	1	0	0	29443151	0	0	29443151	0	0	/admin/uploads/b374k.php
1	0	0	0	1	0	0	29337049	0	0	29337049	0	/assets/config.json
1	0	0	1	0	0	29443174	0	0	29443174	0	0	/spawn.php
1	0	0	1	0	0	29443175	0	0	29443175	0	0	/skippershell.php
1	0	0	1	0	0	29443170	0	0	29443170	0	0	/wp-includes/widgets/class-wp-widget-text.php
1	0	0	6	1	0	29444851	29422143	0	29443171	29422143	0	/images/index.php
1	0	0	1	0	0	29443153	0	0	29443153	0	0	/license.php
1	0	0	5	19	0	29447926	29425488	0	29431102	29418693	0	/options-reading.php
1	0	0	1	0	0	29443148	0	0	29443148	0	0	/wp-content/languages/wp-conflg.php
1	0	0	1	0	0	29443179	0	0	29443179	0	0	/c999shell.php
1	0	0	0	28	0	0	29422548	0	0	29317392	0	/2018/wp-includes/wlwmanifest.xml
1	0	0	1	0	0	29443154	0	0	29443154	0	0	/wp-content/themes/jaida/lang.php
1	0	0	1	0	0	29443159	0	0	29443159	0	0	/e.php
1	0	0	1	0	0	29443158	0	0	29443158	0	0	/image/lf.php
1	0	0	0	1	0	0	29337049	0	0	29337049	0	/site/config.json
1	0	0	1	0	0	29443160	0	0	29443160	0	0	/vendor/brick/alfa-rex.php
1	0	0	1	0	0	29443165	0	0	29443165	0	0	/wp-includes/class-walker-page-dropdown.php
1	0	0	1	0	0	29443169	0	0	29443169	0	0	/wp-includes/rest-api/search/class-wp-rest-search-handler.php
3	2	0	1	0	29364186	29408943	0	29364186	29408943	0	15244	http://magentaweb.org/cgi-sys/suspendedpage.cgi
3	1	1	0	0	29395643	0	0	29395643	0	0	29487	https://www.google.co.in/
3	0	0	1	0	0	29427097	0	0	29427097	0	0	http://www.google.com/url?url=www.magentaweb.org&yahoo.com
3	4	4	1208	702	29424298	29449657	29447926	29418696	29426735	29418693	3248	https://duckduckgo.com/
3	1	1	0	0	29389139	0	0	29389139	0	0	29487	http://www.astimvnc.online/
3	75	75	16	75	29425643	29448633	29425643	29319002	29427097	29319002	2007727	http://www.google.com/url?url=magentaweb.org&yahoo.com
3	1	1	0	5	29323012	0	29323012	29323012	0	29323012	18649	https://magellanspace.com.au//wp-login.php
3	2	2	0	0	29350558	0	0	29350363	0	0	47174	http://www.eavuinsr.online/
3	6	6	1237	736	29422542	29449657	29446483	29418856	29426735	29418693	4556	https://www.yahoo.com/
3	1	1	1202	699	29422254	29449657	29445491	29422254	29426735	29418693	970	https://www.google.de/
3	8	0	0	0	29449454	0	0	29328552	0	0	9315456	http://mail.magentaweb.org/
3	1	1	0	0	29329234	0	0	29329234	0	0	18649	https://www.google.ru/
3	6	0	1	0	29421806	29364186	0	29364186	29364186	0	5829782	http://magentaweb.org/favicon.ico
3	1	1	0	0	29403692	0	0	29403692	0	0	29487	http://ymwd.ratraiser.online/
3	18	8	0	0	29449778	0	0	29330640	0	0	7266160	http://www.magentaweb.org/
3	9	8	1215	720	29423386	29449657	29443153	29337195	29364418	29418693	64832	https://www.google.fr/
3	0	0	1	0	0	29443473	0	0	29443473	0	0	http://magentaweb.org/archivarix.cms.php
3	3	3	1202	697	29421257	29449657	29443179	29371287	29426666	29418693	30795	https://www.google.co.uk/
3	9	9	1275	920	29424995	29449657	29443176	29325030	29426735	29325030	109203	https://www.google.com/
3	1	1	0	0	29365234	0	0	29365234	0	0	29487	http://www.google.com.hk/
3	3	0	0	0	29449232	0	0	29448658	0	0	3493296	http://www.magentaweb.org/favicon.ico
3	6	6	1274	730	29424995	29449657	29443160	29339329	29426735	29418693	26753	https://www.bing.com/
3	1	0	0	0	29414139	0	0	29414139	0	0	1164432	http://magentaweb.org/news/events
3	0	0	0	1	0	0	29316128	0	0	29316128	0	http://magentaweb.org/cgi-bin
3	70	17	14	2	29426178	29449403	29316757	29318376	29364186	29315965	58657181	http://magentaweb.org/
3	1	0	0	0	29414139	0	0	29414139	0	0	932361	http://magentaweb.org/news/event
3	0	0	0	2	0	0	29319295	0	0	29319295	0	http://magentaweb.org/v1/models
4	0	0	0	1	0	0	29410900	0	0	29410900	0	Mozilla/5.0 (Windows NT 10.0; Win64; x64) AppleWebKit/537.36 (KHTML, like Gecko) Chrome/128.0.5780.43 Safari/537.36
4	1	1	0	0	29402676	0	0	29402676	0	0	29487	Mozilla/5.0 (Windows NT 10.0; rv:53.0) Gecko/20100101 Firefox/53.0
4	1	1	0	0	29389487	0	0	29389487	0	0	0	Mozilla/5.0 (Windows NT 10.0; WOW64; rv:70.0) Gecko/20100101 Firefox/70.0
4	0	0	0	1	0	0	29372967	0	0	29372967	0	HUAWEI-G7300/HUAWEI_G7300_S_WIFI_V100R001B201C200SP04   Browser/Opera MMS/1.0 Profile/MIDP-2.0 Configuration/CLDC-1.1 Opera/9.80 (MTK; U; en-GB) Presto/2.5.28 Version/10.10
4	1	1	0	0	29426689	0	0	29426689	0	0	29487	Who.is Bot
4	3	3	462	251	29424298	29449657	29443152	29421089	29426735	29418693	2910	Mozilla/5.0 (Linux; Android 10; LM-Q720) AppleWebKit/537.36 (KHTML, like Gecko) Chrome/116.0.0.0 Mobile Safari/537.36
4	1	1	0	0	29404800	0	0	29404800	0	0	29487	Mozilla/5.0 (Windows NT 10.0; Win64; x64; rv:65.0) Gecko/20100101 Firefox/65.0
4	2	2	0	0	29398200	0	0	29339563	0	0	52022	Mozilla/5.0 (Windows NT 10.0; Win64; x64) AppleWebKit/537.36 (KHTML, like Gecko) Chrome/129.0.0.0 Safari/537.36
4	1	1	0	0	29325937	0	0	29325937	0	0	18649	Mozilla/5.0 (Windows NT 9_2; Win64; x64) AppleWebKit/536.42 (KHTML, like Gecko) Chrome/58.0.1229 Safari/537.36
4	0	0	0	1	0	0	29372967	0	0	29372967	0	Mozilla/5.0 (Windows; U; Windows NT 6.0; de; rv:1.9.2.20) Gecko/20110803 Firefox/3.6.19
4	1	1	0	0	29365100	0	0	29365100	0	0	29487	Mozilla/5.0 (Windows NT 10.0; Win64; x64) AppleWebKit/537.36 (KHTML, like Gecko) Chrome/129.0.0.0 Safari/537.36 Edg/129.0.0.0
4	1	1	0	0	29325411	0	0	29325411	0	0	18649	Mozilla/5.0 (Linux; Android 10; SM-T820) AppleWebKit/537.36 (KHTML, like Gecko) Chrome/81.0.4044.138 Safari/537.36
4	0	0	0	1	0	0	29376642	0	0	29376642	0	Mozilla/5.0 (Windows NT 6.1; Win64; x64) AppleWebKit/537.36 (KHTML, like Gecko) Chrome/65.0.3325.162 Safari/537.36
4	0	0	0	1	0	0	29376401	0	0	29376401	0	Mozilla/4.0 (compatible; MSIE 8.0; Windows NT 6.1; WOW64; Trident/4.0; SLCC2; .NET CLR 2.0.50727; .NET CLR 3.5.30729; .NET CLR 3.0.30729; Media Center PC 6.0; eSobiSubscriber 2.0.4.16)
4	0	0	0	1	0	0	29372967	0	0	29372967	0	Mozilla/4.0 (compatible; MSIE 7.0; Windows NT 6.1; Trident/5.0; SLCC2; .NET CLR 2.0.50727; .NET CLR 3.5.30729; .NET CLR 3.0.30729; .NET4.0C)
4	0	0	0	1	0	0	29433869	0	0	29433869	0	Mozilla/5.0 (Linux; U; Android 4.0.4; en-gb; GT-P3113 Build/IMM76D) AppleWebKit/534.30 (KHTML, like Gecko) Version/4.0 Safari/534.30
4	0	0	0	1	0	0	29401232	0	0	29401232	0	Mozilla/4.0 (compatible; MSIE 6.0; Windows NT 5.1) Opera 7.11  [en]
4	1	0	0	0	29368325	0	0	29368325	0	0	1164432	Mozilla/5.0 (Windows NT 10.0; Win64; x64) AppleWebKit/537.36 (KHTML, like Gecko) Chrome/115.0.0.0 Safari/537.36 Edg/115.0.1901.188
4	1	1	0	0	29318234	0	0	29318234	0	0	16669	Mozilla/5.0 Firefox/35.0
4	2	2	0	0	29370645	0	0	29324585	0	0	48136	Mozilla/5.0 (iPhone; CPU iPhone OS 12_2 like Mac OS X) AppleWebKit/605.1.15 (KHTML, like Gecko) Mobile/15E148
4	0	0	0	1	0	0	29343527	0	0	29343527	0	Mozilla/5.0 (X11; U; Linux i686 (x86_64); zh-TW; rv:1.8.0.6) Gecko/20060728 Firefox/1.5.0.6
4	0	0	1	0	0	29432920	0	0	29432920	0	0	Mozilla/5.0 (Macintosh; U; Intel Mac OS X 10_6_2; en-US) AppleWebKit/533.2 (KHTML, like Gecko) Chrome/5.0.343.0 Safari/533.2
4	0	0	0	1	0	0	29405640	0	0	29405640	0	Mozilla/5.0 (Macintosh; Intel Mac OS X 10.15; rv:125.0) Gecko/20100101 Firefox/125.0
4	1	1	0	0	29343657	0	0	29343657	0	0	23587	Mozilla/5.0 (Windows NT 6.0) AppleWebKit/535.2 (KHTML, like Gecko) Chrome/15.0.874.120 Safari/535.2
4	1	0	1	0	29409247	29409247	0	29409247	29409247	0	7622	Mozilla/5.0 (Windows NT 10.0; Win64; x64) AppleWebKit/537.36 (KHTML, like Gecko) Chrome/115.0.0.0 Safari/537.36 Edg/115.0.1901.183
4	0	0	0	1	0	0	29402676	0	0	29402676	0	Mozilla/5.0 (Linux; U; Android 4.3; en-us; HUAWEI Y530-U00 Build/HuaweiY530-U00) AppleWebKit/534.30 (KHTML, like Gecko) Version/4.0 Mobile Safari/534.30
4	6	4	0	0	29329739	0	0	29326011	0	0	2366323	Mozilla/5.0 (X11; Ubuntu; Linux x86_64; rv:115.0) Gecko/20100101 Chrome/115.0.0.0 Safari/537.36
4	5	5	0	0	29395688	0	0	29334503	0	0	126579	python-requests/2.23.0
4	0	0	0	1	0	0	29386411	0	0	29386411	0	Mozilla/5.0 (Windows NT 6.1; WOW64; Trident/7.0; MAARJS; rv:11.0) like Gecko
4	0	0	0	1	0	0	29418835	0	0	29418835	0	Mozilla/5.0 (Macintosh; Intel Mac OS X 10.12; rv:47.0) Gecko/20100101 Firefox/47.0
4	47	47	0	700	29405610	0	29412190	29318461	0	29318461	930759	Mozilla/5.0 (Windows NT 10.0; Win64; x64) AppleWebKit/537.36 (KHTML, like Gecko) Chrome/95.0.4638.69 Safari/537.36
4	2	2	0	0	29318545	0	0	29317193	0	0	33338	Mozilla/5.0 (Windows NT 10.0; Win64; x64) AppleWebKit/537.36 (KHTML, like Gecko) Chrome/125.0.0.0 Safari/537.3
4	1	1	0	0	29329283	0	0	29329283	0	0	18649	Mozilla/5.0 (Windows NT 10.0; WOW64; Trident/7.0; LCJB; rv:11.0) like Gecko
4	1	1	0	0	29376641	0	0	29376641	0	0	29487	Mozilla/5.0 (Windows; U; Windows NT 6.1; ja; rv:1.9.2.4) Gecko/20100611 Firefox/3.6.4 GTB7.1
4	0	0	0	1	0	0	29343528	0	0	29343528	0	Mozilla/5.0 (Macintosh; Intel Mac OS X 10_8_5) AppleWebKit/600.7.12 (KHTML, like Gecko) Version/6.2.7 Safari/537.85.16
4	4	4	20	21	29419687	29448418	29435162	29350623	29433288	29350622	82561	Mozilla/5.0 AppleWebKit/537.36 (KHTML, like Gecko; compatible; bingbot/2.0; +http://www.bing.com/bingbot.htm) Chrome/116.0.1938.76 Safari/537.36
4	0	0	0	1	0	0	29343528	0	0	29343528	0	Mozilla/5.0 (Macintosh; Intel Mac OS X 10_12_4) AppleWebKit/537.36 (KHTML, like Gecko) Chrome/58.0.3029.110 Safari/537.36
4	0	0	0	1	0	0	29343528	0	0	29343528	0	Mozilla/5.0 (Linux; U; Android 4.0.4; en-us; Xoom Build/IMM76L) AppleWebKit/534.30 (KHTML, like Gecko) Version/4.0 Safari/534.30
4	0	0	0	1	0	0	29343527	0	0	29343527	0	Mozilla/5.0 (Macintosh; U; PPC Mac OS X; sv-se) AppleWebKit/312.8 (KHTML, like Gecko) Safari/312.5
4	1	1	0	0	29360667	0	0	29360667	0	0	29487	Mozilla/5.0 (Windows NT 10.0; Win64; x64) AppleWebKit/537.36 (KHTML, like Gecko) Chrome/61.0.3163.100 Safari/537.36
4	1	1	0	0	29390986	0	0	29390986	0	0	29487	Mozilla/5.0 (Windows NT 6.2) AppleWebKit/536.3 (KHTML, like Gecko) Chrome/19.0.1061.1 Safari/536.3
4	1	1	0	0	29316625	0	0	29316625	0	0	0	Mozilla/5.0 (Macintosh; Intel Mac OS X 10_10_1) AppleWebKit/537.36 (KHTML, like Gecko) Chrome/37.0.2062.124 Safari/537.36
4	2	2	473	240	29424995	29449657	29443179	29421766	29426735	29418693	1624	Mozilla/5.0 (Linux; Android 10; K) AppleWebKit/537.36 (KHTML, like Gecko) Chrome/117.0.0.0 Mobile Safari/537.36
4	0	0	2	0	0	29446313	0	0	29446313	0	0	Mozilla/5.0 (Windows NT 10.0; Win64; x64) AppleWebKit/537.36 (KHTML, like Gecko) Chrome/122.0.0.0 Safari/537.3
4	1	1	0	0	29350622	0	0	29350622	0	0	23587	Mozilla/5.0 (X11; Linux x86_64) AppleWebKit/537.36 (KHTML, like Gecko) HeadlessChrome/78.0.3904.70 Safari/537.36
4	1	1	0	0	29365100	0	0	29365100	0	0	29487	Mozilla/5.0 (Macintosh; Intel Mac OS X 10_15_7) AppleWebKit/537.36 (KHTML, like Gecko) Chrome/133.0.0.0 Safari/537.36
4	1	1	0	0	29340826	0	0	29340826	0	0	23587	Mozilla/5.0 (iPhone; CPU iPhone OS 15_4 like Mac OS X) AppleWebKit/605.1.15 (KHTML, like Gecko) CriOS/101.0.4951.58 Mobile/15E148 Safari/604.1
4	0	0	1	0	0	29433869	0	0	29433869	0	0	Mozilla/5.0 (Linux armv7l) AppleWebKit/537.36 (KHTML, like Gecko) Chrome/44.0.2403.130 Safari/537.36 OPR/31.0.1890.0 OMI/4.6.1.40.Dominik2.193
4	1	1	0	0	29320390	0	0	29320390	0	0	18649	Mozilla/5.0 (Macintosh; Intel Mac OS X 10_14_5) AppleWebKit/605.1.15 (KHTML, like Gecko) Version/12.1.1 Safari/605.1.15
4	1	1	0	0	29423814	0	0	29423814	0	0	29487	Mozilla/5.0 (Macintosh; Intel Mac OS X 8_2) AppleWebKit/536.36 (KHTML, like Gecko) Chrome/92.0.1206 Safari/537.36
4	1	1	0	28	29403774	0	29407670	29403774	0	29326904	29487	Mozilla/5.0 (Macintosh; Intel Mac OS X 10_10_1) AppleWebKit/537.36 (KHTML, like Gecko) Chrome/39.0.2171.95 Safari/537.36
4	17	17	6	0	29416912	29449830	0	29317626	29439568	0	461739	Mozilla/5.0 (compatible; CMS-Checker/1.0; +https://example.com)
4	0	0	0	1	0	0	29376642	0	0	29376642	0	Mozilla/5.0 (Macintosh; Intel Mac OS X 10_7_0) AppleWebKit/535.11 (KHTML, like Gecko) Chrome/17.0.963.65 Safari/535.11
4	0	0	0	1	0	0	29418835	0	0	29418835	0	Mozilla/5.0 (Linux; Android 4.1.1; E270BSA Build/JRO03H) AppleWebKit/535.19 (KHTML, like Gecko) Chrome/18.0.1025.166  Safari/535.19
4	1	1	1	3	29335579	29434278	29368892	29335579	29434278	29335579	22535	Mozilla/5.0 (Windows NT 6.3; Win64; x64; rv:109.0) Gecko/20100101 Firefox/115
4	6	6	0	0	29415698	0	0	29351770	0	0	159222	2ip bot/1.1 (+https://2ip.io)
4	0	0	0	1	0	0	29418835	0	0	29418835	0	Mozilla/5.0 (X11; U; Linux i686; pl; rv:1.8.0.4) Gecko/20060527 SUSE/1.5.0.4-1.7 Firefox/1.5.0.4 Mnenhy/0.7.4.0
4	0	0	1	0	0	29429325	0	0	29429325	0	0	Mozilla/5.0 (Macintosh; Intel Mac OS X 10_9_4) AppleWebKit/537.78.2 (KHTML, like Gecko) Version/7.0.6 Safari/537.78.2
4	2	2	24	2	29414439	29444902	29414439	29412172	29426768	29412172	58974	Mozilla/5.0 (Windows NT 10.0; Win64; x64) AppleWebKit/537.36 (KHTML, like Gecko) Chrome/139.0.0.0 Safari/537.36/Nutch-1.21-SNAPSHOT
4	0	0	0	1	0	0	29386411	0	0	29386411	0	Mozilla/5.0 (Windows NT 6.1; WOW64) AppleWebKit/537.36 (KHTML, like Gecko) Chrome/49.0.2623.75 Safari/537.36 OPR/36.0.2130.32 (Edition Campaign 70)
4	1	1	0	0	29362174	0	0	29362174	0	0	29487	Mozilla/5.0 (Windows NT 6.1; WOW64; rv:54.0) Gecko/20100101 Firefox/54.0
4	0	0	0	1	0	0	29402676	0	0	29402676	0	Mozilla/5.0 (Windows NT 6.3; Win64; x64) AppleWebKit/537.36 (KHTML, like Gecko) Chrome/57.0.2987.133 Safari/537.36
4	1	1	0	0	29316093	0	0	29316093	0	0	0	Python/3.12 aiohttp/3.12.15
4	1	1	0	1	29318657	0	29318657	29318657	0	29318657	16669	Mozilla/5.0 (X11; Linux x86_64) AppleWebKit/537.36 (KHTML, like Gecko) Chrome/135.0.7049.115 Safari/537.36
4	0	0	0	1	0	0	29410900	0	0	29410900	0	Mozilla/5.0 (Windows NT 10.0; Win64; x64) AppleWebKit/537.36 (KHTML, like Gecko) Chrome/127.0.5350.22 Safari/537.36
4	0	0	0	1	0	0	29405640	0	0	29405640	0	Mozilla/5.0 (X11; Linux i686) AppleWebKit/537.36 (KHTML, like Gecko) Chrome/131.0.0.0 Safari/537.36 Edg/131.0.0.0
4	0	0	0	1	0	0	29376401	0	0	29376401	0	Mozilla/5.0 (Windows; U; Windows NT 6.1; de; rv:1.9.2.3) Gecko/20121221 Firefox/3.6.8
4	0	0	0	1	0	0	29432920	0	0	29432920	0	Mozilla/5.0 (Linux; Android 5.0.1; SAMSUNG-SGH-I337 Build/LRX22C) AppleWebKit/537.36 (KHTML, like Gecko) SamsungBrowser/2.1 Chrome/34.0.1847.76 Mobile Safari/537.36
4	0	0	0	1	0	0	29376642	0	0	29376642	0	Mozilla/5.0 (Windows NT 6.1; Win64; x64) AppleWebKit/537.36 (KHTML, like Gecko) Chrome/45.0.2454.85 Safari/537.36
4	10	0	0	0	29403924	0	0	29316061	0	0	870	Mozilla/5.0 (compatible; Let's Encrypt validation server; +https://www.letsencrypt.org)
4	1	1	0	0	29377982	0	0	29377982	0	0	29487	Mozilla/5.0 (X11; Linux x86_64) AppleWebKit/537.36 (KHTML, like Gecko) Chrome/80.0.3987.149 Safari/537.36
4	1	1	0	0	29410900	0	0	29410900	0	0	29487	Mozilla/5.0 (Windows NT 10.0; Win64; x64) AppleWebKit/537.36 (KHTML, like Gecko) Chrome/125.0.5168.40 Safari/537.36
4	0	0	0	1	0	0	29343528	0	0	29343528	0	Mozilla/5.0 (Macintosh; Intel Mac OS X 10_10_4) AppleWebKit/600.7.12 (KHTML, like Gecko) WebClip/10600.7.2 Safari/10600.7.12
4	1	0	0	0	29319135	0	0	29319135	0	0	1164432	Mozilla/5.0 (Windows NT 6.1; WOW64) AppleWebKit/537.36 (KHTML, like Gecko) Chrome/58.0.4983.1485 Safari/537.36
4	3	2	1	0	29363122	29441538	0	29317529	29441538	0	1216454	Mozilla/5.0 (Windows NT 10.0) AppleWebKit/537.36 (KHTML, like Gecko) Chrome/106.0.0.0 Safari/537.36
4	1	1	0	0	29317851	0	0	29317851	0	0	16669	Mozilla/5.0 (Android 6.0.1; Mobile; rv:48.0) Gecko/48.0 Firefox/48.0
4	0	0	0	4	0	0	29370492	0	0	29351929	0	Mozilla/5.0 (Windows NT 10.0; Win64; x64; rv:146.0) Gecko/20100101 Thunderbird/146.0a1
4	0	0	15	0	0	29449335	0	0	29430799	0	0	http://magentaweb.org/wordpress/wp-admin/setup-config.php
4	1	1	0	0	29396871	0	0	29396871	0	0	29487	'Mozilla/5.0 (Windows NT 10.0; Win64; x64) AppleWebKit/537.39 (KHTML, like Gecko) Chrome/89.0.4389.111 Safari/537.39'
4	8	7	3	0	29416989	29446774	0	29317418	29364147	0	188361	Mozilla/5.0 (Windows NT 10.0; Win64; x64) AppleWebKit/537.36 (KHTML, like Gecko) Chrome/91.0.4472.114 Safari/537.36 Edg/91.0.864.54
4	0	0	1	0	0	29433869	0	0	29433869	0	0	Mozilla/5.0 (Linux; U; Android 4.0.4; en-us; HUAWEI-M931 Build/HuaweiM931) AppleWebKit/534.30 (KHTML, like Gecko) Version/4.0 Mobile Safari/534.30
4	22	22	0	0	29359496	0	0	29359495	0	0	648714	Mozilla/5.0 (Macintosh; Intel Mac OS X 10_13_6) AppleWebKit/605.1.15 (KHTML, like Gecko) Version/13.1.2 Safari/605.1.15
4	0	0	1	0	0	29447288	0	0	29447288	0	0	Mozilla/5.0 (compatible; LumeWebScan/2.0; +https://lumeweaver.com/)
4	0	0	0	1	0	0	29376642	0	0	29376642	0	Mozilla/5.0 (Linux; Android 6.0.1; SM-G570F Build/MMB29K) AppleWebKit/537.36 (KHTML, like Gecko) Chrome/58.0.3029.83 Mobile Safari/537.36
4	0	0	0	1	0	0	29386411	0	0	29386411	0	Mozilla/5.0 (Windows; U; Windows NT 6.1; en-US) AppleWebKit/532.2 (KHTML, like Gecko) Chrome/4.0.223.1 Safari/532.2
4	1	1	0	0	29358074	0	0	29358074	0	0	29487	Mozilla/5.0 (Macintosh; Intel Mac OS X 9_0) AppleWebKit/536.46 (KHTML, like Gecko) Chrome/96.0.1307 Safari/537.36
4	0	0	1	0	0	29436088	0	0	29436088	0	0	Mozilla/5.0 (Macintosh; Intel Mac OS X 12_5) AppleWebKit/537.36 (KHTML, like Gecko) Chrome/114.0.0.0 Safari/537.36 Vivaldi/5.3.2679.68
4	0	0	0	1	0	0	29418835	0	0	29418835	0	Opera/9.60 (Windows NT 5.1; U; sv) Presto/2.1.1
4	0	0	0	1	0	0	29372967	0	0	29372967	0	Mozilla/5.0 (Linux; Android 6.0.1; SM-N920V Build/MMB29K) AppleWebKit/537.36 (KHTML, like Gecko) Chrome/55.0.2883.91 Mobile Safari/537.36
4	0	0	0	1	0	0	29358134	0	0	29358134	0	Mozilla/5.0 (Windows NT 10.0; Win64; x64; rv:120.0) Gecko/20100101 Firefox/120.0
4	0	0	0	1	0	0	29343527	0	0	29343527	0	Mozilla/5.0 (iPad; U; CPU OS 4_3_5 like Mac OS X; fi-fi) AppleWebKit/533.17.9 (KHTML, like Gecko) Version/5.0.2 Mobile/8L1 Safari/6533.18.5
4	0	0	0	1	0	0	29343528	0	0	29343528	0	Mozilla/5.0 (iPad; CPU OS 10_0 like Mac OS X) AppleWebKit/602.1.50 (KHTML, like Gecko) Version/10.0 Mobile/14A345 Safari/602.1
4	0	0	1	0	0	29432920	0	0	29432920	0	0	Mozilla/5.0 (Windows; U; Windows NT 6.1; pl; rv:1.9.1b3) Gecko/20090305 Firefox/3.1b3 GTB5 (.NET CLR 3.5.30729)
4	0	0	0	1	0	0	29372967	0	0	29372967	0	Mozilla/5.0 (Windows NT 10.0; WOW64) AppleWebKit/537.36 (KHTML, like Gecko) Chrome/60.0.3112.90 Safari/537.36
4	1	1	0	0	29337498	0	0	29337498	0	0	22535	Mozilla/5.0 (X11; Linux i686; rv:114.0) Gecko/20100101 Firefox/114.0
4	0	0	1	0	0	29448428	0	0	29448428	0	0	Mozilla/5.0 (Linux; Android 10; K) AppleWebKit/537.36 (KHTML, like Gecko) Chrome/143.0.0.0 Mobile Safari/537.36
4	0	0	0	1	0	0	29376642	0	0	29376642	0	Mozilla/5.0 (Linux; Android 7.1.1; Z982 Build/NMF26V) AppleWebKit/537.36 (KHTML, like Gecko) Chrome/56.0.2924.87 Mobile Safari/537.36
4	0	0	0	1	0	0	29418835	0	0	29418835	0	Opera/9.80 (X11; Linux x86_64; U; pl) Presto/2.10.229 Version/11.62
4	3	3	0	0	29327870	0	0	29321982	0	0	55947	Mozilla/5.0 (Macintosh; Intel Mac OS X 10_15_7) AppleWebKit/537.36 (KHTML, like Gecko) Chrome/131.0.0.0 Safari/537.36
4	1	1	0	0	29337820	0	0	29337820	0	0	22535	Mozilla/5.0 (Windows NT 6.3; Win64; x64) AppleWebKit/537.36 (KHTML, like Gecko) Chrome/98.0.4758.141 YaBrowser/22.3.3.852 Yowser/2.5 Safari/537.36
4	1	1	0	0	29329234	0	0	29329234	0	0	18649	Mozilla/5.0 (Windows NT 10.0; Win64; x64) AppleWebKit/537.36 (KHTML, like Gecko) Chrome/126.0.0.0 Safari/537.36
4	0	0	0	1	0	0	29433869	0	0	29433869	0	Mozilla/5.0 (Windows; U; Windows NT 5.1; zh) AppleWebKit/522.11.3 (KHTML, like Gecko) Version/3.0 Safari/522.11.3
4	0	0	0	1	0	0	29412190	0	0	29412190	0	Mozilla/5.0 (Kubuntu; Linux x86_64) AppleWebKit/537.36 (KHTML, like Gecko) Chrome/128.0.0.0 Safari/537.36
4	0	0	1	0	0	29432920	0	0	29432920	0	0	Mozilla/5.0 (iPad; CPU OS 11_0 like Mac OS X) AppleWebKit/604.1.38 (KHTML, like Gecko) Version/11.0 Mobile/15A5362a Safari/604.1
4	17	7	10	98	29425682	29364298	29425682	29319324	29364298	29319324	262859	python-httpx/0.28.1
4	0	0	0	1	0	0	29376642	0	0	29376642	0	Mozilla/5.0 (Macintosh; U; Intel Mac OS X 10_6_8; zh-tw) AppleWebKit/533.21.1 (KHTML, like Gecko) Version/5.0.5 Safari/533.21.1
4	0	0	0	1	0	0	29376642	0	0	29376642	0	Mozilla/5.0 (Linux; U; Android 2.3.6; pt-br; GT-S5367 Build/GINGERBREAD) AppleWebKit/533.1 (KHTML, like Gecko) Version/4.0 Mobile Safari/533.1
4	1	1	0	0	29331723	0	0	29331723	0	0	18810	Mozilla/5.0 (compatible; GoParserBot/1.0)
4	0	0	1	0	0	29433869	0	0	29433869	0	0	Mozilla/4.0 (compatible; MSIE 6.0; Windows NT 5.1; SV1) Opera 8.65 [en]
4	0	0	1	0	0	29446998	0	0	29446998	0	0	Mozilla/5.0 (iPhone; CPU iPhone OS 15_0 like Mac OS X) AppleWebKit/605.1.15 (KHTML, like Gecko) Version/15.0 Mobile/15E148 Safari/603.1.30
4	1	1	0	0	29350063	0	0	29350063	0	0	23587	Mozilla/5.0 (Windows NT 10.0; Win64; x64; rv:126.0) Gecko/20100101 Firefox/126.0
4	0	0	0	1	0	0	29376642	0	0	29376642	0	Mozilla/5.0 (Macintosh; Intel Mac OS X 10_10_5) AppleWebKit/537.36 (KHTML, like Gecko) Chrome/50.0.2661.87 Safari/537.36 OPR/37.0.2178.32
4	0	0	0	1	0	0	29418076	0	0	29418076	0	Opera/9.80 (Windows NT 5.1; U; cs) Presto/2.2.15 Version/10.10
4	0	0	0	1	0	0	29418835	0	0	29418835	0	Mozilla/5.0 (Macintosh; Intel Mac OS X 10_7_5) AppleWebKit/537.74.9 (KHTML, like Gecko) Version/6.1.2 Safari/537.74.9
4	0	0	0	1	0	0	29418835	0	0	29418835	0	Mozilla/4.0 (compatible; MSIE 6.0; Windows NT 5.0; en) Opera 8.53
4	0	0	1	0	0	29432920	0	0	29432920	0	0	Mozilla/5.0 (Macintosh; Intel Mac OS X 10_6_8) AppleWebKit/535.1 (KHTML, like Gecko) Chrome/13.0.782.24 Safari/535.1
4	0	0	0	1	0	0	29418835	0	0	29418835	0	Mozilla/5.0 (Linux; U; Android 4.2.2; en-us; ALCATEL 4015T Build/JDQ39) AppleWebKit/534.30 (KHTML, like Gecko) Version/4.2 Mobile Safari/534.30
4	0	0	0	1	0	0	29432920	0	0	29432920	0	Mozilla/5.0 (compatible; MSIE 9.0; Windows NT 6.1; Win64; x64; Trident/7.0; MDDRJS)
4	0	0	1	0	0	29432920	0	0	29432920	0	0	Mozilla/5.0 (Windows; U; Windows NT 5.0; rv:1.7.3) Gecko/20040913 Firefox/0.10.1
4	1	1	0	0	29414049	0	0	29414049	0	0	29487	Mozilla/5.0 (X11; Linux i686; rv:32.0) Gecko/20100101 Firefox/32.0
4	2	2	0	0	29368427	0	0	29368423	0	0	58974	Mozilla/5.0 (Windows NT 10.0; Win64; x64) AppleWebKit/537.36 (KHTML, like Gecko) Chrome/136.0.0.0 Safari/537.36 Edg/136.0.0.0
4	1	1	0	0	29370829	0	0	29370829	0	0	29487	Mozilla/5.0 (Windows NT 6.1; WOW64; Trident/7.0; EIE10;ENUSMCM; rv:11.0) like Gecko
4	0	0	0	1	0	0	29376642	0	0	29376642	0	Mozilla/5.0 (X11; U; Linux i686; en-US) AppleWebKit/534.13 (KHTML, like Gecko) Chrome/9.0.597.84 Safari/534.13
4	0	0	0	1	0	0	29376401	0	0	29376401	0	Mozilla/5.0 (Macintosh; Intel Mac OS X 10_10_1) AppleWebKit/537.75.14 (KHTML, like Gecko) Version/7.0.3 Safari/7046A194A
4	1	1	0	0	29362298	0	0	29362298	0	0	29487	Mozilla/5.0 (X11; U; Linux i686; en-US) AppleWebKit/532.8 (KHTML, like Gecko) Chrome/4.0.277.0 Safari/532.8
4	0	0	1	0	0	29445837	0	0	29445837	0	0	Mozilla/5.0 (Linux; Android 4.4.4; SM-G900V Build/KTU84P) AppleWebKit/537.36 (KHTML, like Gecko) Chrome/39.0.2171.93 Mobile Safari/537.36
4	0	0	0	1	0	0	29418076	0	0	29418076	0	Mozilla/5.0 (compatible; MSIE 10.0; Windows NT 6.1; WOW64; Trident/6.0; MAAU)
4	0	0	0	1	0	0	29343527	0	0	29343527	0	Mozilla/5.0 (compatible; MSIE 10.0; Windows NT 6.2; WOW64; Trident/6.0; MASEJS)
4	0	0	0	1	0	0	29343528	0	0	29343528	0	Mozilla/5.0 (Windows NT 6.0; WOW64) AppleWebKit/535.19 (KHTML, like Gecko) Chrome/18.0.1025.45 Safari/535.19
4	0	0	0	1	0	0	29386409	0	0	29386409	0	Mozilla/5.0 (Macintosh; U; Intel Mac OS X 10_9_5) AppleWebKit/600.7.12 (KHTML, like Gecko) Version/8.0.7 Safari/600.7.12
4	1	1	0	0	29401367	0	0	29401367	0	0	29487	Mozilla/5.0 (Macintosh; Intel Mac OS X 10_15_7) AppleWebKit/537.36 (KHTML, like Gecko) Chrome/130.0.0.0 Safari/537.36
4	1	1	0	0	29318576	0	0	29318576	0	0	16669	Mozilla/5.0 (Windows NT 10.0; Win64; x64) AppleWebKit/537.36 (KHTML, like Gecko) Chrome/91.0.4472.77 Safari/537.36 Vivaldi/3.8
4	1	1	0	2	29318411	0	29318411	29318411	0	29318411	16669	Mozilla/5.0 (Macintosh; Intel Mac OS X 10_9_4) AppleWebKit/537.36 (KHTML, like Gecko) Chrome/36.0.1985.125 Safari/537.36
4	3	3	0	0	29412021	0	0	29322709	0	0	77623	Mozilla/5.0 (Windows NT 10.0; Win64; x64) AppleWebKit/537.36 (KHTML, like Gecko) Chrome/125.0.0.0 Safari/537.36
4	0	0	1	0	0	29434900	0	0	29434900	0	0	Mozilla/5.0 (iPad; U; CPU OS 3_2 like Mac OS X; en-us) AppleWebKit/531.21.10 (KHTML, like Gecko) Version/4.0.4 Mobile/7B367 Safari/531.21.10
4	2	2	0	0	29370577	0	0	29370577	0	0	29487	Mozilla/5.0 (Linux; Android 13; Pixel 4a (5G) Build/TQ2A.230505.002; wv) AppleWebKit/537.36 (KHTML, like Gecko) Version/4.0 Chrome/112.0.5615.136 Mobile Safari/537.36 GoogleApp/14.16.27.29.arm64 AppEngine-Google; (+http://code.google.com/appengine; appid: s~virustotalcloud)
4	1	1	0	0	29395643	0	0	29395643	0	0	29487	Mozilla/5.0 (Macintosh; Intel Mac OS X 10_15_7) AppleWebKit/537.36 (KHTML, like Gecko) Chrome/113.0.5672.93 Safari/537.36
4	0	0	0	1	0	0	29372967	0	0	29372967	0	Mozilla/4.0 (compatible; MSIE 8.0; Windows NT 5.1)
4	1	1	0	0	29365100	0	0	29365100	0	0	29487	Mozilla/5.0 (Windows NT 10.0; Win64; x64; rv:136.0) Gecko/20100101 Firefox/136.0
4	0	0	0	1	0	0	29418835	0	0	29418835	0	Mozilla/4.0 (compatible; MSIE 6.0; Windows NT 5.0) Opera 7.50  [ru]
4	0	0	1	0	0	29447476	0	0	29447476	0	0	Mozilla/5.0 (Windows NT 10.0; Win64; x64) AppleWebKit/537.36 (KHTML, like Gecko) Chrome/132.0.0.0 Safari/537.36 OPR/117.0.0.
4	0	0	0	1	0	0	29376642	0	0	29376642	0	Mozilla/5.0 (Linux; U; Android 4.1.1; en-us; HTC_One_S Build/JRO03C) AppleWebKit/534.30 (KHTML, like Gecko) Version/4.0 Mobile Safari/534.30
4	0	0	0	1	0	0	29372967	0	0	29372967	0	Mozilla/4.0 (compatible; MSIE 8.0; Windows NT 6.1; WOW64; Trident/4.0; GTB7.5; SLCC2; .NET CLR 2.0.50727; .NET CLR 3.5.30729; .NET CLR 3.0.30729; Media Center PC 6.0; .NET4.0C; .NET4.0E; InfoPath.3)
4	0	0	1	0	0	29447418	0	0	29447418	0	0	Mozilla/5.0 (iPhone; CPU iPhone OS 16_7_10 like Mac OS X) AppleWebKit/605.1.15 (KHTML, like Gecko) Version/16.6 Mobile/15E148 Safari/604.
4	0	0	0	1	0	0	29410900	0	0	29410900	0	Mozilla/5.0 (Windows NT 10.0; Win64; x64) AppleWebKit/537.36 (KHTML, like Gecko) Chrome/128.0.5602.103 Safari/537.36
4	0	0	0	1	0	0	29418835	0	0	29418835	0	Mozilla/5.0 (Windows NT 6.1) AppleWebKit/537.36 (KHTML, like Gecko) Chrome/45.0.2454.85 Safari/537.36
4	1	1	0	0	29320609	0	0	29320609	0	0	18649	Mozilla/5.0 (compatible; Exabot/3.0;  http://www.exabot.com/go/robot)
4	23	10	43	117	29423814	29445707	29423815	29316062	29426651	29316062	15364082	Go-http-client/1.1
4	0	0	0	1	0	0	29386409	0	0	29386409	0	Mozilla/5.0 (Linux; U; Android 4.4.2; en-ca; SM-T310 Build/KOT49H) AppleWebKit/534.30 (KHTML, like Gecko) Version/4.0 Safari/534.30
4	0	0	0	1	0	0	29376642	0	0	29376642	0	Mozilla/5.0 (iPhone; CPU iPhone OS 10_2_1 like Mac OS X) AppleWebKit/602.4.6 (KHTML, like Gecko) Version/9.0 Mobile/13B143 Safari/601.1
4	1	1	0	0	29393905	0	0	29393905	0	0	29487	Mozilla/5.0 (Linux; U; Android 2.3.4; en-us; BNTV250 Build/GINGERBREAD) AppleWebKit/533.1 (KHTML, like Gecko) Version/4.0 Safari/533.1
4	1	1	0	0	29338503	0	0	29338503	0	0	22535	Mozilla/5.0 (Windows; U; Windows NT 6.0; en-GB; rv:1.9.1.1) Gecko/20090715 Firefox/3.5.1 GTB5 (.NET CLR 4.0.20506)
4	0	0	0	1	0	0	29395226	0	0	29395226	0	Mozilla/5.0 (Windows NT 6.1) AppleWebKit/537.36 (KHTML, like Gecko) Chrome/59.0.3071.104 Safari/537.36
4	5	5	0	0	29366399	0	0	29316481	0	0	29487	Mozilla/5.0 (Macintosh; Intel Mac OS X 10_15_7) AppleWebKit/537.36 (KHTML, like Gecko) Chrome/128.0.0.0 Safari/537.36
4	0	0	0	1	0	0	29401232	0	0	29401232	0	Mozilla/5.0 (X11; U; Linux i686; en-US; rv:1.8) Gecko/20060118 Firefox/1.5
4	0	0	0	1	0	0	29405640	0	0	29405640	0	Mozilla/5.0 (Macintosh; Intel Mac OS X 10_15_7) AppleWebKit/537.43 (KHTML, like Gecko) Chrome/125.0.0.0 Safari/537.36 OPR/111.0.0.0
4	1	0	1	0	29409247	29409247	0	29409247	29409247	0	7622	Mozilla/5.0 (Windows NT 10.0; Win64; x64) AppleWebKit/537.36 (KHTML, like Gecko) Chrome/113.0.0.0 Safari/537.36 OPR/99.0.0.0
4	0	0	1	0	0	29448280	0	0	29448280	0	0	Mozilla/5.0 AppleWebKit/537.36 (KHTML, like Gecko; compatible; GPTBot/1.3; +https://openai.com/gptbot)
4	2	2	1	0	29395843	29433739	0	29366108	29433739	0	29487	Mozilla/5.0 (Windows NT 10.0; Win64; x64) AppleWebKit/537.36 (KHTML, like Gecko) Chrome/124.0.0.0 Safari/537.36
4	0	0	1	0	0	29433869	0	0	29433869	0	0	Mozilla/5.0 (X11; Ubuntu; Linux x86_64; rv:50.0) Gecko/20100101 Firefox/50.0
4	0	0	2	0	0	29447235	0	0	29447056	0	0	Mozilla/5.0 (Linux; Android 10; K) AppleWebKit/537.36 (KHTML, like Gecko) Chrome/122.0.0.0 Mobile Safari/537.3
4	10	9	0	0	29370638	0	0	29316065	0	0	1346687	Mozilla/5.0 (X11; Linux x86_64) AppleWebKit/537.36 (KHTML, like Gecko) HeadlessChrome/125.0.6422.60 Safari/537.36
4	0	0	1	0	0	29432920	0	0	29432920	0	0	Mozilla/5.0 (Android 4.4.2; Tablet; rv:57.0) Gecko/57.0 Firefox/57.0
4	1	1	0	0	29405403	0	0	29405403	0	0	29487	Mozilla/5.0 (X11; Linux x86_64) AppleWebKit/535.1 (KHTML, like Gecko) Chrome/13.0.782.20 Safari/535.1
4	1	1	0	0	29369441	0	0	29369441	0	0	29487	Mozilla/5.0 (X11; Linux x86_64; rv:136.0) Gecko/20100101 Firefox/136.0
4	0	0	0	1	0	0	29418835	0	0	29418835	0	Mozilla/5.0 (X11; U; Linux x86_64; en-US; rv:1.9.2) Gecko/20100305 Gentoo Firefox/3.5.7
4	0	0	0	1	0	0	29432920	0	0	29432920	0	Mozilla/5.0 (Windows NT 10.0; WOW64) AppleWebKit/537.36 (KHTML, like Gecko) Chrome/59.0.3043.0 Safari/537.36
4	0	0	0	1	0	0	29418835	0	0	29418835	0	Mozilla/5.0 (X11; U; Linux i686; fr; rv:1.8.0.5) Gecko/20060731 Ubuntu/dapper-security Firefox/1.5.0.5
4	0	0	1	1	0	29433869	29386411	0	29433869	29386411	0	Mozilla/5.0 (Android; Mobile; rv:29.0) Gecko/29.0 Firefox/29.0
4	0	0	1	0	0	29446144	0	0	29446144	0	0	Mozilla/5.0 (Macintosh; Intel Mac OS X 14_2_1) AppleWebKit/605.1.15 (KHTML, like Gecko) Version/17.1 Safari/605.1.15
4	1	1	0	0	29422634	0	0	29422634	0	0	29487	Mozilla/5.0 (Windows NT 10.0; Win64; x64) AppleWebKit/537.36 (KHTML, like Gecko) Chrome/114.0.5735.199 Safari/537.36 Edg/114.0.1823.67
4	1	1	0	1	29318201	0	29318201	29318201	0	29318201	16669	NetAPI v1
4	0	0	0	1	0	0	29316378	0	0	29316378	0	Mozilla/5.0 (compatible; DataForSeoBot/1.0; +https://dataforseo.com/dataforseo-bot)
4	2	2	2	0	29324896	29449612	0	29324896	29449612	0	37298	Mozilla/5.0 Firefox/33.0
4	0	0	0	1	0	0	29402676	0	0	29402676	0	Mozilla/5.0 (Windows NT 6.3) AppleWebKit/537.36 (KHTML, like Gecko) Chrome/44.0.2403.157 Safari/537.36
4	11	11	4	3	29448258	29444443	29449352	29341085	29427315	29348456	306657	Hello from Palo Alto Networks, find out more about our scans in https://docs-cortex.paloaltonetworks.com/r/1/Cortex-Xpanse/Scanning-activity
4	0	0	0	1	0	0	29372967	0	0	29372967	0	Mozilla/5.0 (iPhone; CPU iPhone OS 11_1 like Mac OS X) AppleWebKit/604.3.5 (KHTML, like Gecko) Version/11.0 Mobile/15B5086a Safari/604.1
4	2	2	0	63	29325030	0	29325030	29325030	0	29325030	37298	Mozilla/5.0 (Windows NT.6.2; Win64; x64) Gecko/20102504 Firefox/19.0
4	0	0	0	1	0	0	29376642	0	0	29376642	0	Mozilla/5.0 (Macintosh; Intel Mac OS X 10_9_5) AppleWebKit/537.36 (KHTML, like Gecko) Chrome/45.0.2454.101 Safari/537.36
4	37	18	2	0	29449454	29408943	0	29330640	29408943	0	21462406	Mozilla/5.0 (X11; Linux x86_64; rv:139.0) Gecko/20100101 Firefox/139.0
4	0	0	0	1	0	0	29372967	0	0	29372967	0	Mozilla/5.0 (Windows NT 6.1) AppleWebKit/537.36 (KHTML, like Gecko) Chrome/43.0.2357.45 Safari/537.36
4	0	0	0	1	0	0	29376401	0	0	29376401	0	Mozilla/5.0 (X11; U; Linux i686; de; rv:1.8.1.19) Gecko/20081213 SUSE/2.0.0.19-0.1 Firefox/2.0.0.19
4	1	1	0	0	29365100	0	0	29365100	0	0	29487	Mozilla/5.0 (Windows NT 10.0; Win64; x64) AppleWebKit/537.36 (KHTML, like Gecko) obsidian/1.6.7 Chrome/124.0.6367.243 Electron/30.1.2 Safari/537.36
4	1	1	0	0	29330587	0	0	29330587	0	0	18810	Mozilla/5.0 zgrab/0.x
4	0	0	0	1	0	0	29376642	0	0	29376642	0	Mozilla/5.0 (Linux; Android 4.4.2; en-gb; SAMSUNG SM-N9005 Build/KOT49H) AppleWebKit/537.36 (KHTML, like Gecko) Version/1.5 Chrome/28.0.1500.94 Mobile Safari/537.36
4	1	1	0	0	29356697	0	0	29356697	0	0	29487	Mozilla/5.0 (Macintosh; Intel Mac OS X 12_5) AppleWebKit/605.1.15 (KHTML, like Gecko) Version/15.4 Safari/605.1.15
4	0	0	0	1	0	0	29418835	0	0	29418835	0	Mozilla/5.0 (Windows NT 10.0; WOW64) AppleWebKit/537.36 (KHTML, like Gecko) Chrome/58.0.3029.110 Safari/537.36 OPR/45.0.2552.898
4	0	0	0	1	0	0	29343528	0	0	29343528	0	Mozilla/5.0 (Linux; Android 4.1.2; SCH-R530C Build/JZO54K) AppleWebKit/535.19 (KHTML, like Gecko) Chrome/18.0.1025.166 Mobile Safari/535.19
4	1	1	0	0	29370819	0	0	29370819	0	0	29487	Mozilla/5.0 (Macintosh; Intel Mac OS X 14_3) AppleWebKit/537.36 (KHTML, like Gecko) Chrome/121.0.0.0 Safari/537.36 OPR/106.0.0.0
4	0	0	0	1	0	0	29433869	0	0	29433869	0	Mozilla/5.0 (X11; U; Linux i686; rv:1.8.0.1) Gecko/20060124 Firefox/1.5.0.1
4	0	0	0	1	0	0	29376401	0	0	29376401	0	Mozilla/5.0 (Windows NT 10.0; Win64; x64) AppleWebKit/537.36 (KHTML, like Gecko) Chrome/49.0.2623.112 Safari/537.36
4	0	0	1	0	0	29449788	0	0	29449788	0	0	Mozilla/5.0 (Linux; Android 14; SM-A528B Build/UP1A.231005.007; wv) AppleWebKit/537.36 (KHTML, like Gecko) Version/4.0 Chrome/132.0.6834.122 Mobile Safari/335.66 Line/15.0.0/IAB
4	0	0	0	2	0	0	29418835	0	0	29376642	0	Mozilla/5.0 (Windows; U; Windows NT 5.1; en-US) AppleWebKit/525.19 (KHTML, like Gecko) Chrome/0.2.152.0 Safari/525.19
4	0	0	0	1	0	0	29376642	0	0	29376642	0	Mozilla/5.0 (X11; U; Linux i686; fr; rv:1.8) Gecko/20060110 Debian/1.5.dfsg-4 Firefox/1.5
4	0	0	0	1	0	0	29395226	0	0	29395226	0	Mozilla/5.0 (Linux; U; Android 4.1.2; en-us; SGH-T599 Build/JZO54K) AppleWebKit/534.30 (KHTML, like Gecko) Version/4.0 Mobile Safari/534.30evme-launcher
4	1	1	0	0	29416977	0	0	29416977	0	0	29487	Mozilla/5.0 (Windows NT 10.0; Win64; x64) AppleWebKit/537.36 (KHTML, like Gecko) Chrome/83.0.4103.61 Safari/537.36
4	1	1	0	0	29383049	0	0	29383049	0	0	29487	Mozilla/5.0 (Windows NT 6.1; WOW64) AppleWebKit/537.36 (KHTML, like Gecko) Chrome/55.0.1307.85 Safari/537.36
4	1	1	0	0	29418076	0	0	29418076	0	0	29487	Mozilla/5.0 (Windows NT 10.0) AppleWebKit/537.36 (KHTML, like Gecko) Chrome/46.0.2490.86 Safari/537.36 OPR/33.0.1990.115
4	0	0	0	1	0	0	29418835	0	0	29418835	0	Mozilla/5.0 (Macintosh; Intel Mac OS X 10102) AppleWebKit/640.3.18 (KHTML like Gecko) Version/10.0.2 Safari/640.3.18
4	0	0	0	1	0	0	29376641	0	0	29376641	0	Mozilla/5.0 (X11; U; Linux x86_64; en-US; rv:1.8) Gecko/20051212 Firefox/1.5
4	0	0	1	0	0	29448697	0	0	29448697	0	0	Mozilla/5.0 (Windows NT 10.0; WOW64) AppleWebKit/537.36 (KHTML, like Gecko) Chrome/48.0.2564.116 Safari/537.36
4	2	0	2	0	29409268	29409268	0	29409266	29409266	0	0	GuzzleHttp/7
4	0	0	0	1	0	0	29386411	0	0	29386411	0	Mozilla/5.0 (Macintosh; Intel Mac OS X 10_13_2) AppleWebKit/604.4.7 (KHTML, like Gecko) Safari/522.0
4	0	0	18	0	0	29448980	0	0	29432134	0	0	http://magentaweb.org/wp-admin/setup-config.php
4	8	8	1	0	29371540	29441538	0	29317532	29441538	0	181632	Mozilla/5.0 (Windows NT 10.0; Win64; x64) AppleWebKit/537.36 (KHTML, like Gecko) Chrome/79.0.3945.79 Safari/537.36
4	0	0	1	0	0	29432920	0	0	29432920	0	0	Mozilla/4.0 (compatible; MSIE 5.0; Windows 98) Opera 6.03  [en]
4	1	1	435	252	29423386	29449657	29443178	29423386	29426735	29418693	654	Mozilla/5.0 (Linux; Android 13; SM-G991U) AppleWebKit/537.36 (KHTML, like Gecko) Chrome/117.0.0.0 Mobile Safari/537.36
4	0	0	1	0	0	29447177	0	0	29447177	0	0	Mozilla/5.0 (Linux; Android 10; K) AppleWebKit/537.36 (KHTML, like Gecko) Chrome/119.0.0.0 Mobile Safari/537.3
4	0	0	0	1	0	0	29395226	0	0	29395226	0	Mozilla/5.0 (Windows NT 6.1) AppleWebKit/537.36 (KHTML, like Gecko) Chrome/48.0.2564.116 Safari/537.36
4	1	1	0	0	29405031	0	0	29405031	0	0	29487	Mozilla/5.0 (Macintosh; Intel Mac OS X 9_2) AppleWebKit/591.38 (KHTML, like Gecko) Chrome/63.0.232 Safari/537.36
4	1	1	0	0	29434801	0	0	29434801	0	0	29487	Mozilla/5.0 (Windows NT 6.2; Win64; x64; rv:16.0.1) Gecko/20121011 Firefox/21.0.1
4	0	0	0	1	0	0	29372967	0	0	29372967	0	Mozilla/5.0 (Windows; U; Windows NT 6.0; cs) AppleWebKit/522.15.5 (KHTML, like Gecko) Version/3.0.3 Safari/522.15.5
4	0	0	1	0	0	29433869	0	0	29433869	0	0	Mozilla/5.0 (Macintosh; Intel Mac OS X 10_12_3) AppleWebKit/537.36 (KHTML, like Gecko) Chrome/57.0.2987.98 Safari/537.36
4	0	0	0	9	0	0	29383195	0	0	29381423	0	env-checker/1.0 (+local)
4	1	0	0	10	29358383	0	29377037	29358383	0	29320018	1164432	Mozilla/5.0 (X11; Linux x86_64) AppleWebKit/537.36 (KHTML, like Gecko) Chrome/115.0.0.0 Safari/537.36
4	1	1	0	0	29382448	0	0	29382448	0	0	29487	Mozilla/5.0 (X11; U; Linux i686; pt-PT; rv:1.9.2.3) Gecko/20100402 Iceweasel/3.6.3 (like Firefox/3.6.3) GTB7.0
4	0	0	0	1	0	0	29376642	0	0	29376642	0	Mozilla/5.0 (Linux; U; Android 4.2.2; es-mx; ONE TOUCH 4015A Build/JDQ39) AppleWebKit/534.30 (KHTML, like Gecko) Version/4.2 Mobile Safari/534.30
4	1	1	0	0	29324781	0	0	29324781	0	0	18649	Mozilla/5.0 (Windows NT 10.0; Win64; x64) AppleWebKit/537.36 (KHTML, like Gecko) Chrome/46.0.2490.22 Safari/537.36
4	0	0	0	1	0	0	29376401	0	0	29376401	0	Mozilla/5.0 (Linux; U; Android 2.3.3; en-gb; GT-P1000 Build/GINGERBREAD) AppleWebKit/533.1 (KHTML, like Gecko) Version/4.0 Mobile Safari/533.1
4	0	0	0	1	0	0	29343527	0	0	29343527	0	Mozilla/5.0 (Windows; U; Windows NT 5.1; hu; rv:1.9.2.17) Gecko/20110420 Firefox/3.6.17 (.NET CLR 3.5.30729)
4	2	2	431	260	29422604	29449657	29443160	29418696	29426735	29418693	1308	Mozilla/5.0 (iPhone; CPU iPhone OS 17_0_3 like Mac OS X) AppleWebKit/605.1.15 (KHTML, like Gecko) Version/17.0.1 Mobile/15E148 Safari/604.1
4	0	0	0	1	0	0	29343528	0	0	29343528	0	Mozilla/5.0 (Macintosh; Intel Mac OS X 10_7_5) AppleWebKit/537.36 (KHTML, like Gecko) Chrome/45.0.2454.85 Safari/537.36
4	1	1	0	0	29319871	0	0	29319871	0	0	16669	Mozilla/5.0 (Windows NT 10.0; Win64; x64) AppleWebKit/537.36 (KHTML, like Gecko) Chrome/122.0.0.0 Safari/537.36 Edg/122.0.0.0
4	1	1	0	0	29408306	0	0	29408306	0	0	29487	Mozilla/5.0 (iPhone; U; CPU iPhone OS 3_0 like Mac OS X; en-us) AppleWebKit/528.18 (KHTML, like Gecko) Version/4.0 Mobile/7A341 Safari/528.16
4	0	0	0	1	0	0	29343528	0	0	29343528	0	Mozilla/5.0 (Linux; Android 5.0.1; Nexus 4 Build/LRX22C) AppleWebKit/537.36 (KHTML, like Gecko) Chrome/35.0.1916.138 Mobile Safari/537.36 OPR/22.0.1485.78487
4	0	0	0	1	0	0	29376642	0	0	29376642	0	Mozilla/5.0 (Windows NT 6.1; WOW64; Trident/7.0; BOIE9;ENGB; rv:11.0) like Gecko
4	0	0	0	1	0	0	29372967	0	0	29372967	0	Mozilla/5.0 (Linux; U; Android 4.0.4; en-us; ADR6400L 4G Build/IMM76D) AppleWebKit/534.30 (KHTML, like Gecko) Version/4.0 Mobile Safari/534.30
4	0	0	0	1	0	0	29401232	0	0	29401232	0	Mozilla/5.0 (Linux; Android 4.3; SPH-L710 Build/JSS15J) AppleWebKit/537.36 (KHTML, like Gecko) Chrome/32.0.1700.99 Mobile Safari/537.36
4	1	1	405	269	29422254	29449657	29447300	29422254	29426735	29418693	654	Mozilla/5.0 (Linux; Android 11; CPH2251) AppleWebKit/537.36 (KHTML, like Gecko) Chrome/116.0.0.0 Mobile Safari/537.36
4	0	0	1	0	0	29445837	0	0	29445837	0	0	Mozilla/5.0 (X11; Linux x86_64) AppleWebKit/537.36 (KHTML, like Gecko) Chrome/65.0.3325.162 Safari/537.36
4	0	0	0	2	0	0	29433869	0	0	29418076	0	Mozilla/5.0 (X11; U; Linux x86_64; en-US; rv:1.9.2.20) Gecko/20110804 Red Hat/3.6-2.el5 Firefox/3.6.20
4	1	1	0	0	29326345	0	0	29326345	0	0	18649	Mozilla/5.0 (Linux; U; Android 2.2; en-us; Droid Build/FRG22D) AppleWebKit/533.1 (KHTML, like Gecko) Version/4.0 Mobile Safari/533.1
4	0	0	0	1	0	0	29372967	0	0	29372967	0	Mozilla/5.0 (Windows; U; Windows NT 6.1; en-US) AppleWebKit/532.0 (KHTML, like Gecko) Chrome/3.0.195.3 Safari/532.0
4	1	1	0	0	29359231	0	0	29359231	0	0	29487	Mozilla/5.0 (Windows NT 6.1; rv:27.0) Gecko/20100101 Firefox/27.0
4	1	1	0	0	29325834	0	0	29325834	0	0	18649	Mozilla/5.0 (X11; Linux x86_64) AppleWebKit/567.51 (KHTML, like Gecko) Chrome/93.0.689 Safari/537.36
4	27	14	0	1	29335830	0	29317126	29317126	0	29317126	15388073	Mozilla/5.0 (Windows NT 10.0; Win64; x64) AppleWebKit/537.36 (KHTML, like Gecko) Chrome/94.0.4606.61 Safari/537.36
4	0	0	0	1	0	0	29343527	0	0	29343527	0	Mozilla/5.0 (Linux; U; Android 4.2.2; en-us; HUAWEI Y330-U05 Build/HuaweiY330-U05) AppleWebKit/534.30 (KHTML, like Gecko) Version/4.0 Mobile Safari/534.30
4	0	0	0	1	0	0	29376401	0	0	29376401	0	Mozilla/4.0 (compatible; MSIE 7.0; Windows NT 6.1; WOW64; Trident/7.0; SLCC2; .NET CLR 2.0.50727; .NET CLR 3.5.30729; .NET CLR 3.0.30729; Media Center PC 6.0)
4	0	0	0	1	0	0	29376641	0	0	29376641	0	Mozilla/5.0 (Windows NT 5.1; U; en) Opera 8.0
4	0	0	0	1	0	0	29410900	0	0	29410900	0	Mozilla/5.0 (X11; Linux x86_64) AppleWebKit/537.36 (KHTML, like Gecko) Chrome/128.0.5304.43 Safari/537.36
4	0	0	1	0	0	29445837	0	0	29445837	0	0	Mozilla/5.0 (Macintosh; Intel Mac OS X 10_12_0) AppleWebKit/537.36 (KHTML, like Gecko) Chrome/54.0.2840.71 Safari/537.36
4	0	0	0	1	0	0	29376642	0	0	29376642	0	Mozilla/5.0 (X11; Linux x86_64; rv:43.0) Gecko/20100101 Firefox/43.0
4	0	0	1	0	0	29446926	0	0	29446926	0	0	Mozilla/5.0 (Windows NT 10.0; Win64; x64) AppleWebKit/537.36 (KHTML, like Gecko) Chrome/114.0.0.0 Safari/537.36 OPR/100.0.0.0
4	0	0	0	1	0	0	29433869	0	0	29433869	0	Mozilla/5.0 (Windows NT 6.3; WOW64) AppleWebKit/537.36 (KHTML, like Gecko) Chrome/35.0.1916.114 Safari/537.36
4	2	1	1	0	29364418	29364418	0	29348569	29364418	0	31209	Mozilla/5.0 (Macintosh; Intel Mac OS X 10_15_7; rv:126.0) Gecko/20100101 Firefox/126.0
4	1	1	0	0	29379385	0	0	29379385	0	0	29487	Mozilla/5.0 (iPhone; U; CPU iPhone OS 4_3 like Mac OS X; de-de) AppleWebKit/533.17.9 (KHTML, like Gecko) Mobile/8F190
4	1	1	0	0	29351062	0	0	29351062	0	0	23587	Mozilla/5.0 (X11; Linux x86_64) AppleWebKit/537.36 (KHTML, like Gecko) Chrome/114.0.0.0 Safari/537.36
4	1	1	0	0	29370638	0	0	29370638	0	0	29487	Mozilla/5.0 (Windows NT 6.1; Win64; x64) AppleWebKit/537.36 (KHTML, like Gecko) Chrome/60.0.3112.90 Safari/537.36
4	0	0	0	1	0	0	29402676	0	0	29402676	0	Mozilla/5.0 (X11; Linux x86_64; rv:2.2a1pre) Gecko/20110324 Firefox/4.2a1pre
4	0	0	0	2	0	0	29333458	0	0	29333458	0	Mozilla/5.0 (compatible; Bingbot/2.0; +http://www.bing.com/bingbot.htm)
4	0	0	0	1	0	0	29376642	0	0	29376642	0	Mozilla/5.0 (Linux; U; Android 4.0.4; en-us; HUAWEI M881 Build/HuaweiM881) AppleWebKit/534.30 (KHTML, like Gecko) Version/4.0 Mobile Safari/534.30
4	0	0	0	1	0	0	29376401	0	0	29376401	0	Opera/9.80 (Windows NT 5.1; U; MRA 5.6 (build 03278); ru) Presto/2.6.30 Version/10.63
4	75	75	17	76	29425643	29448633	29425643	29319002	29427097	29319002	2007727	Mozilla/5.0 (compatible; MSIE 9.0; Windows NT 6.1; WOW64; Trident/6.0)
4	0	0	1	0	0	29445837	0	0	29445837	0	0	Mozilla/5.0 (Windows NT 6.0) AppleWebKit/535.1 (KHTML, like Gecko) Chrome/14.0.792.0 Safari/535.1
4	1	1	0	0	29342386	0	0	29342386	0	0	23587	Mozilla/5.0 (Macintosh; Intel Mac OS X 10.15; rv:109.0) Gecko/20100101 Firefox/115.0
4	0	0	0	1	0	0	29343527	0	0	29343527	0	Mozilla/5.0 (Linux; Android 4.4.4; HM NOTE 1S Build/KTU84P) AppleWebKit/537.36 (KHTML, like Gecko) Chrome/61.0.3163.81 Mobile Safari/537.36
4	0	0	1	0	0	29433869	0	0	29433869	0	0	Mozilla/5.0 (Macintosh; Intel Mac OS X 10_9_5) AppleWebKit/537.36 (KHTML, like Gecko) Chrome/43.0.2357.130 Safari/537.36
4	1	1	0	0	29409928	0	0	29409928	0	0	29487	Mozilla/5.0 (Windows NT 6.1; WOW64; rv:46.0) Gecko/20100101 Firefox/46.0
4	0	0	0	1	0	0	29432920	0	0	29432920	0	Mozilla/5.0 (Macintosh; Intel Mac OS X 10_12_4) AppleWebKit/603.1.23 (KHTML, like Gecko) Version/10.1 Safari/603.1.23
4	1	1	0	0	29358413	0	0	29358413	0	0	29487	Mozilla/5.0 (Windows NT 11.0; Win64; x64; rv:126.0) Gecko/20100101 Firefox/126.0
4	1	1	0	1	29326035	0	29326035	29326035	0	29326035	18649	Mozilla/5.0 (compatible; AhrefsBot/7.0; +http://ahrefs.com/robot/)
4	1	1	0	0	29319911	0	0	29319911	0	0	16669	Mozilla/5.0 (Macintosh; Intel Mac OS X 10_15_7) AppleWebKit/605.1.15 (KHTML, like Gecko) Version/15.6.1 Safari/605.1.15
4	0	0	0	1	0	0	29432920	0	0	29432920	0	Mozilla/5.0 (Linux; U; Android 4.1.1; en-gb; Endeavour 800NG Build/JRO03C) AppleWebKit/534.30 (KHTML, like Gecko) Version/4.0 Safari/534.30
4	3	3	1	0	29403376	29435042	0	29371698	29435042	0	88461	Mozilla/5.0 (Windows NT 10.0; Win64; x64) AppleWebKit/537.36 (KHTML, like Gecko) Chrome/86.0.4240.75 Safari/537.36
4	0	0	0	1	0	0	29418835	0	0	29418835	0	Mozilla/5.0 (X11; Linux x86_64; rv:28.0) Gecko/20100101  Firefox/28.0
4	0	0	0	1	0	0	29418835	0	0	29418835	0	Mozilla/5.0(iPad; U; CPU iPhone OS 3_2 like Mac OS X; en-us) AppleWebKit/531.21.10 (KHTML, like Gecko) Version/4.0.4 Mobile/7B314 Safari/531.21.10gin_lib.cc
4	0	0	0	1	0	0	29323579	0	0	29323579	0	Mozilla/5.0 (Macintosh; Intel Mac OS X 10_15_7) AppleWebKit/537.36 (KHTML, like Gecko) Chrome/125.0.0.0 Safari/537.36
4	1	1	0	0	29371726	0	0	29371726	0	0	29487	Mozilla/5.0 (X11; Linux x86_64) AppleWebKit/537.36 (KHTML, like Gecko) Chrome/85.0.4183.83 Safari/537.36
4	0	0	0	1	0	0	29433869	0	0	29433869	0	Mozilla/4.0 (compatible; MSIE 6.0; MSIE 5.5; Windows NT 5.1) Opera 7.01  [en]
4	0	0	0	1	0	0	29376642	0	0	29376642	0	Mozilla/5.0 (Windows NT 6.1; WOW64; Trident/7.0; MDDCJS; rv:11.0) like Gecko
4	6	6	0	0	29326046	0	0	29316772	0	0	55947	Mozilla/5.0 (Linux; Android 9; Mi A2 Lite) AppleWebKit/537.36 (KHTML, like Gecko) Chrome/80.0.3987.132
4	1	1	0	0	29369441	0	0	29369441	0	0	29487	Mozilla/5.0 (Macintosh; Intel Mac OS X 10_15_7) AppleWebKit/605.1.15 (KHTML, like Gecko) Version/18.3.1 Safari/605.1.15
4	0	0	1	0	0	29432920	0	0	29432920	0	0	Mozilla/5.0 (Macintosh; Intel Mac OS X 10_7_3) AppleWebKit/535.22 (KHTML, like Gecko) Chrome/19.0.1047.0 Safari/535.22
4	1	1	0	0	29317986	0	0	29317986	0	0	16669	Mozilla/5.0 (Windows NT 10.0; WOW64; rv:82.0) Gecko/20100101 Firefox/82.0
4	0	0	0	1	0	0	29343527	0	0	29343527	0	Mozilla/5.0 (Macintosh; U; PPC Mac OS X; de-de) AppleWebKit/125.4 (KHTML, like Gecko) Safari/125.9
4	1	1	0	0	29317457	0	0	29317457	0	0	16669	Mozilla/5.0 (Windows NT 10.0; Win64; x64; rv:77.0) Gecko/20100101 Firefox/77.0
4	0	0	0	1	0	0	29395226	0	0	29395226	0	Mozilla/5.0 (Windows; U; Windows NT 5.1; en-US) AppleWebKit/532.0 (KHTML, like Gecko) Chrome/3.0.195.24 Safari/532.0
4	0	0	0	1	0	0	29343528	0	0	29343528	0	Mozilla/5.0 (Windows NT 6.1; WOW64) AppleWebKit/537.36 (KHTML, like Gecko) Chrome/41.0.2227.0 Safari/537.36
4	0	0	1	0	0	29434798	0	0	29434798	0	0	Mozilla/5.0 (Windows NT 6.3; Win64; x64) AppleWebKit/537.36 (KHTML, like Gecko) Chrome/37.0.2049.0 Safari/537.36
4	0	0	0	1	0	0	29418076	0	0	29418076	0	More Opera 9.62 user agents strings -->>
4	0	0	0	1	0	0	29433869	0	0	29433869	0	Mozilla/5.0 (X11; Linux x86_64) AppleWebKit/537.36 (KHTML, like Gecko) Chrome/60.0.3112.90 Safari/537.36 OPR/47.0.2631.80
4	0	0	0	1	0	0	29376642	0	0	29376642	0	Mozilla/5.0 (Windows NT 10.0; Win64; x64; rv:48.0) Gecko/20100101 Firefox/48.0
4	18	8	2	0	29449232	29364186	0	29364186	29364186	0	9576484	DuckDuckBot/1.1; (+http://duckduckgo.com/duckduckbot.html)
4	2	2	0	0	29318944	0	0	29318943	0	0	33338	Mozilla/5.0 (Windows NT 11.0; Win64; x64) AppleWebKit/537.36 (KHTML, like Gecko) Chrome/134.0.6998.166 Safari/537.36
4	1	1	0	0	29333937	0	0	29333937	0	0	22535	Mozilla/5.0 (Macintosh; Intel Mac OS X 14.5) AppleWebKit/618.3.5 (KHTML, like Gecko) Version/17.4 Safari/618.3.5
4	0	0	0	1	0	0	29386411	0	0	29386411	0	Mozilla/5.0 (Windows; U; Windows NT 6.0; ko; rv:1.8.1.20) Gecko/20081217 Firefox/2.0.0.20 (.NET CLR 3.5.30729)
4	1	1	0	0	29405640	0	0	29405640	0	0	0	Mozilla/5.0 (Windows NT 10.0; WOW64; rv:124.0) Gecko/20100101 Firefox/124.0
4	1	1	0	0	29389487	0	0	29389487	0	0	29487	Mozilla/5.0 (Windows NT 6.3; Win64; x64) AppleWebKit/537.36 (KHTML, like Gecko) Chrome/78.0.3904.97 Safari/537.36 OPR/64.0.3417.92
4	0	0	0	1	0	0	29376642	0	0	29376642	0	Mozilla/5.0 (Macintosh; Intel Mac OS X 10_6_8) AppleWebKit/537.36 (KHTML, like Gecko) Chrome/44.0.2403.155 Safari/537.36
4	0	0	0	1	0	0	29376401	0	0	29376401	0	Mozilla/5.0 (Windows NT 6.0) AppleWebKit/537.36 (KHTML, like Gecko) Chrome/49.0.2623.110 Safari/537.36 OPR/36.0.2130.65
4	0	0	0	1	0	0	29418835	0	0	29418835	0	Mozilla/5.0 (Android 5.1; Tablet; rv:45.0) Gecko/45.0 Firefox/45.0
4	11	11	3	4	29420234	29439179	29436681	29371576	29437344	29418703	324357	Mozilla/5.0 (Linux; Android 6.0.1; Nexus 5X Build/MMB29P) AppleWebKit/537.36 (KHTML, like Gecko) Chrome/141.0.7390.122 Mobile Safari/537.36 (compatible; Googlebot/2.1; +http://www.google.com/bot.html)
4	0	0	0	1	0	0	29372967	0	0	29372967	0	Mozilla/5.0 (Android 7.1.1; Mobile; rv:57.0) Gecko/57.0 Firefox/57.0
4	1	1	0	0	29422720	0	0	29422720	0	0	29487	Opera/9.60 (J2ME/MIDP; Opera Mini/4.1.11320/608; U; en) Presto/2.2.0
4	0	0	0	1	0	0	29372967	0	0	29372967	0	Mozilla/5.0 (compatible; MSIE 10.0; Windows NT 6.1; Trident/6.0; EIE10;ENUSWOL)
4	1	1	0	0	29317023	0	0	29317023	0	0	0	Mozilla/5.0 (X11; Linux x86_64) AppleWebKit/536.5 (KHTML, like Gecko) Chrome/19.0.1084.9 Safari/536.5
4	1	1	0	0	29419589	0	0	29419589	0	0	29487	Mozilla/5.0 (Windows NT 10.0; Win64; x64) AppleWebKit/537.36 (KHTML, like Gecko) Chrome/114.0.0.0 Safari/537.36 Edg/114.0.1823.82
4	2	2	0	2	29373306	0	29373306	29317945	0	29317945	46156	Pandalytics/2.0 (https://domainsbot.com/pandalytics/)
4	0	0	0	1	0	0	29433869	0	0	29433869	0	Mozilla/4.0 (compatible; MSIE 7.0; Windows NT 6.1; Trident/5.0; SLCC2; .NET CLR 2.0.50727; .NET CLR 3.5.30729; .NET CLR 3.0.30729; Media Center PC 6.0; .NET4.0C; .NET4.0E; CMDTDF)
4	2	1	0	0	29336560	0	0	29336560	0	0	1186967	Mozilla/5.0 (Windows NT 10.0; Win64; x64) AppleWebKit/537.36 (KHTML, like Gecko) Chrome/138.0.0.0 Safari/537.36 OPR/122.0.0.0
4	0	0	0	1	0	0	29386138	0	0	29386138	0	Mozilla/5.0 (Macintosh; U; PPC Mac OS X 10_5_8; en-us) AppleWebKit/532.0+ (KHTML, like Gecko) Version/4.0.3 Safari/531.9.2009
4	3	3	0	18	29346038	0	29346038	29346038	0	29346038	70761	Mozilla/5.0 (Windows NT 10.0; Win64; x64) AppleWebKit/537.36 (KHTML, like Gecko) Chrome/80.0.3987.149 Safari/537.36
4	1	1	0	0	29376401	0	0	29376401	0	0	29487	Opera/9.80 (Android; Opera Mini/24.0.2254/61.485; U; en) Presto/2.12.423 Version/12.16
4	0	0	0	1	0	0	29418835	0	0	29418835	0	Mozilla/5.0 (Windows NT 6.1; rv:2.0b11pre) Gecko/20110126 Firefox/4.0b11pre
4	0	0	1	0	0	29447598	0	0	29447598	0	0	Mozilla/5.0 (iPhone; CPU iPhone OS 18_1_1 like Mac OS X) AppleWebKit/605.1.15 (KHTML, like Gecko) Version/18.1.1 Mobile/15E148 Safari/604.
4	0	0	1	0	0	29440745	0	0	29440745	0	0	Mozilla/5.0 (Windows NT 10.0; Win64; x64)
4	0	0	0	1	0	0	29418076	0	0	29418076	0	Mozilla/5.0 (compatible; MSIE 10.0; Windows NT 6.2; WOW64; Trident/6.0; MASPJS)
4	1	1	0	0	29420545	0	0	29420545	0	0	29487	Mozilla/5.0 (Windows NT 10.0; Win64; x64) AppleWebKit/537.36 (KHTML, like Gecko) Chrome/119.0.0.0 Safari/537.36
4	5	5	2	26	29387370	29445151	29405073	29387370	29437308	29387370	4218	Mozilla/5.0 (Windows NT 10.0; Win64; x64) AppleWebKit/537.36
4	0	0	0	1	0	0	29425855	0	0	29425855	0	Mozilla/4.0 (compatible; MSIE 7.0; Windows NT 6.2; WOW64; Trident/7.0; .NET4.0E; .NET4.0C; Tablet PC 2.0; .NET CLR 3.5.30729; .NET CLR 2.0.50727; .NET CLR 3.0.30729; McAfee; InfoPath.3; LCJB)
4	0	0	0	1	0	0	29433869	0	0	29433869	0	Mozilla/4.0 (compatible; MSIE 7.0; Windows NT 6.0; SLCC1; .NET CLR 2.0.50727; Media Center PC 5.0; .NET CLR 3.0.30729)
4	0	0	0	1	0	0	29401232	0	0	29401232	0	Mozilla/5.0 (Macintosh; Intel Mac OS X 10.13; rv:61.0) Gecko/20100101 Firefox/73.0
4	2	1	0	0	29378161	0	0	29378161	0	0	1193919	Mozilla/5.0 (X11; Linux x86_64) AppleWebKit/537.36 (KHTML, like Gecko) Chrome/112.0.0.0 Safari/537.36
4	0	0	0	5	0	0	29377037	0	0	29320018	0	Mozilla/5.0 (Macintosh; Intel Mac OS X 10_15_7) AppleWebKit/605.1.15 (KHTML, like Gecko) Version/15.1 Safari/605.1.15
4	0	0	1	0	0	29445837	0	0	29445837	0	0	Mozilla/5.0 (Windows 98; U; en) Opera 8.54
4	1	1	0	0	29412190	0	0	29412190	0	0	29487	Mozilla/5.0 (Windows NT 10.0; Win64; x64) AppleWebKit/537.36 (KHTML, like Gecko) Chrome/114.0.0.0 Safari/537.36 Edg/114.0.1823.58
4	0	0	1	0	0	29432920	0	0	29432920	0	0	Mozilla/5.0 (X11; U; Linux x86_64; en-US; rv:1.9.2.7) Gecko/20100809 Fedora/3.6.7-1.fc14 Firefox/3.6.7
4	1	1	0	0	29321802	0	0	29321802	0	0	18649	Mozilla/5.0 (X11; Linux x86_64) AppleWebKit/558.37 (KHTML, like Gecko) Chrome/89.0.2891 Safari/537.36
4	1	1	0	0	29410256	0	0	29410256	0	0	29487	Mozilla/5.0 (Windows NT 11.0; Win64; x64) AppleWebKit/537.36 (KHTML, like Gecko) Chrome/126.0.0.0 Safari/537.36
4	0	0	1	0	0	29447297	0	0	29447297	0	0	Mozilla/5.0 (Windows NT 10.0; Win64; x64) AppleWebKit/537.36 (KHTML, like Gecko) Chrome/134.0.0.0 Safari/537.36 Edg/134.0.0.
4	3	3	0	0	29370577	0	0	29370577	0	0	88461	Mozilla/5.0 (Windows NT 10.0; Win64; x64) AppleWebKit/537.36 (KHTML, like Gecko) Chrome/114.0.0.0 Safari/537.36 Edg/114.0.1823.51
4	1	1	0	0	29321234	0	0	29321234	0	0	18649	Mozilla/5.0 (Macintosh; Intel Mac OS X 9_2) AppleWebKit/599.49 (KHTML, like Gecko) Chrome/94.0.2193 Safari/537.36
4	0	0	1	1	0	29432920	29372967	0	29432920	29372967	0	Mozilla/5.0 (Windows NT 6.3; Win64; x64; Trident/7.0; Touch; MALNJS; rv:11.0) like Gecko
4	2	2	0	0	29370578	0	0	29370578	0	0	29487	Mozilla/5.0 (Android 13; Mobile; rv:109.0) Gecko/112.0 Firefox/112.0 AppEngine-Google; (+http://code.google.com/appengine; appid: s~virustotalcloud)
4	0	0	0	1	0	0	29343527	0	0	29343527	0	Mozilla/5.0 (Windows; U; Windows NT 5.1; en-US; rv:1.8.1.11) Gecko/20071127 Firefox/2.0.0.13
4	0	0	2	0	0	29447166	0	0	29447166	0	0	Mozilla/5.0 (Windows NT 10.0; Win64; x64) AppleWebKit/605.1.15 (KHTML, like Gecko) Chrome/85.0.4183.121 Safari/604.1
4	1	1	0	0	29379002	0	0	29379002	0	0	29487	Mozilla/5.0 (Windows NT 10.0; Win64; x64; rv:123.0) Gecko/20100101 Firefox/123
4	0	0	0	4	0	0	29377037	0	0	29320018	0	Mozilla/5.0 (iPhone; CPU iPhone OS 16_4 like Mac OS X) AppleWebKit/605.1.15 (KHTML, like Gecko) Version/16.4 Mobile/15E148 Safari/604.1
4	1	1	1	3	29421597	29449281	29421597	29421597	29449281	29395192	29487	Mozilla/5.0 (Linux; Android 14; SM-S901B) AppleWebKit/537.36 (KHTML, like Gecko) Chrome/120.0.6099.280 Mobile Safari/537.36 OPR/80.4.4244.7786
4	0	0	0	1	0	0	29418835	0	0	29418835	0	Mozilla/5.0 (Windows NT 10.0) AppleWebKit/537.36 (KHTML, like Gecko) Chrome/50.0.2661.102 Safari/537.36
4	0	0	1	0	0	29433869	0	0	29433869	0	0	Mozilla/5.0 (Windows; U; Windows NT 5.1; en-US) AppleWebKit/530.5 (KHTML, like Gecko) Chrome/2.0.173.1 Safari/530.5
4	0	0	1	0	0	29433869	0	0	29433869	0	0	Opera/9.80 (Macintosh; Intel Mac OS X 10.8.2) Presto/2.12.388 Version/12.12
4	0	0	0	2	0	0	29402676	0	0	29372967	0	Opera/9.80 (Windows NT 5.1; U; en) Presto/2.6.30 Version/10.63
4	1	1	0	0	29385329	0	0	29385329	0	0	29487	Mozilla/5.0 (MeeGo; NokiaN9) AppleWebKit/534.13 (KHTML, like Gecko) NokiaBrowser/8.5.0 Mobile Safari/534.13
4	0	0	0	3	0	0	29402951	0	0	29402951	0	Mozilla/5.0 (X11; Linux x86_64) AppleWebKit/537.36
4	0	0	1	0	0	29447117	0	0	29447117	0	0	Mozilla/5.0 (Windows NT 10.0; Win64; x64) AppleWebKit/537.36 (KHTML, like Gecko) Chrome/134.0.0.0 Safari/537.3
4	1	1	0	0	29331946	0	0	29331946	0	0	18810	Mozilla/5.0 (Windows NT 10.0; Win64; x64) AppleWebKit/537.36 (KHTML, like Gecko) Chrome/118.0.0.0 Safari/537.36
4	0	0	1	0	0	29445837	0	0	29445837	0	0	Mozilla/4.0 (compatible; MSIE 5.0; Windows 98) Opera 6.01  [de]
4	0	0	2	0	0	29447030	0	0	29445757	0	0	Opera/9.30 (Nintendo Wii; U; ; 3642; de)
4	0	0	0	1	0	0	29401232	0	0	29401232	0	Mozilla/5.0 (Macintosh; Intel Mac OS X 10_10_5) AppleWebKit/600.8.9 (KHTML, like Gecko) Version/9.0.1 Safari/601.2.7
4	0	0	0	1	0	0	29401232	0	0	29401232	0	Mozilla/5.0 (X11; U; Linux i686; en_US; rv:1.8.1b1) Gecko/20060813 Firefox/2.0b1
4	0	0	0	2	0	0	29388092	0	0	29388092	0	Mozilla/5.0 (Linux; Android 11; RMX2195 Build/RKQ1.201217.002; wv) AppleWebKit/537.36 (KHTML, like Gecko) Version/4.0 Chrome/94.0.4606.85 Mobile Safari/537.36
4	1	1	0	0	29365234	0	0	29365234	0	0	29487	Mozilla/5.0 (Windows NT 6.1; WOW64) AppleWebKit/537.36 (KHTML, like Gecko) Chrome/42.0.2311.90 Safari/537.36
4	0	0	0	1	0	0	29412190	0	0	29412190	0	Mozilla/5.0 (Mac OS X 13_2) AppleWebKit/537.36 (KHTML, like Gecko) Edge/106.0 Safari/537.36
4	0	0	0	1	0	0	29433869	0	0	29433869	0	Mozilla/5.0 (Macintosh; Intel Mac OS X 10_10_5) AppleWebKit/600.8.9 (KHTML, like Gecko) Version/8.0.8 Safari/600.8.9
4	2	2	440	271	29422604	29449657	29443171	29418856	29426735	29418693	1940	Mozilla/5.0 (iPad; CPU OS 17_0_3 like Mac OS X) AppleWebKit/605.1.15 (KHTML, like Gecko) Version/17.0.1 Mobile/15E148 Safari/604.1
4	0	0	0	1	0	0	29401232	0	0	29401232	0	Mozilla/5.0 (Windows; Windows NT 6.1) AppleWebKit/534.57.2 (KHTML, like Gecko) Version/5.1.7 Safari/534.57.2
4	2	2	1	0	29405023	29448504	0	29361763	29448504	0	58974	curl/8.3.0
4	0	0	1	0	0	29432920	0	0	29432920	0	0	Mozilla/5.0 (Windows; U; Windows NT 6.0; cs; rv:1.8.1.20) Gecko/20081217 Firefox/2.0.0.20
4	2	2	0	0	29320870	0	0	29320823	0	0	37298	Mozilla/5.0 (Windows NT 10.0; Win64; x64) AppleWebKit/537.36 (KHTML, like Gecko) Chrome/70.0.3538.102 Safari/537.36 Edge/18.19582
4	1	1	0	0	29355051	0	0	29355051	0	0	29487	Mozilla/5.0 (Macintosh; Intel Mac OS X 10_15_7) AppleWebKit/537.36 (KHTML, like Gecko) Chrome/98.0.4758.141 YaBrowser/22.3.3.866 Yowser/2.5 Safari/537.36
4	0	0	0	1	0	0	29372967	0	0	29372967	0	Mozilla/5.0 (X11; Linux x86_64) AppleWebKit/537.36 (KHTML, like Gecko) Chrome/54.0.2840.100 Safari/537.36
4	1	1	0	0	29350622	0	0	29350622	0	0	23587	Mozilla/5.0 AppleWebKit/537.36 (KHTML, like Gecko; compatible; Nicecrawler/1.1; +http://www.nicecrawler.com/) Chrome/90.0.4430.97 Safari/537.36
4	0	0	0	1	0	0	29372967	0	0	29372967	0	Mozilla/5.0 (X11; U; CrOS i686 0.9.128; en-US) AppleWebKit/534.10 (KHTML, like Gecko) Chrome/8.0.552.339 Safari/534.10
4	1	1	0	0	29336468	0	0	29336468	0	0	22535	Mozilla/5.0 (Macintosh; Intel Mac OS X 10_14_6) AppleWebKit/537.36 (KHTML, like Gecko) Chrome/76.0.3809.132 Safari/537.36
4	0	0	0	1	0	0	29343527	0	0	29343527	0	Mozilla/5.0 (Windows; U; Windows NT 5.1; fr; rv:1.8.0.2) Gecko/20060308 Firefox/1.5.0.2
4	14	7	0	0	29338506	0	0	29318379	0	0	8281654	Dalvik/2.1.0 (Linux; U; Android 9.0; ZTE BA520 Build/MRA58K)
4	0	0	1	0	0	29447176	0	0	29447176	0	0	Mozilla/5.0 (Linux; Android 10; K) AppleWebKit/537.36 (KHTML, like Gecko) SamsungBrowser/27.0 Chrome/125.0.0.0 Mobile Safari/537.3
4	1	1	0	0	29433869	0	0	29433869	0	0	29487	Mozilla/5.0 (X11; Linux x86_64) AppleWebKit/534.30 (KHTML, like Gecko) Ubuntu/11.04 Chromium/12.0.742.112 Chrome/12.0.742.112 Safari/534.30
4	0	0	0	1	0	0	29432920	0	0	29432920	0	Mozilla/5.0 (X11; U; Linux i686; fr-FR; rv:1.8.1.17) Gecko/20080829 Firefox/2.0.0.17
4	0	0	0	1	0	0	29343527	0	0	29343527	0	More Firefox 3.0.1 user agents strings -->>
4	0	0	0	1	0	0	29418835	0	0	29418835	0	Mozilla/5.0 (Windows NT 6.3; Win64; x64; rv:43.0) Gecko/20100101 Firefox/43.0
4	0	0	0	1	0	0	29395226	0	0	29395226	0	Mozilla/5.0 (Linux; U; Android 4.0.4; en-gb; MZ604 Build/I.7.1-45) AppleWebKit/534.30 (KHTML, like Gecko) Version/4.0 Safari/534.30
4	0	0	0	1	0	0	29405640	0	0	29405640	0	Mozilla/5.0 (Windows NT 10.0) AppleWebKit/537.36 (KHTML, like Gecko) Chrome/122.0.0.0 Safari/537.36 Edg/122.0.0.0
4	0	0	0	1	0	0	29376401	0	0	29376401	0	Mozilla/5.0 (Windows NT 6.0; Win64; x64) AppleWebKit/537.36 (KHTML, like Gecko) Chrome/60.0.3112.90 Safari/537.36
4	1	1	0	0	29357566	0	0	29357566	0	0	29487	Mozilla/5.0 (X11; Linux x86_64) AppleWebKit/537.36 (KHTML, like Gecko) HeadlessChrome/109.0.5414.46 Safari/537.36
4	1	1	0	0	29376535	0	0	29376535	0	0	29487	Mozilla/5.0 (Macintosh; U; PPC Mac OS X; en) AppleWebKit/125.2 (KHTML, like Gecko) Safari/85.8
4	1	1	421	254	29418856	29449657	29443149	29418856	29426666	29418693	654	Mozilla/5.0 (iPad; CPU OS 16_7_2 like Mac OS X) AppleWebKit/605.1.15 (KHTML, like Gecko) Version/16.6 Mobile/15E148 Safari/604.1
4	0	0	0	1	0	0	29405640	0	0	29405640	0	Mozilla/5.0 (Windows NT 10.0; Win64; x64) AppleWebKit/537.36 (KHTML, like Gecko) Chrome/132.0.0.0 YaBrowser/25.2.0.0 Safari/537.36
4	0	0	0	1	0	0	29343528	0	0	29343528	0	Mozilla/5.0 (Linux; Android 4.4.2; LG-E980 Build/KOT49I.E98020h) AppleWebKit/537.36 (KHTML, like Gecko) Chrome/44.0.2403.133 Mobile Safari/537.36
4	0	0	0	1	0	0	29386411	0	0	29386411	0	Mozilla/4.0 (compatible; MSIE 8.0; Windows NT 6.1; WOW64; Trident/4.0; GTB7.5; SLCC2; .NET CLR 2.0.50727; .NET CLR 3.5.30729; .NET CLR 3.0.30729; Media Center PC 6.0; InfoPath.3; .NET4.0C; .NET4.0E)
4	0	0	1	0	0	29433869	0	0	29433869	0	0	Mozilla/5.0 (iPad; CPU OS 7_1_2 like Mac OS X) AppleWebKit/537.51.2 (KHTML, like Gecko) Mobile/11D257
4	1	1	0	0	29356509	0	0	29356509	0	0	29487	Mozilla/5.0 (Linux; Android 11; SM-A415F) AppleWebKit/537.36 (KHTML, like Gecko) Chrome/101.0.4951.41 Mobile Safari/537.36
4	2	2	0	2	29413113	0	29413113	29324642	0	29324642	48136	Mozilla/5.0 (compatible; ips-agent)
4	1	1	0	0	29403850	0	0	29403850	0	0	29487	Mozilla/5.0 (Windows NT 6.1; WOW64; rv:47.0) Gecko/20100101 Firefox/47.0
4	1	1	0	0	29332824	0	0	29332824	0	0	18810	Mozilla/5.0 (X11; U; Linux i686 (x86_64); en-GB; rv:1.9.2.17) Gecko/20110420 Firefox/3.6.17
4	1	1	0	1	29315965	0	29315965	29315965	0	29315965	623	Mozilla/5.0 (Linux; Android 10; K) AppleWebKit/537.36 (KHTML, like Gecko) SamsungBrowser/28.0 Chrome/130.0.0.0 Mobile Safari/537.36
4	0	0	0	1	0	0	29343528	0	0	29343528	0	Mozilla/5.0 (X11; Linux i686 on x86_64; rv:5.0) Gecko/20100101 Firefox/3.6.17 Firefox/3.6.17
4	0	0	0	1	0	0	29343528	0	0	29343528	0	Mozilla/5.0 (X11; U; Linux x86_64; ko-KR; rv:1.9.0.1) Gecko/2008071717 Firefox/3.0.1
4	1	1	0	0	29384904	0	0	29384904	0	0	29487	Mozilla/5.0 (X11; Linux x86_64) AppleWebKit/537.36 (KHTML, like Gecko) Chrome/110.0.0.0 Safari/537.36
4	0	0	1	2	0	29443409	29384895	0	29443409	29384895	0	Mozilla/5.0 (Windows NT 10.0; Win64; x64) AppleWebKit/537.36 (KHTML, like Gecko) Chrome/121.0.0.0 Safari/537.3
4	1	1	0	0	29345758	0	0	29345758	0	0	23587	Mozilla/5.0 (Windows NT 10.0; Win64; x64; rv:102.0) Gecko/20100101 Firefox/102.0
4	0	0	0	1	0	0	29386409	0	0	29386409	0	Mozilla/5.0 (Windows NT 6.3; Win64; x64) AppleWebKit/537.36 (KHTML, like Gecko) Chrome/60.0.3112.113 Safari/537.36
4	7	7	4	0	29449778	29448645	0	29414221	29439584	0	209705	Mozilla/5.0 (Windows NT 10.0; Win64; x64) AppleWebKit/537.36 (KHTML, like Gecko) Chrome/140.0.0.0 Safari/537.36 Edg/140.0.0.0; 360Spider
4	1	1	0	0	29332821	0	0	29332821	0	0	18810	Mozilla/5.0 (X11; U; Linux x86_64; en-US; rv:1.9.0.12) Gecko/2009070811 Ubuntu/9.04 (jaunty) Firefox/3.0.12
4	1	1	0	0	29412190	0	0	29412190	0	0	29487	Mozilla/5.0 (Debian; Linux x86_64) AppleWebKit/537.36 (KHTML, like Gecko) Chrome/129.0.0.0 Safari/537.36
4	0	0	0	1	0	0	29418835	0	0	29418835	0	Mozilla/5.0 (Windows; U; Windows NT 5.1; es-AR; rv:1.9b2) Gecko/2007121120 Firefox/3.0b2
4	3	3	1	0	29406535	29440611	0	29339678	29440611	0	82561	python-requests/2.32.5
4	4	4	1	3	29403774	29449612	29359430	29332295	29449612	29324896	56430	python-requests/2.32.3
4	0	0	1	0	0	29433869	0	0	29433869	0	0	Mozilla/2.0 (compatible; MSIE 3.0; Windows 95)
4	0	0	1	0	0	29432920	0	0	29432920	0	0	Mozilla/5.0 (X11; U; Linux x86_64; en-US) AppleWebKit/532.1 (KHTML, like Gecko) Chrome/4.0.219.3 Safari/532.1
4	0	0	0	1	0	0	29369441	0	0	29369441	0	Mozilla/5.0 (Macintosh; Intel Mac OS X 10_15_7) AppleWebKit/605.1.15 (KHTML, like Gecko) Version/17.5 Safari/605.1.15
4	3	3	0	0	29320413	0	0	29319419	0	0	51987	Mozilla/5.0 (Linux; Android 6.0.1; Nexus 5X Build/MMB29P) AppleWebKit/537.36 (KHTML, like Gecko) Chrome/139.0.7258.127 Mobile Safari/537.36 (compatible; Googlebot/2.1; +http://www.google.com/bot.html)
4	0	0	1	0	0	29435235	0	0	29435235	0	0	Mozilla/5.0 (Windows NT 10.0; Win64; x64) AppleWebKit/537.36 (KHTML, like Gecko) Chrome/116.0.0.0 Safari/537.36
4	0	0	0	3	0	0	29377037	0	0	29320018	0	Mozilla/5.0 (Windows NT 10.0; Win64; x64; rv:108.0) Gecko/20100101 Firefox/108.0
4	1	1	0	0	29378341	0	0	29378341	0	0	29487	Mozilla/5.0 (X11; Linux x86_64) AppleWebKit/550.49 (KHTML, like Gecko) Chrome/57.0.888 Safari/537.36
4	1	1	0	0	29370852	0	0	29370852	0	0	29487	Mozilla/5.0 (X11; U; Linux x86_64; sv-SE; rv:1.8.1.12) Gecko/20080207 Ubuntu/7.10 (gutsy) Firefox/2.0.0.12
4	1	1	0	0	29376401	0	0	29376401	0	0	29487	Mozilla/5.0 (iPad; CPU OS 6_0 like Mac OS X) AppleWebKit/536.26 (KHTML, like Gecko) Version/6.0 Mobile/10A5376e Safari/8536.25
4	0	0	1	0	0	29443874	0	0	29443874	0	0	Mozilla/5.0 (iPhone; CPU iPhone OS 17_3_1 like Mac OS X) AppleWebKit/605.1.15 (KHTML, like Gecko) Version/17.3.1 Mobile/15E148 Safari/604
4	13	13	8	67	29420234	29439179	29445672	29319420	29430073	29319419	305538	Mozilla/5.0 (compatible; Googlebot/2.1; +http://www.google.com/bot.html)
4	0	0	0	1	0	0	29410900	0	0	29410900	0	Mozilla/5.0 (X11; Linux x86_64) AppleWebKit/537.36 (KHTML, like Gecko) Chrome/125.0.5994.50 Safari/537.36
4	0	0	0	1	0	0	29418835	0	0	29418835	0	More Firefox 3.0.2 user agents strings -->>
4	1	1	0	0	29388240	0	0	29388240	0	0	29487	Mozilla/5.0 (Windows NT 10.0) AppleWebKit/537.36 (KHTML, like Gecko) Chrome/52.0.2743.116 Safari/537.36 Edge/15.15063
4	3	3	0	0	29333225	0	0	29331043	0	0	60155	Python/3.11 aiohttp/3.11.11
4	0	0	0	1	0	0	29376401	0	0	29376401	0	Mozilla/5.0 (X11; Linux x86_64; rv:10.0) Gecko/20150101 Firefox/20.0 (Chrome)
4	0	0	0	1	0	0	29372967	0	0	29372967	0	Opera/9.21 (Windows NT 5.1; U; de)
4	1	1	0	0	29405640	0	0	29405640	0	0	29487	Mozilla/5.0 (Macintosh; Intel Mac OS X 10_15_1) AppleWebKit/537.36 (KHTML, like Gecko) Chrome/127.0.0.0 Safari/537.36
4	3	2	0	0	29446926	0	0	29346903	0	0	1217506	Mozilla/5.0 (X11; Linux x86_64; rv:102.0) Gecko/20100101 Firefox/102.0
4	1	1	0	0	29351320	0	0	29351320	0	0	23587	Mozilla/5.0 (Macintosh; PPC Mac OS X 10.8; rv:55.0) Gecko/20100101 Firefox/55.0
4	0	0	0	1	0	0	29376642	0	0	29376642	0	Mozilla/5.0 (Windows; U; Windows NT 6.1; en-US) AppleWebKit/532.0 (KHTML, like Gecko) Chrome/4.0.202.0 Safari/532.0
4	0	0	0	1	0	0	29432920	0	0	29432920	0	Opera/9.51 (Windows NT 5.1; U; en)
4	1	1	0	0	29335651	0	0	29335651	0	0	22535	Opera/6.01 (Windows 2000; U) [de]
4	0	0	0	1	0	0	29418835	0	0	29418835	0	Mozilla/5.0 (Linux; U; Android 2.3.5; en-us; SGH-T679 Build/GINGERBREAD) AppleWebKit/533.1 (KHTML, like Gecko) Version/4.0 Mobile Safari/533.1
4	0	0	0	1	0	0	29395225	0	0	29395225	0	Mozilla/5.0 (Macintosh; Intel Mac OS X 10_5_8) AppleWebKit/534.50.2 (KHTML, like Gecko) Version/4.0.4 Safari/531.21.10
4	0	0	0	1	0	0	29432920	0	0	29432920	0	Mozilla/4.0 (compatible; MSIE 10.0; Windows NT 6.1; Trident/5.0)
4	0	0	0	1	0	0	29386411	0	0	29386411	0	Mozilla/5.0 (Linux; U; Android 4.1.1; en-us; ZTE-Z993 Build/JRO03C) AppleWebKit/534.30 (KHTML, like Gecko) Version/4.0 Mobile Safari/534.30
4	0	0	1	0	0	29432920	0	0	29432920	0	0	Mozilla/5.0 (Android 4.4.4; Mobile; rv:43.0) Gecko/43.0 Firefox/43.0
4	0	0	0	1	0	0	29343528	0	0	29343528	0	Mozilla/5.0 (Windows; U; MSIE 7.0; Windows NT 6.0; en-US)
4	0	0	0	1	0	0	29376401	0	0	29376401	0	Mozilla/5.0 (X11; U; Linux i686; en-GB; rv:1.8.1.8) Gecko/20071022 Ubuntu/7.10 (gutsy) Firefox/2.0.0.8
4	0	0	0	1	0	0	29402676	0	0	29402676	0	Mozilla/5.0 (Windows NT 5.2; WOW64) AppleWebKit/535.7 (KHTML, like Gecko) Chrome/16.0.912.63 Safari/535.7
4	0	0	0	1	0	0	29386411	0	0	29386411	0	Opera/9.20 (Windows NT 5.1; U; es-AR)
4	0	0	0	1	0	0	29405640	0	0	29405640	0	Mozilla/5.0 (Macintosh; Intel Mac OS X 10_14_5) AppleWebKit/537.43 (KHTML, like Gecko) Chrome/126.0.0.0 Safari/537.36 OPR/112.0.0.0
4	1	1	0	0	29327393	0	0	29327393	0	0	18649	Mozilla/5.0 (Windows NT 10.0; Win64; x64) AppleWebKit/537.36 (KHTML, like Gecko) Chrome/140.0.7339.186 Safari/537.36
4	0	0	0	1	0	0	29372967	0	0	29372967	0	Mozilla/5.0 (Linux; U; Android 4.2.2; en-us; TECNO H5 Build/JDQ39) AppleWebKit/534.30 (KHTML, like Gecko) Version/4.0 Mobile Safari/534.30
4	0	0	1	0	0	29446926	0	0	29446926	0	0	Mozilla/5.0 (Windows NT 10.0; Win64; x64) AppleWebKit/537.36 (KHTML, like Gecko) Chrome/116.0.0.0 Safari/537.36 Edg/116.0.1938.54
4	1	1	0	5	29399192	0	29377037	29399192	0	29320018	29487	Mozilla/5.0 (Windows NT 10.0; Win64; x64) AppleWebKit/537.36 (KHTML, like Gecko) Chrome/115.0.0.0 Safari/537.36
4	0	0	0	1	0	0	29432920	0	0	29432920	0	Mozilla/5.0 (X11; CrOS i686 0.13.507) AppleWebKit/534.35 (KHTML, like Gecko) Chrome/13.0.763.0 Safari/534.35
4	2	2	450	236	29421599	29449657	29443153	29418696	29426735	29418693	1624	Mozilla/5.0 (Linux; Android 12; 2201116SG) AppleWebKit/537.36 (KHTML, like Gecko) Chrome/116.0.0.0 Mobile Safari/537.36
4	3	3	0	14	29347588	0	29347588	29347588	0	29347588	70761	Mozilla/5.0 (Windows NT 10.0; Win64; x64) AppleWebKit/537.36 (KHTML, like Gecko) Chrome/79.0 Safari/537.36
4	0	0	21	14	0	29446470	29426474	0	29427261	29370373	0	Mozilla/5.0 (Macintosh; Intel Mac OS X 10.15; rv:77.0) Gecko/20100101 Firefox/77.0
4	0	0	1	0	0	29447773	0	0	29447773	0	0	Mozilla/5.0 (iPod touch; CPU iPhone OS 11_0_3 like Mac OS X) AppleWebKit/604.1.38 (KHTML, like Gecko) Version/11.0 Mobile/15A432 Safari/604.1
4	1	1	0	0	29395225	0	0	29395225	0	0	29487	Opera/9.80 (Windows NT 5.1; U; en) Presto/2.10.289 Version/12.01
4	0	0	0	1	0	0	29432920	0	0	29432920	0	Mozilla/5.0 (compatible; MSIE 9.0; Windows NT 6.1; WOW64; Trident/5.0; MALC)
4	0	0	0	2	0	0	29404148	0	0	29404146	0	Mozilla/5.0 (Windows NT 10.0; Win64; x64; rv:147.0) Gecko/20100101 Thunderbird/147.0a1
4	2	1	6	0	29417563	29449403	0	29417563	29431989	0	1193919	Mozilla/5.0 (X11; Linux x86_64) AppleWebKit/537.36 (KHTML, like Gecko) Chrome/142.0.0.0 Safari/537.36
4	1	1	0	0	29386409	0	0	29386409	0	0	29487	Mozilla/4.0 (compatible; MSIE 6.0; MSIE 5.5; Windows ME) Opera 7.03  [de]
4	1	1	0	0	29321257	0	0	29321257	0	0	18649	Mozilla/5.0 (Macintosh; U; Intel Mac OS X 10_6_1; en-US) AppleWebKit/533.4 (KHTML, like Gecko) Chrome/5.0.375.86 Safari/533.4
4	1	1	2	0	29386057	29437842	0	29386057	29429912	0	29487	Mozilla/5.0 (Windows NT 10.0; Win64; x64) AppleWebKit/537.36 (KHTML, like Gecko) Chrome/115.0.5790.171 Safari/537.36 Edg/115.0.1901.203
4	1	1	0	0	29317861	0	0	29317861	0	0	16669	Mozilla/5.0 (Linux; Android 10; K) AppleWebKit/537.36 (KHTML, like Gecko) Chrome/122.0.0.0 Mobile Safari/537.36
4	0	0	0	1	0	0	29376401	0	0	29376401	0	Mozilla/5.0 (Mobile; LYF/F120B/LYF-F120B-000-01-16-010218;Android; rv:48.0) Gecko/48.0 Firefox/48.0 KAIOS/2.0
4	0	0	0	1	0	0	29376642	0	0	29376642	0	Mozilla/4.0 (compatible; MSIE 5.0; Windows ME) Opera 6.01  [de]
4	6	6	5	24	29347086	29442583	29422715	29318083	29409044	29319571	113033	Mozilla/5.0
4	2	2	0	102	29337050	0	29337050	29337049	0	29337049	45070	Mozilla/5.0 (Windows NT 6.1; WOW64) Gecko/20090405 Firefox/24.0
4	1	1	423	259	29421089	29449657	29426516	29421089	29426735	29418694	654	Mozilla/5.0 (iPhone; CPU iPhone OS 17_1_1 like Mac OS X) AppleWebKit/605.1.15 (KHTML, like Gecko) Version/17.1 Mobile/15E148 Safari/604.1
4	1	1	0	0	29399568	0	0	29399568	0	0	29487	Python/3.8 aiohttp/3.9.5
4	1	1	0	0	29357658	0	0	29357658	0	0	29487	Mozilla/5.0 (iPhone; CPU iPhone OS 18_2_1 like Mac OS X) AppleWebKit/605.1.15 (KHTML, like Gecko) GSA/354.0.720749604 Mobile/15E148 Safari/604.1
4	0	0	0	1	0	0	29386410	0	0	29386410	0	Mozilla/5.0 (Android 6.0.1;) AppleWebKit/1.1 Version/4.0 Mobile Safari/1.1
4	1	1	0	0	29332065	0	0	29332065	0	0	18810	iTunes/4.2 (Macintosh; U; PPC Mac OS X 10.2)
4	0	0	0	3	0	0	29333458	0	0	29320018	0	Mozilla/5.0 (iPad; CPU OS 16_4 like Mac OS X) AppleWebKit/605.1.15 (KHTML, like Gecko) Version/16.4 Mobile/15E148 Safari/604.1
4	0	0	1	0	0	29445837	0	0	29445837	0	0	Mozilla/4.0 (compatible; MSIE 8.0; Windows NT 6.1; Win64; x64; Trident/4.0; GTB7.5; .NET CLR 2.0.50727; SLCC2; .NET CLR 3.5.30729; .NET CLR 3.0.30729; Media Center PC 6.0; .NET4.0C; MAGW)
4	0	0	1	0	0	29445837	0	0	29445837	0	0	Mozilla/5.0 (iPhone; CPU iPhone OS 9_0 like Mac OS X) AppleWebKit/601.1.39 (KHTML, like Gecko) Version/9.0 Mobile/13A4305g Safari/601.1
4	0	0	1	0	0	29433086	0	0	29433086	0	0	Mozilla/5.0 (Windows NT 10.0; Win64; x64; rv:128.0) Gecko/20100101 Firefox/128.0
4	0	0	0	1	0	0	29432920	0	0	29432920	0	Mozilla/5.0 (Linux; U; Android 4.2.2; en-us; TECNO M3 Build/JDQ39) AppleWebKit/534.30 (KHTML, like Gecko) Version/4.0 Mobile Safari/534.30
4	1	1	0	0	29423189	0	0	29423189	0	0	29487	Mozilla/5.0 (Windows NT 6.1; WOW64; Trident/7.0; NP08; rv:11.0) like Gecko
4	0	0	1	0	0	29434852	0	0	29434852	0	0	Python-urllib/3.9
4	0	0	0	1	0	0	29410900	0	0	29410900	0	Mozilla/5.0 (Windows NT 10.0; Win64; x64) AppleWebKit/537.36 (KHTML, like Gecko) Chrome/125.0.5179.101 Safari/537.36
4	0	0	0	1	0	0	29402676	0	0	29402676	0	More Firefox 3.0.3 user agents strings -->>
4	0	0	0	1	0	0	29395226	0	0	29395226	0	Mozilla/5.0 (Windows; U; Windows NT 5.2; en-CA; rv:1.9.2.4) Gecko/20100523 Firefox/3.6.4
4	0	0	1	0	0	29445837	0	0	29445837	0	0	Mozilla/5.0 (Windows NT 6.3; WOW64) AppleWebKit/537.36 (KHTML, like Gecko) Chrome/52.0.2743.116 Safari/537.36 OPR/39.0.2256.71
4	5	3	0	3	29399192	0	29319295	29318251	0	29319295	2378871	Mozilla/5.0 (Windows NT 10.0; Win64; x64) AppleWebKit/537.36 (KHTML, like Gecko) Chrome/114.0.0.0 Safari/537.36
4	1	1	0	0	29329155	0	0	29329155	0	0	18649	W3C_Validator/1.654
4	0	0	0	1	0	0	29432920	0	0	29432920	0	Mozilla/5.0 (Linux; Android 4.4.2; ALCATEL A564C Build/KVT49L) AppleWebKit/537.36 (KHTML, like Gecko) Chrome/35.0.1916.122 Mobile Safari/537.36
4	2	1	0	0	29366820	0	0	29366820	0	0	1193919	Mozilla/5.0 (iPhone; CPU iPhone OS 16_6_1 like Mac OS X) AppleWebKit/605.1.15 (KHTML, like Gecko) Version/16.5 Mobile/15E148 Safari/604.1
4	0	0	1	0	0	29445837	0	0	29445837	0	0	Mozilla/5.0 (Linux; Android 5.0; SM-G900P Build/LRX21T) AppleWebKit/537.36 (KHTML, like Gecko) Chrome/45.0.2454.84 Mobile Safari/537.36
4	0	0	0	1	0	0	29418076	0	0	29418076	0	Mozilla/5.0 (Linux; U; Android 4.1.2; iw-il; LG-P714 Build/JZO54K) AppleWebKit/534.30 (KHTML, like Gecko) Version/4.0 Mobile Safari/534.30
4	0	0	0	1	0	0	29376642	0	0	29376642	0	Mozilla/5.0 (Windows NT 6.1; WOW64) AppleWebKit/537.36 (KHTML, like Gecko) Chrome/51.0.2704.79 Safari/537.36
4	0	0	0	1	0	0	29372967	0	0	29372967	0	Mozilla/5.0 (Windows NT 6.1; WOW64; rv:6.0) Gecko/20100101 Firefox/6.0
4	1	1	0	0	29339329	0	0	29339329	0	0	22535	Mozilla/5.0 (Macintosh; Intel Mac OS X 10_2_3; en-US) Gecko/20100101 Firefox/61.4
4	0	0	1	0	0	29445837	0	0	29445837	0	0	Mozilla/5.0 (X11; U; Linux i686; en-US; rv:1.9.1.16) Gecko/20120421 Firefox/11.0
4	1	1	412	261	29421766	29449657	29443148	29421766	29426735	29418693	654	Mozilla/5.0 (Linux; Android 14; Pixel 8 Pro) AppleWebKit/537.36 (KHTML, like Gecko) Chrome/119.0.0.0 Mobile Safari/537.36
4	1	1	0	0	29373809	0	0	29373809	0	0	29487	Opera/9.30 (Nintendo Wii; U; ; 2047-7; en)
4	0	0	0	1	0	0	29376642	0	0	29376642	0	Mozilla/5.0 (Linux; U; Android 4.0.4; en-us; DROID RAZR Build/6.7.2-180_DHD-16_M4-31) AppleWebKit/534.30 (KHTML, like Gecko) Version/4.0 Mobile Safari/534.30
4	0	0	0	1	0	0	29376642	0	0	29376642	0	Mozilla/4.0 (compatible; MSIE 7.0; Windows NT 5.1; Trident/4.0; .NET CLR 2.0.50727)
4	0	0	0	1	0	0	29372967	0	0	29372967	0	Mozilla/5.0 (X11; Linux i686; rv:35.0) Gecko/20100101 Firefox/35.0
4	0	0	0	1	0	0	29432920	0	0	29432920	0	Mozilla/5.0 (iPad; CPU OS 7_0_4 like Mac OS X) AppleWebKit/537.51.1 (KHTML, like Gecko) Coast/2.0.1.68788 Mobile/11B554a Safari/7534.48.3
4	8	8	0	0	29405030	0	0	29319168	0	0	183612	curl/7.29.0
4	0	0	0	1	0	0	29402676	0	0	29402676	0	Mozilla/4.0 (compatible; MSIE 8.0; Windows NT 6.1; Trident/4.0; GTB7.5; SLCC2; .NET CLR 2.0.50727; .NET CLR 3.5.30729; .NET CLR 3.0.30729; Media Center PC 6.0; MDDS; OfficeLiveConnector.1.5; OfficeLivePatch.1.3; .NET4.0C; BRI/2)
4	0	0	0	1	0	0	29372967	0	0	29372967	0	Mozilla/5.0 (iPhone; CPU iPhone OS 10_1 like Mac OS X) AppleWebKit/602.2.14 (KHTML, like Gecko) Version/10.0 Mobile/14B71 Safari/602.1
4	4	4	0	0	29344687	0	0	29321852	0	0	83420	Mozilla/5.0 (Linux; Android 6.0.1; Nexus 5X Build/MMB29P) AppleWebKit/537.36 (KHTML, like Gecko) Chrome/140.0.7339.207 Mobile Safari/537.36 (compatible; Googlebot/2.1; +http://www.google.com/bot.html)
4	0	0	0	1	0	0	29376642	0	0	29376642	0	Mozilla/5.0 (Macintosh; U; PPC Mac OS X; sv-se) AppleWebKit/312.5.1 (KHTML, like Gecko) Safari/312.3.1
4	0	0	419	204	0	29449657	29443152	0	29426735	29418693	0	Mozilla/5.0 (iPhone; CPU iPhone OS 16_0 like Mac OS X) AppleWebKit/605.1.15 (KHTML, like Gecko) FxiOS/118.0 Mobile/15E148 Safari/605.1.15
4	1	1	0	0	29368325	0	0	29368325	0	0	29487	Mozilla/5.0 (X11; Ubuntu; Linux x86_64; rv:109.0) Gecko/20100101 Firefox/115.0
4	3	3	1	0	29322230	29432203	0	29317694	29432203	0	51987	Mozilla/5.0 (X11; Linux x86_64) AppleWebKit/537.36 (KHTML, like Gecko) HeadlessChrome/89.0.4389.90 Safari/537.36
4	0	0	1	0	0	29447770	0	0	29447770	0	0	Mozilla/5.0 (iPhone; CPU iPhone OS 18_0_1 like Mac OS X) AppleWebKit/605.1.15 (KHTML, like Gecko) Brave/1 Mobile/15E148 Safari/604.1
4	1	1	0	0	29418835	0	0	29418835	0	0	29487	Mozilla/5.0 (Windows; U; Windows NT 6.1; en-US; rv:1.9.1.16) Gecko/20101130 Firefox/3.5.16 FirePHP/0.4
4	3	3	0	3	29425108	0	29425108	29326184	0	29326184	77623	Mozilla/5.0 (Windows NT 10.0; Win64; x64) AppleWebKit/537.36 (KHTML, like Gecko; compatible; BW/1.3; rb.gy/qyzae5) Chrome/124.0.0.0 Safari/537.36
4	1	1	0	0	29401232	0	0	29401232	0	0	29487	Mozilla/5.0 (Windows NT 6.1; WOW64; rv:25.0) Gecko/20100101 Firefox/47.0
4	1	1	0	0	29419867	0	0	29419867	0	0	29487	Mozilla/5.0 (Windows NT 10.0; Win64; x64) AppleWebKit/537.36 (KHTML, like Gecko) Chrome/99.0.3809.100 Safari/537.36
4	1	1	0	0	29423300	0	0	29423300	0	0	29487	Mozilla/5.0 (Windows NT 6.1; Win64; x64) AppleWebKit/537.36 (KHTML, like Gecko)Chrome/74.0.3729.169 Safari/537.36
4	0	0	0	1	0	0	29376642	0	0	29376642	0	Mozilla/5.0 (Windows NT 6.3; Win64; x64) AppleWebKit/537.36 (KHTML, like Gecko) Chrome/55.0.2883.87 Safari/537.36
4	1	1	0	0	29368414	0	0	29368414	0	0	29487	Mozilla/5.0 (Windows NT 10.0; Win64; x64; rv:138.0) Gecko/20100101 Firefox/138.0
4	1	1	0	0	29317391	0	0	29317391	0	0	16669	Mozilla/5.0 (Macintosh; Intel Mac OS X 10_15_5) AppleWebKit/605.1.15 (KHTML, like Gecko) Version/13.1.1 Safari/605.1.15
4	0	0	0	1	0	0	29372967	0	0	29372967	0	Mozilla/5.0 (Amiga; PowerPC AmigaOS 4.1; Odyssey Web Browser; rv:1.23) AppleWebKit/538.1 (KHTML, like Gecko) OWB/1.23 Safari/538.1
4	1	1	0	0	29383049	0	0	29383049	0	0	29487	Mozilla/5.0 (Macintosh; Intel Mac OS X 10_12_6) AppleWebKit/537.36 (KHTML, like Gecko) Chrome/61.0.2798.13 Safari/537.36
4	2	2	0	0	29353531	0	0	29318404	0	0	40256	Mozilla/5.0 (Macintosh; Intel Mac OS X 10_15_7) AppleWebKit/537.36 (KHTML, like Gecko) Chrome/112.0.5615.138 Safari/537.36
4	0	0	0	1	0	0	29376401	0	0	29376401	0	Mozilla/5.0 (Windows NT 6.3; WOW64) AppleWebKit/537.36 (KHTML, like Gecko) Chrome/37.0.2062.120 Safari/537.36
4	0	0	1	0	0	29445837	0	0	29445837	0	0	Mozilla/5.0 (Linux; U; Android 4.1.2; it-it; GT-P3100 Build/JZO54K) AppleWebKit/534.30 (KHTML, like Gecko) Version/4.0 Safari/534.30
4	0	0	1	0	0	29432920	0	0	29432920	0	0	Mozilla/5.0 (Linux; Android 5.0.1; SAMSUNG SM-N910V 4G Build/LRX22C) AppleWebKit/537.36 (KHTML, like Gecko) SamsungBrowser/2.1 Chrome/34.0.1847.76 Mobile Safari/537.36
4	0	0	0	1	0	0	29402676	0	0	29402676	0	Mozilla/5.0 (Macintosh; U; Intel Mac OS X 10.6; en-US; rv:1.9.2) Gecko/20091218 Firefox 3.6b5
4	0	0	0	1	0	0	29376642	0	0	29376642	0	Mozilla/5.0 (Windows NT 5.1) AppleWebKit/537.36 (KHTML, like Gecko) Chrome/47.0.2526.80 Safari/537.36
4	0	0	0	1	0	0	29372967	0	0	29372967	0	Mozilla/5.0 (Macintosh; U; Intel Mac OS X 10_5_7; en-us) AppleWebKit/530.19.2 (KHTML, like Gecko) Version/4.0.2 Safari/530.19
4	0	0	1	0	0	29432920	0	0	29432920	0	0	Mozilla/5.0 (Windows NT 6.1; WOW64) AppleWebKit/537.36 (KHTML, like Gecko) Chrome/34.0.1847.132 Safari/537.36 OPR/21.0.1432.67 (Edition Campaign 38)
4	1	1	0	1	29366399	0	29366399	29366399	0	29366399	29487	bitlybot/3.0 (+http://bit.ly/)
4	1	1	0	0	29353951	0	0	29353951	0	0	0	Mozilla/5.0 (Windows NT 6.2; Win64; x64) AppleWebKit/537.36 (KHTML, like Gecko) Chrome/132.0.0.0 YaBrowser/25.2.0.0 Safari/537.36
4	0	0	0	1	0	0	29372967	0	0	29372967	0	Mozilla/5.0 (Macintosh; Intel Mac OS X 10_12_3) AppleWebKit/537.36 (KHTML, like Gecko) Chrome/55.0.2883.87 Safari/537.36 OPR/42.0.2393.517
4	0	0	0	1	0	0	29402676	0	0	29402676	0	Mozilla/5.0 (compatible; MSIE 7.0; Windows NT 6.0; fr-FR)
4	0	0	0	1	0	0	29395226	0	0	29395226	0	Mozilla/5.0 (Windows; U; Windows NT 5.1; en-US) AppleWebKit/534.10 (KHTML, like Gecko) Chrome/8.0.552.215 Safari/534.10
4	1	1	0	0	29368004	0	0	29368004	0	0	29487	Mozilla/5.0 (Linux; Android 11; RMX1931) AppleWebKit/537.36 (KHTML, like Gecko) Chrome/101.0.4951.41 Mobile Safari/537.36
4	2	1	0	0	29370598	0	0	29370596	0	0	1193919	Mozilla/5.0 (iPhone; CPU iPhone OS 17_0 like Mac OS X) AppleWebKit/605.1.15 (KHTML, like Gecko) Version/17.0 Mobile/15E148 Safari/604.1
4	0	0	0	1	0	0	29402676	0	0	29402676	0	Mozilla/5.0 (Windows NT 6.1) AppleWebKit/537.36 (KHTML, like Gecko) Chrome/30.0.1599.69 Safari/537.36 OPR/17.0.1241.45
4	0	0	0	1	0	0	29372967	0	0	29372967	0	Opera/7.03 (Windows 98; U)  [de]
4	0	0	1	0	0	29445837	0	0	29445837	0	0	Mozilla/5.0 (Macintosh; Intel Mac OS X 10_12_5) AppleWebKit/537.36 (KHTML, like Gecko) Chrome/59.0.3071.104 Safari/537.36
4	0	0	0	1	0	0	29418835	0	0	29418835	0	Mozilla/5.0 (X11; U; SunOS sun4v; en-US; rv:1.8.1.3) Gecko/20070321 Firefox/2.0.0.3
4	5	5	1	0	29428340	29440815	0	29320202	29440815	0	127951	Mozilla/5.0 (X11; Linux x86_64) AppleWebKit/537.36 (KHTML, like Gecko) Chrome/105.0.0.0 Safari/537.36
4	67	34	2	1	29431223	29441140	29316757	29316757	29441140	29316757	39310591	Mozilla/5.0 (X11; Linux x86_64) AppleWebKit/537.36 (KHTML, like Gecko) Chrome/139.0.0.0 Safari/537.36
4	0	0	0	1	0	0	29410900	0	0	29410900	0	Mozilla/5.0 (Windows NT 10.0; Win64; x64) AppleWebKit/537.36 (KHTML, like Gecko) Chrome/124.0.5783.103 Safari/537.36
4	0	0	3	0	0	29447000	0	0	29446998	0	0	Mozilla/5.0 (Windows NT 10.0; Win64; x64; rv:145.0) Gecko/20100101 Firefox/145.0
4	0	0	0	1	0	0	29418076	0	0	29418076	0	Mozilla/5.0 (X11; Ubuntu; Linux x8664; rv:32.0) Gecko/20100101 Firefox/32.0
4	2	2	0	0	29317975	0	0	29317241	0	0	33338	Mozilla/5.0 (X11; Linux x86_64) Chrome/19.0.1084.9 Safari/536.5
4	1	1	0	0	29316928	0	0	29316928	0	0	0	Mozilla/5.0 (Windows NT 6.3; Trident/7.0; rv:11.0) like Gecko
4	0	0	1	0	0	29438115	0	0	29438115	0	0	Mozilla/5.0 (iPhone; CPU iPhone OS 16_3 like Mac OS X) AppleWebKit/605.1.15 (KHTML, like Gecko) CriOS/122.0.6261.89 Mobile/15E148 Safari/604
4	1	1	0	0	29322334	0	0	29322334	0	0	18649	Mozilla/5.0 (Macintosh; Intel Mac OS X 10_10_3) AppleWebKit/537.36 (KHTML, like Gecko) Chrome/42.0.2311.135 Safari/537.36
4	0	0	0	1	0	0	29410900	0	0	29410900	0	Mozilla/5.0 (Windows NT 10.0; Win64; x64) AppleWebKit/537.36 (KHTML, like Gecko) Chrome/126.0.5258.97 Safari/537.36
4	0	0	0	1	0	0	29376401	0	0	29376401	0	Mozilla/5.0 (Windows NT 6.1; WOW64) AppleWebKit/536.5 (KHTML, like Gecko) Chrome/19.0.1084.52 Safari/536.5
4	0	0	1	0	0	29432920	0	0	29432920	0	0	Mozilla/5.0 (iPod touch; CPU iPhone OS 9_3 like Mac OS X) AppleWebKit/601.1.46 (KHTML, like Gecko) Version/9.0 Mobile/13E233 Safari/601.1
4	0	0	0	1	0	0	29395225	0	0	29395225	0	Mozilla/5.0 (X11; U; Linux x86_64; en-US; rv:1.8.0.1) Gecko/20060313 Fedora/1.5.0.1-9 Firefox/1.5.0.1 pango-text
4	0	0	0	1	0	0	29343528	0	0	29343528	0	Opera/9.02 (X11; Linux i686; U; en)
4	0	0	0	1	0	0	29401232	0	0	29401232	0	Mozilla/5.0 (Windows NT 5.1) AppleWebKit/537.36 (KHTML, like Gecko) Chrome/46.0.2490.71 Safari/537.36
4	6	3	10	0	29426178	29446362	0	29420498	29429097	0	3581757	Mozilla/5.0 (X11; Linux x86_64; rv:142.0) Gecko/20100101 Firefox/142.0
4	1	1	0	0	29346847	0	0	29346847	0	0	23587	Mozilla/5.0 (Macintosh; Intel Mac OS X 10_15_4) AppleWebKit/537.36 (KHTML, like Gecko) Chrome/101.0.4951.54 Safari/537.36
4	15	3	0	0	29318233	0	0	29317529	0	0	10529895	Mozilla/5.0 (Macintosh; Intel Mac OS X 10_9_3) AppleWebKit/537.36 (KHTML, like Gecko) Chrome/35.0.1916.47 Safari/537.36
4	0	0	0	1	0	0	29343527	0	0	29343527	0	Mozilla/4.0 (compatible; MSIE 8.0; Windows NT 6.1; WOW64; Trident/4.0; SLCC2; .NET CLR 2.0.50727; .NET CLR 3.5.30729; .NET CLR 3.0.30729; Media Center PC 6.0; .NET4.0C; .NET4.0E; InfoPath.3; MS-RTC LM 8; TD_LCK_V80_01)
4	1	0	0	0	29317864	0	0	29317864	0	0	1164432	Mozilla/5.0 (Windows NT 10.0; Win64; x64) AppleWebKit/537.36 (KHTML, like Gecko) Chrome/121.0.0.0 Safari/537.36 Edg/121.0.0.0
4	2	2	411	245	29422821	29449657	29447926	29421599	29426735	29418693	1624	Mozilla/5.0 (Linux; Android 12; SM-A525F) AppleWebKit/537.36 (KHTML, like Gecko) Chrome/117.0.0.0 Mobile Safari/537.36
4	0	0	0	2	0	0	29418835	0	0	29418076	0	Mozilla/5.0 (X11; Linux x86_64) AppleWebKit/537.36 (KHTML, like Gecko) Chrome/65.0.3325.162 Safari/537.36 OPR/52.0.2871.30
4	0	0	0	1	0	0	29402676	0	0	29402676	0	Mozilla/5.0 (Windows NT 6.2; Win64; x64) AppleWebKit/537.36 (KHTML, like Gecko) Chrome/59.0.3071.115 Safari/537.36 OPR/46.0.2597.57
4	0	0	1	0	0	29445837	0	0	29445837	0	0	Mozilla/4.0 (compatible; MSIE 7.0; Windows NT 6.1; WOW64; Trident/5.0; SLCC2; .NET CLR 2.0.50727; .NET CLR 3.5.30729; .NET CLR 3.0.30729; Media Center PC 6.0)
4	0	0	0	1	0	0	29343527	0	0	29343527	0	Mozilla/5.0 (Android 6.0.1; Mobile; rv:54.0) Gecko/54.0 Firefox/54.0
4	0	0	0	1	0	0	29433869	0	0	29433869	0	Mozilla/5.0 (Windows NT 6.1; rv:21.0) Gecko/20100101 Firefox/21.0
4	0	0	0	1	0	0	29418835	0	0	29418835	0	Mozilla/5.0 (X11; U; Linux i686; de-AT; rv:1.7.6) Gecko/20050325 Firefox/1.0.2 (Debian package 1.0.2-1)
4	6	2	0	6	29319070	0	29319070	29318376	0	29318377	4691066	Mozilla/5.0 (X11; Linux x86_64) AppleWebKit/537.36 (KHTML, like Gecko) Chrome/132.0.0.0 Safari/537.3
4	9	8	1	0	29370639	29441540	0	29317531	29441540	0	1348044	Mozilla/5.0 (Windows NT 10.0; Win64; x64) AppleWebKit/537.36 (KHTML, like Gecko) Chrome/117.0.5938.132 Safari/537.36
4	2	2	2	1	29316943	29444699	29316943	29316943	29444699	29316943	0	CheckMarkNetwork/1.0 (+http://www.checkmarknetwork.com/spider.html)
4	8	0	0	0	29420234	0	0	29319420	0	0	9315456	Googlebot-Image/1.0
4	0	0	0	2	0	0	29415291	0	0	29413803	0	Python-urllib/2.7
4	1	1	429	268	29423386	29449657	29426516	29423386	29426735	29418693	970	Mozilla/5.0 (Linux; Android 13; SM-S908E) AppleWebKit/537.36 (KHTML, like Gecko) Chrome/116.0.0.0 Mobile Safari/537.36
4	4	1	0	0	29321170	0	0	29321170	0	0	3511945	Mozilla/5.0 (Macintosh; Intel Mac OS X 10_15_7) AppleWebKit/537.36 (KHTML, like Gecko) Chrome/96.0.4664.110 Safari/537.36
4	1	1	0	0	29342222	0	0	29342222	0	0	23587	Mozilla/5.0 (Linux; Android 10; M2007J20CI) AppleWebKit/537.36 (KHTML, like Gecko) Chrome/101.0.4951.41 Mobile Safari/537.36
4	0	0	0	1	0	0	29376642	0	0	29376642	0	Mozilla/5.0 (compatible; Konqueror/4.4; Linux) KHTML/4.4.1 (like Gecko) Fedora/4.4.1-1.fc12
4	0	0	1	0	0	29433869	0	0	29433869	0	0	Mozilla/4.0 (compatible; MSIE 8.0; Windows NT 5.1; Trident/4.0; .NET CLR 2.0.50727; .NET CLR 3.0.04506.648; .NET CLR 3.5.21022; .NET CLR 3.0.4506.2152; .NET CLR 3.5.30729)
4	0	0	0	1	0	0	29372967	0	0	29372967	0	Mozilla/4.0 (compatible; MSIE 6.0; Windows NT 5.0; T312461)
4	0	0	0	1	0	0	29376642	0	0	29376642	0	Opera/7.03 (Windows NT 5.0; U)  [en]
4	0	0	0	1	0	0	29410900	0	0	29410900	0	Mozilla/5.0 (Windows NT 10.0; Win64; x64) AppleWebKit/537.36 (KHTML, like Gecko) Chrome/129.0.5316.95 Safari/537.36
4	0	0	0	1	0	0	29418835	0	0	29418835	0	Mozilla/5.0 (Linux; Android 7.0; SM-G610F Build/NRD90M) AppleWebKit/537.36 (KHTML, like Gecko) Chrome/62.0.3202.84 Mobile Safari/537.36
4	0	0	0	1	0	0	29395225	0	0	29395225	0	Mozilla/5.0 (iPhone; U; CPU iPhone OS 4_2_1 like Mac OS X; de-de) AppleWebKit/533.17.9 (KHTML, like Gecko) Version/5.0.2 Mobile/8C148 Safari/6533.18.5
4	1	1	0	0	29386822	0	0	29386822	0	0	29487	Mozilla/5.0 (X11; Ubuntu; Linux x86_64; rv:114.0) Gecko/20100101 Firefox/114.0
4	2	1	0	0	29342387	0	0	29316088	0	0	1165940	Mozilla/5.0 (Macintosh; Intel Mac OS X 10_15_7) AppleWebKit/537.36 (KHTML, like Gecko) Chrome/115.0.0.0 Safari/537.36
4	0	0	0	1	0	0	29376642	0	0	29376642	0	Mozilla/5.0 (Mobile; LYF/F81E/LYF_F81E_000_01_09_231017; rv:48.0) Gecko/48.0 Firefox/48.0 KAIOS/2.0
4	1	1	0	0	29383049	0	0	29383049	0	0	29487	Mozilla/5.0 (Macintosh; Intel Mac OS X 10_12_6) AppleWebKit/537.36 (KHTML, like Gecko) Chrome/55.0.2543.137 Safari/537.36
4	2	2	0	0	29352335	0	0	29339222	0	0	46122	Mozilla/5.0 (Linux; Android 10; POCO F1) AppleWebKit/537.36 (KHTML, like Gecko) Chrome/101.0.4951.41 Mobile Safari/537.36
4	1	0	0	0	29345758	0	0	29345758	0	0	1164432	Mozilla/5.0 (X11; Ubuntu; Linux x86_64; rv:109.0) Gecko/20100101 Firefox/114.0
4	1	1	0	0	29344966	0	0	29344966	0	0	23587	Mozilla/5.0 (X11; FreeBSD amd64) AppleWebKit/537.36 (KHTML, like Gecko) Chrome/35.0.1916.153 Safari/537.36
4	1	1	0	0	29411181	0	0	29411181	0	0	29487	Mozilla/5.0 (X11; Linux x86_64) AppleWebKit/537.36 (KHTML, like Gecko) Chrome/95.0.4638.69 Safari/537.36
4	3	3	2	3	29359746	29430806	29359746	29317167	29430806	29317167	69743	Mozilla/5.0 (Windows NT 10.0; Win64; x64) AppleWebKit/537.36 (KHTML, like Gecko) Chrome/120.0.0.0 Safari/537.36 Viewer/99.9.8853.8
4	0	0	0	1	0	0	29372967	0	0	29372967	0	Mozilla/4.0 (compatible; MSIE 6.0; Windows NT 5.1; FunWebProducts)
4	0	0	0	1	0	0	29376641	0	0	29376641	0	Mozilla/5.0 (X11; Linux x86_64) AppleWebKit/537.36 (KHTML, like Gecko) Chrome/50.0.2661.89 Safari/537.36
4	0	0	0	1	0	0	29386411	0	0	29386411	0	Mozilla/5.0 (iPhone; CPU iPhone OS 11_0 like Mac OS X) AppleWebKit/604.1.31 (KHTML, like Gecko) Version/11.0 Mobile/15A5327g Safari/604.1
4	2	2	0	0	29404483	0	0	29326660	0	0	48136	Mozilla/5.0 (X11; Linux x86_64) AppleWebKit/537.36 (KHTML, like Gecko) Chrome/137.0.0.0 Safari/537.36
4	1	1	0	0	29369441	0	0	29369441	0	0	29487	Mozilla/5.0 (Macintosh; Intel Mac OS X 10_15_7) AppleWebKit/537.36 (KHTML, like Gecko) Chrome/135.0.0.0 Safari/537.36 Edg/135.0.0.0
4	0	0	0	1	0	0	29410900	0	0	29410900	0	Mozilla/5.0 (X11; Linux x86_64) AppleWebKit/537.36 (KHTML, like Gecko) Chrome/122.0.5797.88 Safari/537.36
4	0	0	0	1	0	0	29410900	0	0	29410900	0	Mozilla/5.0 (Windows NT 10.0; Win64; x64) AppleWebKit/537.36 (KHTML, like Gecko) Chrome/121.0.5456.27 Safari/537.36
4	93	73	4	449	29422548	29445381	29422548	29317392	29409155	29317392	2001251	Mozilla/5.0 (Windows NT 10.0; Win64; x64) AppleWebKit/537.36 (KHTML, like Gecko) Chrome/78.0.3904.108 Safari/537.36
4	0	0	0	6	0	0	29377037	0	0	29320018	0	Mozilla/5.0 (compatible; Yahoo! Slurp; http://help.yahoo.com/help/us/ysearch/slurp)
4	0	0	1	0	0	29433869	0	0	29433869	0	0	Mozilla/5.0 (Macintosh; U; PPC Mac OS X; de-de) AppleWebKit/418.9.1 (KHTML, like Gecko) Safari/419.3
4	0	0	0	1	0	0	29433869	0	0	29433869	0	Mozilla/5.0 (X11; Linux x86_64) AppleWebKit/537.36 (KHTML, like Gecko) Chrome/49.0.2623.110 Safari/537.36
4	3	2	1	0	29409182	29409182	0	29317986	29409182	0	53778	Mozilla/5.0 (compatible; InternetMeasurement/1.0; +https://internet-measurement.com/)
4	0	0	1	0	0	29445837	0	0	29445837	0	0	Opera/9.80 (S60; SymbOS; Opera Mobi/SYB-1204232254; U; en-GB) Presto/2.10.254 Version/12.00
4	0	0	1	0	0	29432920	0	0	29432920	0	0	Mozilla/5.0 (Linux; U; Android 3.2.1; en-us; A500 Build/HTK55D) AppleWebKit/534.13 (KHTML, like Gecko) Version/4.0 Safari/534.13
4	0	0	0	1	0	0	29386409	0	0	29386409	0	Mozilla/4.0 (compatible; MSIE 6.0; Windows NT 5.1) Opera 7.53  [en]
4	0	0	0	1	0	0	29376641	0	0	29376641	0	Mozilla/5.0 (Windows; U; MSIE 9.0; WIndows NT 9.0; en-US))
4	0	0	0	1	0	0	29343528	0	0	29343528	0	Mozilla/5.0 (Windows NT 6.1) AppleWebKit/537.36 (KHTML, like Gecko) Chrome/56.0.2924.76 Safari/537.36
4	0	0	0	1	0	0	29405640	0	0	29405640	0	Mozilla/5.0 (Windows NT 6.1; Win64; x64) AppleWebKit/537.36 (KHTML, like Gecko) Chrome/128.0.0.0 YaBrowser/24.10.0.0 Safari/537.36
4	1	1	0	0	29370685	0	0	29370685	0	0	29487	Mozilla/5.0 (Windows NT 10.0; Win64; x64) AppleWebKit/537.36 (KHTML, like Gecko) Chrome/100.0.4896.127 Safari/537.36
4	0	0	0	1	0	0	29343527	0	0	29343527	0	Mozilla/4.0 (compatible; MSIE 7.0; Windows NT 6.1; WOW64; Trident/4.0; SLCC2; .NET CLR 2.0.50727; .NET CLR 3.5.30729; .NET CLR 3.0.30729; Media Center PC 6.0; .NET4.0C; BRI/2; MAGW; InfoPath.2)
4	1	1	0	0	29341996	0	0	29341996	0	0	23587	Mozilla/5.0 (X11; Linux x86_64) AppleWebKit/537.36 (KHTML, like Gecko) Chrome/114.0.0.0 Safari/537.36 Vivaldi/5.3.2679.68
4	1	1	0	0	29401232	0	0	29401232	0	0	29487	Mozilla/5.0 (Windows NT 6.1; WOW64) AppleWebKit/537.36 (KHTML, like Gecko) Chrome/56.0.2924.76 Safari/537.36
4	0	0	0	1	0	0	29333285	0	0	29333285	0	Mozilla/5.0 (Windows NT 10.0; WOW64) AppleWebKit/537.36 (KHTML, like Gecko) Chrome/75.0.3770.100 Safari/537.36
4	1	1	0	0	29351243	0	0	29351243	0	0	23587	Mozilla/5.0 (Macintosh; Intel Mac OS X 10_15_7) AppleWebKit/537.36 (KHTML, like Gecko) Chrome/100.0.4896.75 Safari/537.36
4	0	0	1	0	0	29445094	0	0	29445094	0	0	t3versionsBot/1.1; +https://www.t3versions.com/bot
4	1	1	0	0	29317050	0	0	29317050	0	0	0	Mozilla/5.0 (iPhone; CPU iPhone OS 14_4 like Mac OS X) AppleWebKit/605.1.15 (KHTML, like Gecko) Version/15.4 Mobile/15E148 Safari/604.1
4	0	0	0	1	0	0	29343528	0	0	29343528	0	Mozilla/5.0 (Macintosh; U; Intel Mac OS X; zh-tw) AppleWebKit/525.13 (KHTML, like Gecko) Version/3.1 Safari/525.13.3
4	0	0	0	1	0	0	29395226	0	0	29395226	0	Mozilla/5.0 (Windows NT 5.2; rv:52.0) Gecko/20100101 Firefox/52.0
4	0	0	4	0	0	29449854	0	0	29448068	0	0	Mozilla/5.0 (X11; Linux x86_64) AppleWebKit/537.36 (KHTML, like Gecko) Chrome/92.0.4515.107 Safari/537.36
4	0	0	0	1	0	0	29372967	0	0	29372967	0	Mozilla/5.0 (Macintosh; Intel Mac OS X 10_11_6) AppleWebKit/604.4.7 (KHTML, like Gecko) Version/11.0.2 Safari/604.4.7
4	0	0	0	1	0	0	29418835	0	0	29418835	0	Mozilla/5.0 (Macintosh; Intel Mac OS X 10_10_5) AppleWebKit/600.8.9 (KHTML, like Gecko) Version/9.1 Safari/601.5.17
4	0	0	0	1	0	0	29418835	0	0	29418835	0	Mozilla/5.0 (Windows NT 10.0; WOW64) AppleWebKit/537.36 (KHTML, like Gecko) Chrome/49.0.2623.87 Safari/537.36 OPR/36.0.2130.46
4	1	1	0	0	29333475	0	0	29333475	0	0	22535	Roku/DVP-4.1 (024.01E01250A)
4	0	0	0	1	0	0	29343528	0	0	29343528	0	Mozilla/5.0 (Linux; U; Android 4.4.2; en-us; LG-D415 Build/KOT49I.D41510c) AppleWebKit/537.36 (KHTML, like Gecko) Version/4.0 Chrome/30.0.1599.103 Mobile Safari/537.36
4	1	0	0	0	29326660	0	0	29326660	0	0	1164432	Mozilla/5.0 (X11; Linux x86_64) AppleWebKit/537.36 (KHTML, like Gecko) Chrome/136.0.0.0 Safari/537.36
4	1	1	0	0	29316076	0	0	29316076	0	0	800	Mozilla/5.0 (Linux; Android 14) AppleWebKit/537.36 (KHTML, like Gecko) Chrome/118.0.5993.80 Mobile Safari/537.36
4	1	1	0	0	29422939	0	0	29422939	0	0	29487	Mozilla/5.0 (Linux; Android 6.0.1; Z981 Build/MMB29M) AppleWebKit/537.36 (KHTML, like Gecko) Chrome/64.0.3282.137 Mobile Safari/537.36
4	0	0	0	1	0	0	29418835	0	0	29418835	0	Mozilla/5.0 (Macintosh; Intel Mac OS X 10_12_6) AppleWebKit/537.36 (KHTML, like Gecko) Chrome/62.0.3202.94 Safari/537.36
4	0	0	0	214	0	0	29449258	0	0	29316250	0	Mozilla/5.0 (Macintosh; Intel Mac OS X 10_15_7) AppleWebKit/537.36 (KHTML, like Gecko) Chrome/131.0.0.0 Safari/537.36; compatible; OAI-SearchBot/1.0; +https://openai.com/searchbot
4	0	0	0	9	0	0	29377037	0	0	29320018	0	Mozilla/5.0 (Windows NT 10.0; Win64; x64) AppleWebKit/537.36 (KHTML, like Gecko) Edge/115.0.0.0
4	0	0	0	1	0	0	29422939	0	0	29422939	0	Mozilla/5.0 (X11; U; Linux i686; en-us) AppleWebKit/528.5  (KHTML, like Gecko, Safari/528.5 ) lt-GtkLauncher
4	1	1	0	0	29419821	0	0	29419821	0	0	29487	Mozilla/5.0 (Linux; U; Android 2.2; en-us; Sprint APA9292KT Build/FRF91) AppleWebKit/533.1 (KHTML, like Gecko) Version/4.0 Mobile Safari/533.1
4	1	1	0	0	29372235	0	0	29372235	0	0	0	Java/1.8.0_332
4	24	17	7	0	29419988	29448294	0	29340163	29435453	0	8634603	Mozilla/5.0 (X11; Ubuntu; Linux x86_64; rv:134.0) Gecko/20100101 Firefox/134.0
4	0	0	0	1	0	0	29418835	0	0	29418835	0	Mozilla/5.0 (Windows; U; Windows NT 6.0; en-US; rv:1.9.1.6) Gecko/20091201 MRA 5.4 (build 02647) Firefox/3.5.6 (.NET CLR 3.5.30729)
4	1	1	0	0	29359328	0	0	29359328	0	0	29487	Mozilla/5.0 (Macintosh; Intel Mac OS X 10_11_6) AppleWebKit/537.36 (KHTML, like Gecko) Chrome/100.0.4896.127 Safari/537.36
4	0	0	0	1	0	0	29422939	0	0	29422939	0	Mozilla/5.0(iPad; U; CPU OS 5_0 like Mac OS X; en-us) AppleWebKit/533.17.9 (KHTML, like Gecko) Version/5.0.2 Mobile/8F191 Safari/6533.18.5
4	1	1	0	1	29317050	0	29365234	29317050	0	29365234	0	Mozilla/5.0 (Macintosh; Intel Mac OS X 10_15_7) AppleWebKit/537.36 (KHTML, like Gecko) Chrome/113.0.0.0 Safari/537.36
4	0	0	1	0	0	29439432	0	0	29439432	0	0	CATExplorador/1.0beta (sistemes at domini dot cat; https://domini.cat/catexplorador/)
4	0	0	0	1	0	0	29343528	0	0	29343528	0	Mozilla/5.0 (Windows NT 6.1) AppleWebKit/536.11 (KHTML, like Gecko) Chrome/20.0.1132.57 Safari/536.11
4	1	1	0	0	29369441	0	0	29369441	0	0	29487	Mozilla/5.0 (X11; Ubuntu; Linux x86_64; rv:137.0) Gecko/20100101 Firefox/137.0
4	1	1	0	0	29327393	0	0	29327393	0	0	18649	Mozilla/5.0 (Windows NT 10.0; Win64; x64) AppleWebKit/537.36 (KHTML, like Gecko) Chrome/108.0.0.0 Safari/537.36
4	0	0	10	0	0	29449335	0	0	29440923	0	0	Mozilla/5.0 (Windows NT 10.0; Win64; x64) AppleWebKit/537.36 (KHTML, like Gecko) Chrome/143.0.0.0 Safari/537.36
4	0	0	0	1	0	0	29402676	0	0	29402676	0	Mozilla/5.0 (X11; Linux x86_64; rv:27.0) Gecko/20100101 Firefox/27.0
4	0	0	0	1	0	0	29433869	0	0	29433869	0	Mozilla/5.0 (Windows; U; Windows NT 5.1; it-IT; rv:1.7.7) Gecko/20050414 Firefox/1.0.3
4	1	1	0	0	29352168	0	0	29352168	0	0	23587	python-requests/2.28.2
4	1	1	0	0	29383049	0	0	29383049	0	0	29487	Mozilla/5.0 (Windows NT 10.0; WOW64) AppleWebKit/537.36 (KHTML, like Gecko) Chrome/55.0.476.23 Safari/537.36
4	0	0	1	0	0	29449435	0	0	29449435	0	0	python-requests/2.28.0
4	0	0	0	1	0	0	29418835	0	0	29418835	0	Mozilla/5.0 (Windows; U; Windows NT 6.0; de) AppleWebKit/525.13 (KHTML, like Gecko) Chrome/0.2.149.27 Safari/525.13
4	0	0	1	0	0	29445837	0	0	29445837	0	0	Mozilla/5.0 (X11; U; Linux x86_64; en-US; rv:1.9) Gecko/2008061317 (Gentoo) Firefox/3.0
4	1	1	0	0	29358102	0	0	29358102	0	0	29487	Mozilla/5.0 (Windows NT 6.3; Win64; x64) AppleWebKit/537.36 (KHTML, like Gecko) Chrome/83.0.4103.106 Safari/537.36
4	0	0	0	1	0	0	29433869	0	0	29433869	0	Mozilla/5.0 (Windows; U; Windows NT 5.1; fr) AppleWebKit/522.15.5 (KHTML, like Gecko) Version/3.0.3 Safari/522.15.5
4	0	0	0	1	0	0	29432920	0	0	29432920	0	Mozilla/5.0 (Macintosh; Intel Mac OS X 10_12_5) AppleWebKit/537.36 (KHTML, like Gecko) Chrome/61.0.3163.100 Safari/537.36
4	0	0	0	1	0	0	29418835	0	0	29418835	0	Mozilla/5.0 (Linux; U; Android 2.3.6; en-us; SGH-T769 Build/GINGERBREAD) AppleWebKit/533.1 (KHTML, like Gecko) Version/4.0 Mobile Safari/533.1
4	0	0	0	1	0	0	29402676	0	0	29402676	0	Mozilla/5.0 (Macintosh; Intel Mac OS X 10_13_2) AppleWebKit/537.36 (KHTML, like Gecko) Chrome/63.0.3239.84 Safari/537.36
4	0	0	1	0	0	29432920	0	0	29432920	0	0	Mozilla/5.0 (X11; U; Linux i686; pl-PL; rv:1.9.0.10) Gecko/2009042513 Ubuntu/8.04 (hardy) Firefox/3.0.10
4	0	0	0	1	0	0	29410900	0	0	29410900	0	Mozilla/5.0 (X11; Linux x86_64) AppleWebKit/537.36 (KHTML, like Gecko) Chrome/126.0.5006.36 Safari/537.36
4	1	1	0	0	29317517	0	0	29317517	0	0	16669	Mozilla/5.0 (Debian; Linux x86_64) AppleWebKit/537.36 (KHTML, like Gecko) Chrome/121.0.0.0 Safari/537.36
4	0	0	0	1	0	0	29402676	0	0	29402676	0	Opera/9.22 (X11; Linux i686; U; de)
4	2	2	0	0	29320870	0	0	29320823	0	0	37298	Mozilla/5.0 (Linux; Android 8.0.0; SM-G965U Build/R16NW) AppleWebKit/537.36 (KHTML, like Gecko) Chrome/63.0.3239.111 Mobile Safari/537.36
4	0	0	1	0	0	29449851	0	0	29449851	0	0	Mozilla/5.0 (Linux; Android 14; SM-S918U1 Build/UP1A.221004.007; wv) AppleWebKit/537.36 (KHTML, like Gecko) Version/4.0 Chrome/132.0.6834.122 Mobile Safari/537.36 Line/15.0.0/IAB
4	0	0	0	1	0	0	29418076	0	0	29418076	0	Mozilla/4.0 (compatible; MSIE 6.0; Windows NT 5.1; SV1; .NET CLR 2.0.50727; .NET CLR 3.0.4506.2152; .NET CLR 3.5.30729)
4	0	0	0	1	0	0	29372967	0	0	29372967	0	Mozilla/5.0 (Windows NT 10.0; WOW64; Trident/7.0; MDDSJS; rv:11.0) like Gecko
4	30	19	6	3	29421714	29449143	29316128	29316127	29316128	29316128	10979975	Mozilla/5.0 (compatible; CensysInspect/1.1; +https://about.censys.io/)
4	1	1	0	0	29317073	0	0	29317073	0	0	0	Mozilla/5.0 Firefox/26.0
4	3	3	0	0	29421139	0	0	29334243	0	0	74557	Mozilla/5.0 (Windows NT 10.0; Win64; x64) AppleWebKit/537.36 (KHTML, like Gecko) Chrome/107.0.0.0 Safari/537.36
4	5	2	13	65	29409211	29438734	29423735	29389139	29409207	29395530	81840	Mozilla/5.0 (Windows NT 10.0; Win64; x64) AppleWebKit/537.36 (KHTML, like Gecko) Chrome/142.0.0.0 Safari/537.36
4	0	0	1	0	0	29449436	0	0	29449436	0	0	Mozilla/5.0 (Linux; Android 6.0.1; SOV33 Build/35.0.D.0.326) AppleWebKit/537.36 (KHTML, like Gecko) Chrome/49.0.2623.91 Mobile Safari/537.36
4	0	0	3	0	0	29444630	0	0	29444628	0	0	Mozilla/5.0 (Nintendo WiiU) AppleWebKit/536.30 (KHTML, like Gecko) NX/3.0.4.2.13 NintendoBrowser/4.3.2.11274.EU
4	0	0	0	1	0	0	29343528	0	0	29343528	0	Mozilla/5.0 (Linux; U; Android 4.1.2; en-us; HTC_PN07120/1.26.502.10 Build/JZO54K) AppleWebKit/534.30 (KHTML, like Gecko) Version/4.0 Mobile Safari/534.30
4	1	1	0	1	29321721	0	29321721	29321721	0	29321721	18649	CuteStat (+https://www.cutestat.com/bot)
4	0	0	1	0	0	29445837	0	0	29445837	0	0	Mozilla/4.0 (compatible; MSIE 8.0; Windows NT 6.1; fr) Opera 11.00
4	0	0	0	1	0	0	29343527	0	0	29343527	0	Mozilla/5.0 (iPod touch; CPU iPhone OS 8_4 like Mac OS X) AppleWebKit/600.1.4 (KHTML, like Gecko) Version/8.0 Mobile/12H143 Safari/600.1.4
4	2	2	0	0	29370703	0	0	29370643	0	0	58974	Mozilla/5.0 (Windows NT 10.0; Win64; x64) AppleWebKit/537.36 (KHTML, like Gecko) Chrome/84.0.4147.89 Safari/537.36
4	1	1	0	0	29318520	0	0	29318520	0	0	16669	Python/3.10 aiohttp/3.8.3
4	1	1	0	0	29327577	0	0	29327577	0	0	18649	Opera/9.80 (Windows NT 6.1; U; en) Presto/2.7.62 Version/11.01
4	0	0	0	1	0	0	29372967	0	0	29372967	0	Mozilla/4.0 (compatible; MSIE 8.0; Windows NT 5.1; Trident/4.0; .NET4.0C; .NET4.0E; .NET CLR 2.0.50727; .NET CLR 3.0.4506.2152; .NET CLR 3.5.30729)
4	0	0	0	1	0	0	29418835	0	0	29418835	0	Mozilla/5.0 (X11; U; SunOS i86pc; en-ZW; rv:1.8.1.6) Gecko/20071125 Firefox/2.0.0.6
4	0	0	1	0	0	29433869	0	0	29433869	0	0	Mozilla/5.0 (Windows NT 5.2; rv:43.0) Gecko/20100101 Firefox/43.0
4	0	0	0	1	0	0	29372967	0	0	29372967	0	Mozilla/4.0 (compatible; MSIE 8.0; Windows NT 5.1; Trident/4.0; .NET CLR 1.1.4322; .NET CLR 3.0.04506.30; .NET CLR 3.0.04506.648; SpamBlockerUtility 4.8.4; .NET CLR 3.0.4506.2152; .NET CLR 3.5.30729; InfoPath.1; .NET CLR 2.0.50727; .NET4.0C)
4	0	0	0	1	0	0	29376642	0	0	29376642	0	Mozilla/5.0 (Windows; U; Windows NT 5.1; en-US) AppleWebKit/530.7 (KHTML, like Gecko) Chrome/2.0.177.0 Safari/530.7
4	0	0	0	1	0	0	29432920	0	0	29432920	0	Mozilla/5.0 (Windows NT 6.2; WOW64) AppleWebKit/537.36 (KHTML, like Gecko) Chrome/44.0.2403.155 Safari/537.36
4	0	0	0	1	0	0	29401232	0	0	29401232	0	Mozilla/5.0 (Windows NT 6.0; WOW64) AppleWebKit/535.1 (KHTML, like Gecko) Chrome/13.0.782.220 Safari/535.1
4	0	0	0	1	0	0	29395226	0	0	29395226	0	Mozilla/5.0 (X11; U; Linux i686; en-US; rv:1.9.0.4pre) Gecko/2008101311 Firefox/3.0.4pre (Swiftfox)
4	0	0	1	0	0	29433869	0	0	29433869	0	0	More Safari 3.2.1 user agents strings -->>
4	0	0	0	1	0	0	29343528	0	0	29343528	0	Mozilla/5.0 (Macintosh; U; Intel Mac OS X 10_6_4; en-US) AppleWebKit/534.10 (KHTML, like Gecko) Chrome/8.0.552.210 Safari/534.10
4	1	1	0	0	29369727	0	0	29369727	0	0	29487	Mozilla/5.0 (Macintosh; Intel Mac OS X 10_15_7) AppleWebKit/537.36 (KHTML, like Gecko) Chrome/111.0.0.0 Safari/537.36
4	0	0	1	0	0	29432920	0	0	29432920	0	0	Mozilla/5.0 (X11; U; Linux i686; es-AR; rv:1.9.2.10) Gecko/20100922 Ubuntu/10.10 (maverick) Firefox/3.6.10
4	4	4	391	258	29424995	29449657	29445491	29421257	29426735	29418693	3248	Mozilla/5.g (Linux; Android 13; Pixel 7) AppleWebKit/537.36 (KHTML, like Gecko) Chrome/116.0.0.0 Mobile Safari/537.36
4	2	2	0	0	29350558	0	0	29350363	0	0	47174	Mozilla/5.0 (Windows NT 10.0; Win64; x64) AppleWebKit/537.36 (KHTML, like Gecko) Chrome/141.0.0.0 Safari/537.36
4	0	0	1	0	0	29449764	0	0	29449764	0	0	Mozilla/5.0 (Macintosh; Intel Mac OS X 10_15_7) AppleWebKit/605.1.15 (KHTML, like Gecko) Version/18.5 Safari/605.1.15
4	0	0	0	1	0	0	29343527	0	0	29343527	0	Mozilla/5.0 (Windows; U; Windows NT 5.1; zh-CN) AppleWebKit/528.16 (KHTML, like Gecko) Version/4.0 Safari/528.16
4	0	0	0	1	0	0	29418835	0	0	29418835	0	Mozilla/5.0 (Macintosh; Intel Mac OS X) AppleWebKit/534.34 (KHTML, like Gecko) CasperJS/1.1.3+PhantomJS/1.9.8 Safari/534.34
4	0	0	1	0	0	29433869	0	0	29433869	0	0	Mozilla/5.0 (X11; U; Linux i686; en-GB; rv:1.8.0.12) Gecko/20070718 Fedora/1.5.0.12-4.fc6 Firefox/1.5.0.12
4	1	1	0	0	29372967	0	0	29372967	0	0	29487	Mozilla/4.0 (compatible; MSIE 8.0; Windows NT 6.1; WOW64; Trident/4.0; GTB7.5; SLCC2; .NET CLR 2.0.50727; .NET CLR 3.5.30729; .NET CLR 3.0.30729; Media Center PC 6.0; .NET4.0C; .NET4.0E; MDDS; AskTbORJ/5.15.25.36191; BOIE9;ENUS)
4	1	1	0	0	29403205	0	0	29403205	0	0	29487	Mozilla/5.0 (Macintosh; Intel Mac OS X 10.15; rv:126.0) Gecko/20100101 Firefox/126.0
4	0	0	0	1	0	0	29376401	0	0	29376401	0	Mozilla/5.0 (Linux; U; Android 2.3.6; es-us; GT-N7000 Build/GINGERBREAD) AppleWebKit/533.1 (KHTML, like Gecko) Version/4.0 Mobile Safari/533.1
4	0	0	0	1	0	0	29432920	0	0	29432920	0	Mozilla/4.0 PPC (compatible; MSIE 4.01; Windows CE; PPC; 240x320; Sprint:PPC-6700; PPC; 240x320)
4	0	0	0	1	0	0	29372967	0	0	29372967	0	Mozilla/5.0 (Linux; U; Android 4.1.2; en-gb; GT-N8010 Build/JZO54K) AppleWebKit/534.30 (KHTML, like Gecko) Version/4.0 Safari/534.30
4	0	0	0	1	0	0	29365100	0	0	29365100	0	Mozilla/5.0 (Windows NT 10.0; Win64; x64) AppleWebKit/537.36 (KHTML, like Gecko) obsidian/1.8.4 Chrome/130.0.6723.191 Electron/33.3.2 Safari/537.36
4	0	0	0	1	0	0	29365100	0	0	29365100	0	Mozilla/5.0 (Windows NT 10.0; Win64; x64) AppleWebKit/537.36 (KHTML, like Gecko) Chrome/131.0.0.0 Safari/537.36 Edg/131.0.0.0
4	1	1	0	0	29328471	0	0	29328471	0	0	18649	Mozilla/5.0 (Linux; Android 8.0; MI 6 Build/OPR1-wesley_iui-18.08.02; wv) AppleWebKit/537.36 (KHTML, like Gecko) Version/4.0 Chrome/57.0.2987.132 MQQBrowser/6.2 TBS/044204 Mobile Safari/537.36 MicroMessenger/6.6.7.1321(0x26060739) NetType/WIFI Language/zh_CN
4	0	0	0	1	0	0	29376401	0	0	29376401	0	Mozilla/5.0 (Windows NT 10.0; rv:59.0) Gecko/20100101 Firefox/59.0
4	1	1	0	0	29389098	0	0	29389098	0	0	29487	Mozilla/5.0 (X11; Linux x86_64; rv:109.0) Gecko/20100101 Firefox/115.0
4	0	0	0	1	0	0	29418835	0	0	29418835	0	Mozilla/5.0 (Linux; Android 7.1.1; N9137 Build/NMF26V) AppleWebKit/537.36 (KHTML, like Gecko) Chrome/58.0.3029.83 Mobile Safari/537.36
4	0	0	0	1	0	0	29343527	0	0	29343527	0	Mozilla/5.0 (iPhone; CPU iPhone OS 8_0 like Mac OS X) AppleWebKit/546.10 (KHTML, like Gecko) Version/6.0 Mobile/7E18WD Safari/8536.25
4	1	1	0	0	29318389	0	0	29318389	0	0	16669	Mozilla/5.0 (Windows NT 5.1; U) Opera 7.11 [en]
4	0	0	1	0	0	29432920	0	0	29432920	0	0	Mozilla/5.0 (Windows 2000; U) Opera 6.04  [en]
4	1	1	0	0	29353643	0	0	29353643	0	0	23587	Nokia6630/1.0 (2.39.15) SymbianOS/8.0 Series60/2.6 Profile/MIDP-2.0 Configuration/CLDC-1.1
4	0	0	0	1	0	0	29418076	0	0	29418076	0	Opera/9.80 (Windows NT 6.1) Presto/2.12.388 Version/12.12
4	0	0	0	1	0	0	29372967	0	0	29372967	0	Mozilla/5.0 (Windows NT 10.0; Win64; x64) AppleWebKit/537.36 (KHTML, like Gecko) Chrome/59.0.3071.115 Safari/537.36 OPR/46.0.2597.39
4	0	0	0	1	0	0	29372967	0	0	29372967	0	Mozilla/5.0 (Windows NT 6.3; WOW64) AppleWebKit/537.36 (KHTML, like Gecko) Chrome/49.0.2623.110 Safari/537.36
4	1	1	0	0	29316553	0	0	29316553	0	0	0	Mozilla/5.0 (Windows NT 10.0) AppleWebKit/537.36 (KHTML, like Gecko) Safari/127.0 Safari/537.36
4	0	0	0	1	0	0	29405640	0	0	29405640	0	Mozilla/5.0 (Macintosh; Intel Mac OS X 10_14_5) AppleWebKit/537.36 (KHTML, like Gecko) Chrome/129.0.0.0 Safari/537.36 Edg/129.0.0.0
4	0	0	0	1	0	0	29372967	0	0	29372967	0	Mozilla/5.0 (X11; Linux x86_64) AppleWebKit/537.36 (KHTML, like Gecko) Chrome/48.0.2564.116 Safari/537.36
4	2	2	0	0	29332295	0	0	29332295	0	0	37620	Mozilla/5.0 (Macintosh; Intel Mac OS X 10.15; rv:133.0) Gecko/20100101 Firefox/133.0
4	0	0	0	1	0	0	29412190	0	0	29412190	0	Mozilla/5.0 (Kubuntu; Linux x86_64; rv:126.0) Gecko/20100101 Firefox/126.0
4	0	0	0	1	0	0	29418835	0	0	29418835	0	Mozilla/5.0 (compatible; MSIE 10.0; Windows NT 6.1; WOW64; Trident/7.0)
4	1	1	0	0	29405190	0	0	29405190	0	0	29487	Mozilla/5.0 (Windows NT 10.0; Win64; x64; rv:104.0) Gecko/20100101 Firefox/104.0
4	4	4	0	2191	29316268	0	29394842	29316268	0	29318547	0	Mozilla/5.0 (Windows NT 10.0; Win64; x64) AppleWebKit/537.36 (KHTML, like Gecko) Chrome/140.0.0.0 Safari/537.36
4	0	0	0	1	0	0	29410900	0	0	29410900	0	Mozilla/5.0 (X11; Linux x86_64) AppleWebKit/537.36 (KHTML, like Gecko) Chrome/127.0.5516.91 Safari/537.36
4	0	0	0	1	0	0	29372967	0	0	29372967	0	Mozilla/5.0 (Linux; U; Android 4.2; Ezcast Build/KOT49H) AppleWebKit/537.36 (KHTML, like Gecko) Version/4.0 Mobile Safari/537.36/ezcast
4	1	1	0	0	29330518	0	0	29330518	0	0	18810	Mozilla/5.0 (Macintosh; Intel Mac OS X 10_15_7) AppleWebKit/537.36 (KHTML, like Gecko) Chrome/98.0.4758.102 Safari/537.36
4	0	0	0	5	0	0	29350572	0	0	29336555	0	Mozilla/5.0 (Windows NT 10.0; Win64; x64; rv:145.0) Gecko/20100101 Thunderbird/145.0a1
4	0	0	0	2	0	0	29432920	0	0	29401232	0	Mozilla/5.0 (Windows NT 6.1) AppleWebKit/537.36 (KHTML, like Gecko) coc_coc_browser/50.0.125 Chrome/44.0.2403.125 Safari/537.36
4	3	3	0	155	29335107	0	29335108	29335104	0	29335104	67605	Mozilla/5.0 (Windows NT 6.1; Win64; x64; rv:47.0) Gecko/20100101 Firefox/47.0
4	0	0	0	1	0	0	29418835	0	0	29418835	0	Mozilla/5.0 (Linux; U; Android 4.0.4; en-us; SCH-I905 4G Build/IMM76D) AppleWebKit/534.30 (KHTML, like Gecko) Version/4.0 Safari/534.30
4	0	0	0	1	0	0	29343528	0	0	29343528	0	Mozilla/5.0 (iPhone; CPU iPhone OS 9_3_2 like Mac OS X) AppleWebKit/601.1.46 (KHTML, like Gecko) FxiOS/4.0 Mobile/13F69 Safari/601.1.46
4	1	1	0	0	29317034	0	0	29317034	0	0	0	Mozilla/5.0 (X11; Linux x86_64) AppleWebKit/537.36 (KHTML, like Gecko) Chrome/132.0.0.0 Safari/537.36
4	0	0	0	1	0	0	29343528	0	0	29343528	0	Mozilla/5.0 (Linux; Android 6.0.1; SAMSUNG-SM-G935A Build/MMB29M) AppleWebKit/537.36 (KHTML, like Gecko) SamsungBrowser/4.0 Chrome/44.0.2403.133 Mobile Safari/537.36
4	0	0	0	1	0	0	29433869	0	0	29433869	0	Mozilla/5.0 (Macintosh; PPC Mac OS X 10_5_8) AppleWebKit/534.50.2 (KHTML, like Gecko) Version/5.0.6 Safari/533.22.3
4	0	0	0	1	0	0	29343527	0	0	29343527	0	Mozilla/5.0 (Windows; U; Windows NT 6.0; en-US) AppleWebKit/532.0 (KHTML, like Gecko) Chrome/4.0.211.2 Safari/532.0
4	0	0	0	1	0	0	29410900	0	0	29410900	0	Mozilla/5.0 (X11; Linux x86_64) AppleWebKit/537.36 (KHTML, like Gecko) Chrome/125.0.5469.101 Safari/537.36
4	0	0	1	0	0	29448700	0	0	29448700	0	0	Mozilla/5.0 (compatible; Baiduspider/2.0; +http://www.baidu.com/search/spider.html)
4	1	1	0	0	29321258	0	0	29321258	0	0	18649	Mozilla/6.0 (Macintosh; U; PPC Mac OS X Mach-O; en-US; rv:2.0.0.0) Gecko/20061028 Firefox/3.0
4	0	0	0	1	0	0	29371121	0	0	29371121	0	Mozilla/5.0 (Macintosh; Intel Mac OS X 10_15_7) AppleWebKit/537.36 (KHTML, like Gecko) Chrome/131.0.0.0 Safari/537.36; compatible; OAI-SearchBot/1.0; robots.txt; +https://openai.com/searchbot
4	3	3	0	0	29397711	0	0	29377579	0	0	88461	Mozilla/5.0 (X11; Linux x86_64) AppleWebKit/537.36 (KHTML, like Gecko) Chrome/44.0.2403.157 Safari/537.36
4	0	0	0	1	0	0	29343527	0	0	29343527	0	Mozilla/5.0 (Linux; U; Android 4.4.2; en-us; SCH-R530C Build/KOT49H) AppleWebKit/534.30 (KHTML, like Gecko) Version/4.0 Mobile Safari/534.30
4	1	1	0	0	29316899	0	0	29316899	0	0	0	Mozilla/5.0 (Linux; U; Android 0.5; en-us) AppleWebKit/522  (KHTML, like Gecko) Safari/419.3
4	0	0	0	1	0	0	29418835	0	0	29418835	0	Mozilla/5.0 (Macintosh; Intel Mac OS X 10_12_6) AppleWebKit/537.36 (KHTML, like Gecko) Chrome/62.0.3202.62 Safari/537.36
4	0	0	1	0	0	29443964	0	0	29443964	0	0	Mozilla/5.0 (X11; Linux x86_64; rv:28.0) Gecko/20100101 Firefox/28.0
4	0	0	0	1	0	0	29376641	0	0	29376641	0	Mozilla/5.0 (Windows NT 5.1) AppleWebKit/537.36 (KHTML, like Gecko) Chrome/48.0.2564.97 Safari/537.36
4	0	0	0	1	0	0	29376642	0	0	29376642	0	Mozilla/5.0 (iPad; CPU OS 9_3_5 like Mac OS X) AppleWebKit/601.1.46 (KHTML, like Gecko) Mobile/13G36 Safari/601.1
4	1	1	0	1	29420545	0	29420545	29420545	0	29420545	29487	panscient.com
4	0	0	1	0	0	29433869	0	0	29433869	0	0	Mozilla/4.0 (compatible; MSIE 5.0; Linux 2.4.18 i686) Opera 6.11  [de]
4	2	2	0	2	29352159	0	29352159	29316900	0	29316900	23587	Mozilla/5.0 (Linux; Android 5.1.1; SM-J111F)
4	0	0	0	1	0	0	29365128	0	0	29365128	0	Mozilla/5.0 (X11; Linux i686) AppleWebKit/537.36 (KHTML, like Gecko) Ubuntu Chromium/51.0.2704.79 Chrome/51.0.2704.79 Safari/537.36
4	0	0	0	1	0	0	29432920	0	0	29432920	0	Mozilla/5.0 (Macintosh; Intel Mac OS X 10_8_5) AppleWebKit/537.73.11 (KHTML, like Gecko) Version/6.1.1 Safari/537.73.11
4	0	0	0	1	0	0	29422939	0	0	29422939	0	Mozilla/5.0 (X11; U; Linux i686; en-US; rv:1.8.1.11) Gecko/20071204 Firefox/2.0.0.11
4	0	0	0	1	0	0	29433869	0	0	29433869	0	Mozilla/5.0 (X11; Ubuntu; Linux x86_64; rv:55.0) Gecko/20100101 Firefox/55.0
4	0	0	0	1	0	0	29376641	0	0	29376641	0	Mozilla/5.0 (Macintosh; U; PPC Mac OS X 10_5_8; ja-jp) AppleWebKit/533.19.4 (KHTML, like Gecko) Version/3.2.1 Safari/525.27.1
4	0	0	0	1	0	0	29432920	0	0	29432920	0	Mozilla/5.0 (Linux armv7l) AppleWebKit/537.36 (KHTML, like Gecko) Chrome/42.0.2311.152 Safari/537.36 OPR/29.0.1803.0 OMI/4.5.23.37.ALSAN5.131
4	2	2	1	0	29353757	29433801	0	29353287	29433801	0	47174	Mozilla/5.0 (Windows NT 10.0; Win64; x64) AppleWebKit/537.36 (KHTML, like Gecko) Chrome/104.0.0.0 Safari/537.36
4	1	1	0	0	29370579	0	0	29370579	0	0	29487	Mozilla/5.0 (Windows NT 10.0; Win64; x64) AppleWebKit/537.36 (KHTML, like Gecko) Chrome/138.0.0.0 Safari/537.36
4	0	0	1	0	0	29447598	0	0	29447598	0	0	Mozilla/5.0 (iPhone; CPU iPhone OS 18_3_2 like Mac OS X) AppleWebKit/605.1.15 (KHTML, like Gecko) GSA/360.1.737798518 Mobile/15E148 Safari/604.
4	1	1	0	0	29402676	0	0	29402676	0	0	29487	Mozilla/5.0 (Linux; Android 6.0.1; SAMSUNG SM-G935F Build/MMB29K) AppleWebKit/537.36 (KHTML, like Gecko) SamsungBrowser/4.0 Chrome/44.0.2403.133 Mobile Safari/537.36
4	18	0	0	0	29403918	0	0	29316061	0	0	1152	Cpanel-HTTP-Client/1.0
4	2	2	0	0	29366399	0	0	29366399	0	0	58974	GoogleOther
4	1	1	0	0	29405640	0	0	29405640	0	0	29487	Mozilla/5.0 (X11; Linux x86_64) AppleWebKit/537.36 (KHTML, like Gecko) Chrome/131.0.0.0 Safari/537.36
4	9	9	0	0	29338503	0	0	29318389	0	0	173794	Mozilla/5.0 (Macintosh; Intel Mac OS X 10_11) AppleWebKit/601.1.27 (KHTML, like Gecko) Chrome/47.0.2526.106 Safari/601.1.27
4	0	0	0	1	0	0	29432920	0	0	29432920	0	Mozilla/5.0 (Windows NT 6.1; rv:17.0) Gecko/17.0 Firefox/17.0
4	0	0	0	1	0	0	29401232	0	0	29401232	0	Mozilla/5.0 (Macintosh; Intel Mac OS X 10.9; rv:45.0) Gecko/20100101 Firefox/45.0
4	0	0	0	1	0	0	29402676	0	0	29402676	0	Mozilla/5.0 (Windows; U; Windows NT 6.1; pl; rv:23.0) Gecko/20100101 Firefox/23.0 (.NET CLR 3.5.30729)
4	774	768	79	3	29449853	29449677	29437821	29317161	29364457	29421594	20581869	Mozilla/5.0 (iPhone; CPU iPhone OS 13_2_3 like Mac OS X) AppleWebKit/605.1.15 (KHTML, like Gecko) Version/13.0.3 Mobile/15E148 Safari/604.1
4	4	4	0	6	29318269	0	29437534	29317403	0	29317403	66676	Mozilla/5.0 (Macintosh; Intel Mac OS X 10_15_7) AppleWebKit/605.1.15 (KHTML, like Gecko) Version/17.4 Safari/605.1.15 (Applebot/0.1; +http://www.apple.com/go/applebot)
4	1	1	0	0	29338561	0	0	29338561	0	0	22535	Mozilla/5.0 (X11; Linux x86_64) AppleWebKit/560.43 (KHTML, like Gecko) Chrome/93.0.1251 Safari/537.36
4	0	0	0	1	0	0	29376401	0	0	29376401	0	Mozilla/5.0 (X11; U; Linux x86_64; cs-CZ; rv:1.9.1.9) Gecko/20100317 SUSE/3.5.9-0.1.1 Firefox/3.5.9
4	2	2	436	243	29422542	29449657	29426516	29422254	29426735	29418693	1940	Mozilla/5.0 (Linux; Android 12; V2134) AppleWebKit/537.36 (KHTML, like Gecko) Chrome/116.0.0.0 Mobile Safari/537.36
4	1	1	0	0	29336350	0	0	29336350	0	0	22535	WebCopier v4.6
4	1	1	0	0	29374004	0	0	29374004	0	0	29487	Mozilla/5.0 (Macintosh; PPC Mac OS X 10.10; rv:46.0) Gecko/20100101 Firefox/46.0
4	0	0	0	1	0	0	29402676	0	0	29402676	0	Mozilla/5.0 (Linux; U; Android 4.2.2; en-us; LG-D801 Build/JDQ39B) AppleWebKit/534.30 (KHTML, like Gecko) Version/4.2 Mobile Safari/534.30
4	0	0	0	1	0	0	29376642	0	0	29376642	0	Mozilla/5.0 (Windows; U; Windows NT 5.1; zh-CN) AppleWebKit/533.16 (KHTML, like Gecko) Chrome/5.0.335.0 Safari/533.16
4	0	0	1	0	0	29432920	0	0	29432920	0	0	Mozilla/5.0 (X11; U; SunOS sun4u; de-DE; rv:1.8.1.6) Gecko/20070805 Firefox/2.0.0.6
4	1	1	0	0	29423814	0	0	29423814	0	0	29487	Mozilla/5.0 (Macintosh; Intel Mac OS X 9_2_2) AppleWebKit/541.48 (KHTML, like Gecko) Chrome/104.0.1908 Safari/537.36
4	0	0	0	1	0	0	29402676	0	0	29402676	0	Mozilla/5.0 (Windows NT 6.1; WOW64; Trident/7.0; EIE10;ENGBMSN; rv:11.0) like Gecko
4	0	0	0	1	0	0	29376641	0	0	29376641	0	Mozilla/5.0 (Windows NT 6.1) AppleWebKit/537.36 (KHTML, like Gecko) Chrome/41.0.2272.104 Safari/537.36
4	0	0	0	1	0	0	29433869	0	0	29433869	0	Mozilla/5.0 (Linux; U; Android 4.4.2; en-us; SCH-I535 Build/KOT49H) AppleWebKit/534.30 (KHTML, like Gecko) Version/4.0 Mobile Safari/534.30
4	1	1	0	0	29421917	0	0	29421917	0	0	29487	Mozilla/5.0 (Windows NT 6.3; WOW64) AppleWebKit/537.36 (KHTML, like Gecko) Chrome/44.0.2403.107 Safari/537.36
4	2	2	0	2	29394949	0	29394947	29375666	0	29375664	58974	Mozilla/5.0 (compatible; DotBot/1.2; +https://opensiteexplorer.org/dotbot; help@moz.com)
4	0	0	0	1	0	0	29376401	0	0	29376401	0	Mozilla/5.0 (compatible; MSIE 9.0; Windows NT 6.1; Trident/5.0; MATP; MATP)
4	0	0	426	243	0	29449657	29443149	0	29426735	29418693	0	Mozilla/5.0 (iPhone; CPU iPhone OS 17_1 like Mac OS X) AppleWebKit/605.1.15 (KHTML, like Gecko) CriOS/119.0.6045.109 Mobile/15E148 Safari/604.1
4	0	0	1	0	0	29447770	0	0	29447770	0	0	Mozilla/5.0 (Macintosh; Intel Mac OS X 10_15_7) AppleWebKit/537.36 (KHTML, like Gecko) Chrome/142.0.0.0 Safari/537.36
4	1	0	0	0	29389098	0	0	29389098	0	0	1164432	Mozilla/5.0 (X11; Linux x86_64; rv:109.0) Gecko/20100101 Firefox/114.0
4	1	1	0	0	29386409	0	0	29386409	0	0	29487	Mozilla/5.0 (OS/2; Warp 4.5; rv:24.0) Gecko/20100101 Firefox/24.0
4	0	0	1	0	0	29449787	0	0	29449787	0	0	Mozilla/5.0 (Linux; Android 14; CPH2579 Build/UP1A.230620.008; wv) AppleWebKit/537.36 (KHTML, like Gecko) Version/4.8 Chrome/132.1.6834.123 Mobile Safari/537.36 [FB_IAB/FB4A;FBAV/492.0.0.59.109;]
4	4	4	0	1	29368438	0	29369441	29368416	0	29369441	117948	Mozilla/5.0 (Windows NT 10.0; Win64; x64) AppleWebKit/537.36 (KHTML, like Gecko) Chrome/137.0.0.0 Safari/537.36
4	0	0	0	1	0	0	29405640	0	0	29405640	0	Mozilla/5.0 (Windows NT 10.0; Win64; x64) AppleWebKit/537.43 (KHTML, like Gecko) Chrome/130.0.0.0 Safari/537.36 OPR/115.0.0.0
4	2	2	0	0	29371287	0	0	29337195	0	0	52022	Mozilla/5.0 (Windows NT 10.0; Win64; x64; rv:127.0) Gecko/20100101 Firefox/127.0
4	1	1	0	0	29324096	0	0	29324096	0	0	18649	Mozilla/5.0 (Linux; Android 4.4.4; MI 4LTE Build/KTU84P; wv) AppleWebKit/537.36 (KHTML, like Gecko) Version/4.0 Chrome/57.0.2987.132 MQQBrowser/6.2 TBS/044109 Mobile Safari/537.36 MicroMessenger/6.6.7.1321(0x26060739) NetType/WIFI Language/zh_CN
4	0	0	0	1	0	0	29401232	0	0	29401232	0	Mozilla/5.0 (Macintosh; U; Intel Mac OS X 10_5_5; it-it) AppleWebKit/525.18 (KHTML, like Gecko)
4	0	0	0	1	0	0	29376401	0	0	29376401	0	Mozilla/5.0 (Linux; U; Android 2.3.6; pt-br; GT-S6102B Build/GINGERBREAD) AppleWebKit/533.1 (KHTML, like Gecko) Version/4.0 Mobile Safari/533.1
4	0	0	0	1	0	0	29418835	0	0	29418835	0	Mozilla/5.0 (X11; U; Linux i686; nl-NL; rv:1.8.1.9) Gecko/20071105 Firefox/2.0.0.9
4	1	1	0	0	29321755	0	0	29321755	0	0	18649	DashboardBot/4.0 (+https://dashboard.example.com/bot)
4	1	1	0	0	29405640	0	0	29405640	0	0	0	Mozilla/5.0 (Macintosh; Intel Mac OS X 10_14_5) AppleWebKit/537.36 (KHTML, like Gecko) Chrome/126.0.0.0 Safari/537.36
4	0	0	1	0	0	29433869	0	0	29433869	0	0	Mozilla/5.0 (Macintosh; U; PPC Mac OS X; fr-fr) AppleWebKit/125.5.5 (KHTML, like Gecko) Safari/125.11
4	2	2	0	67	29403926	0	29403926	29403926	0	29316062	58974	Mozilla/5.0 (l9scan/2.0.1333e26373e2231313e24373; +https://leakix.net)
4	2	1	0	0	29319891	0	0	29319891	0	0	1181101	Mozilla/5.0 (X11; Linux x86_64) AppleWebKit/537.36 (KHTML, like Gecko) HeadlessChrome/138.0.0.0 Safari/537.36
4	0	0	0	1	0	0	29386411	0	0	29386411	0	Mozilla/5.0 (Windows NT 10.0; Win64; x64) AppleWebKit/537.36 (KHTML, like Gecko) Chrome/58.0.3029.110 Safari/537.36 OPR/45.0.0.255225696 (Edition EXP148)
4	6	6	0	36	29324405	0	29324405	29321635	0	29321635	111894	Mozilla/5.0 (Windows NT 10.0; Win64; x64) AppleWebKit/537.36 (KHTML, like Gecko) Chrome/90.0.4430.85 Safari/537.36
4	0	0	0	1	0	0	29343527	0	0	29343527	0	Mozilla/5.0 (Windows NT 6.1; WOW64) AppleWebKit/537.36 (KHTML, like Gecko) Chrome/64.0.3282.140 Safari/537.36
4	1	1	0	0	29323434	0	0	29323434	0	0	18649	Mozilla/5.0 (Linux; U; Android 2.0; en-us; Droid Build/ESD20) AppleWebKit/530.17 (KHTML, like Gecko) Version/4.0 Mobile Safari/530.17
4	1	1	0	0	29322006	0	0	29322006	0	0	18649	Mozilla/5.0 (Windows NT 10.0; Win64; x64) AppleWebKit/537.36 (KHTML, like Gecko) Chrome/114.0.0.0 Safari/537.36 Vivaldi/5.3.2679.68
4	0	0	0	1	0	0	29418835	0	0	29418835	0	Mozilla/5.0 (X11; Linux x86_64) AppleWebKit/537.36 (KHTML, like Gecko) Chrome/59.0.3071.86 Safari/537.36 OPR/46.0.2597.26
4	1	1	0	0	29335073	0	0	29335073	0	0	22535	Mozilla/4.0 (PSP (PlayStation Portable); 2.00)
4	1	1	0	0	29326667	0	0	29326667	0	0	18649	Mozilla/5.0 (X11; Linux x86_64) AppleWebKit/557.42 (KHTML, like Gecko) Chrome/96.0.2959 Safari/537.36
4	0	0	0	1	0	0	29418566	0	0	29418566	0	Mozilla/5.0 (Linux; Android 7.0; BLL-L23) AppleWebKit/537.36 (KHTML, like Gecko) Chrome/81.0.4044.138 Mobile Safari/537.36
4	9	9	0	51	29353118	0	29353118	29317389	0	29317389	170775	Mozilla/5.0 (Windows NT 10.0; Win64; x64) AppleWebKit/537.36 (KHTML, like Gecko) Chrome/89.0.4389.114 Safari/537.36
4	0	0	1	0	0	29445837	0	0	29445837	0	0	Mozilla/5.0 (Android 6.0.1; Mobile; rv:45.0) Gecko/45.0 Firefox/45.0
4	0	0	0	1	0	0	29418835	0	0	29418835	0	Mozilla/5.0 (Macintosh; Intel Mac OS X 10_6_6) AppleWebKit/534.24 (KHTML, like Gecko) Chrome/11.0.696.12 Safari/534.24
4	1	1	0	0	29383049	0	0	29383049	0	0	29487	Mozilla/5.0 (Windows NT 6.1; WOW64) AppleWebKit/537.36 (KHTML, like Gecko) Chrome/61.0.894.78 Safari/537.36
4	0	0	1	0	0	29364238	0	0	29364238	0	0	Mozilla/5.0 (Windows NT 10.0; Win64; x64) AppleWebKit/537.36 (KHTML, like Gecko) Chrome/74.0.3850.0 Iron Safari/537.36
4	15	15	0	0	29381128	0	0	29321909	0	0	333886	Mozilla/5.0 (Windows NT 10.0; Win64; x64) AppleWebKit/537.36 (KHTML, like Gecko) Chrome/92.0.4515.107 Safari/537.36
4	1	1	0	0	29365124	0	0	29365124	0	0	29487	Mozilla/5.0 (OS/2; Warp 4.5; rv:38.0) Gecko/20100101 Firefox/38.0 SeaMonkey/2.35
4	2	2	441	259	29424298	29449657	29443147	29421409	29426735	29418693	1308	Mozilla/5.0 (iPhone; CPU iPhone OS 16_6_1 like Mac OS X) AppleWebKit/605.1.15 (KHTML, like Gecko) Version/16.6 Mobile/15E148 Safari/604.1
4	1	0	0	2	29336468	0	29336468	29336468	0	29336468	1164432	fasthttp
4	0	0	431	253	0	29449657	29431101	0	29426735	29418693	0	Mozilla/5.0 (Linux; Android 11; 21081111RG) AppleWebKit/537.36 (KHTML, like Gecko) Chrome/116.0.0.0 Mobile Safari/537.36
4	1	1	0	0	29318237	0	0	29318237	0	0	16669	Mozilla/5.0 (Windows NT 10.0; Win64; x64) AppleWebKit/537.36 (KHTML, like Gecko) Chrome/102.0.0.0 Safari/537.36
4	0	0	0	1	0	0	29401232	0	0	29401232	0	Mozilla/5.0 (X11; Linux x86_64) AppleWebKit/537.36 (KHTML, like Gecko) Chrome/59.0.3071 Safari/537.36
4	0	0	0	1	0	0	29386411	0	0	29386411	0	Opera/9.80 (Linux mips; U; HbbTV/1.1.1 (; Philips; ; ; ; ) CE-HTML/1.0 NETTV/4.0.2; en) Presto/2.10.250 Version/11.60
4	0	0	2	0	0	29447356	0	0	29447118	0	0	Mozilla/5.0 (iPhone; CPU iPhone OS 10_3 like Mac OS X) AppleWebKit/602.1.50 (KHTML, like Gecko) CriOS/56.0.2924.75 Mobile/14E5239e YisouSpider/5.0 Safari/602.
4	9	8	1	0	29371539	29441538	0	29317531	29441538	0	1346064	Mozilla/5.0 (Windows NT 6.1; Win64; x64) AppleWebKit/537.36 (KHTML, like Gecko) Chrome/83.0.4103.61 Safari/537.36
4	6	6	0	21	29409729	0	29409729	29319278	0	29319278	151286	Mozilla/5.0 (compatible; Dataprovider.com)
4	94	94	5	527	29423927	29442664	29423927	29325820	29428922	29325820	2420550	Mozilla/5.0 (Windows NT 10.0; Win64; x64) AppleWebKit/537.36 (KHTML, like Gecko) Chrome/88.0.4240.193 Safari/537.36
4	1	1	0	0	29321774	0	0	29321774	0	0	18649	Mozilla/5.0 (Linux; Android 9.0; MI 8 SE) AppleWebKit/537.36 (KHTML, like Gecko) Chrome/80.0.3987.119 Mobile Safari/537.36
4	0	0	1	0	0	29445837	0	0	29445837	0	0	Mozilla/5.0 (X11; U; Linux x86_64; en-US; rv:1.9.2.7) Gecko/20100723 Fedora/3.6.7-1.fc13 Firefox/3.6.7
4	0	0	0	1	0	0	29376401	0	0	29376401	0	Mozilla/5.0 (Macintosh; U; PPC Mac OS X 10_5_6; fr-fr) AppleWebKit/525.27.1 (KHTML, like Gecko) Version/3.2.1 Safari/525.27.1
4	0	0	0	1	0	0	29422939	0	0	29422939	0	BlackBerry8320/4.2.2 Profile/MIDP-2.0 Configuration/CLDC-1.1 VendorID/100
4	0	0	0	1	0	0	29418835	0	0	29418835	0	Mozilla/5.0 (Macintosh; U; Intel Mac OS X 10_6_3; es-es) AppleWebKit/531.22.7 (KHTML, like Gecko)
4	1	1	0	0	29406451	0	0	29406451	0	0	29487	Mozilla/5.0 (Windows NT 10.0; Win64; x64; rv:141.0) Gecko/20100101 Firefox/141.0
4	0	0	0	1	0	0	29343527	0	0	29343527	0	Mozilla/5.0 (X11; Linux x86_64) AppleWebKit/537.36 (KHTML, like Gecko) Chrome/54.0.2840.85 Safari/537.36 OPR/41.0.2246.110204
4	0	0	0	1	0	0	29372967	0	0	29372967	0	Mozilla/5.0 (iPod touch; CPU iPhone OS 11_2_6 like Mac OS X) AppleWebKit/604.5.6 (KHTML, like Gecko) Version/11.0 Mobile/15D100 Safari/604.1
4	0	0	1	0	0	29447357	0	0	29447357	0	0	Mozilla/5.0 (Windows NT 10.0; Win64; x64) AppleWebKit/537.36 (KHTML, like Gecko) Chrome/70.0.3538.102 Safari/537.36 Edge/18.1958
4	4	1	0	2	29414139	0	29414139	29350563	0	29414139	3284812	Mozilla/5.0 (Windows NT 10.0; Win64; x64; rv:109.0) Gecko/20100101 Firefox/113.0
4	3	3	0	0	29379958	0	0	29379958	0	0	88461	Mozilla/4.0 (compatible; MSIE 10.0; Windows NT 5.1; Trident/4.0; (R1 1.5); .NET CLR 1.1.4322; .NET CLR 2.0.50727)
4	1	0	0	0	29346904	0	0	29346904	0	0	1164432	Mozilla/5.0 (Windows NT 10.0; WOW64; x64) AppleWebKit/537.36 (KHTML, like Gecko) Chrome/113.0.5666.197 Safari/537.36
4	0	0	0	1	0	0	29372967	0	0	29372967	0	Mozilla/5.0 (Macintosh; Intel Mac OS X 10_12_3) AppleWebKit/604.1.5 (KHTML, like Gecko) Version/10.2 Safari/604.1.5
4	0	0	0	1	0	0	29401232	0	0	29401232	0	Mozilla/5.0 (Linux; Android 7.0; LGMP260 Build/NRD90U) AppleWebKit/537.36 (KHTML, like Gecko) Chrome/65.0.3325.109 Mobile Safari/537.36
4	0	0	0	1	0	0	29343528	0	0	29343528	0	Mozilla/5.0 (X11; U; Linux x86_64; en-US; rv:1.9.0.8) Gecko/2009032600 SUSE/3.0.8-1.1.1 Firefox/3.0.8
4	0	0	0	1	0	0	29343527	0	0	29343527	0	Mozilla/4.0 (compatible; MSIE 7.0; Windows NT 6.1; Trident/7.0; SLCC2; .NET CLR 2.0.50727; .NET CLR 3.5.30729; .NET CLR 3.0.30729; Media Center PC 6.0; .NET4.0C; .NET4.0E; Tablet PC 2.0)
4	0	0	1	0	0	29445837	0	0	29445837	0	0	Mozilla/5.0 (Windows NT 6.1) AppleWebKit/537.36 (KHTML, like Gecko) Chrome/54.0.2840.99 Safari/537.36 OPR/41.0.2353.69
4	0	0	0	1	0	0	29376641	0	0	29376641	0	Mozilla/5.0 (Linux; Android 6.0.1; SAMSUNG SM-G550T1 Build/MMB29K) AppleWebKit/537.36 (KHTML, like Gecko) SamsungBrowser/6.2 Chrome/56.0.2924.87 Mobile Safari/537.36
4	0	0	1	0	0	29432920	0	0	29432920	0	0	Mozilla/5.0 (Macintosh; Intel Mac OS X 10_11_6) AppleWebKit/537.36 (KHTML, like Gecko) Chrome/53.0.2785.89 Safari/537.36
4	0	0	0	1	0	0	29358531	0	0	29358531	0	Mozilla/5.0 (Macintosh; Intel Mac OS X 13.3; rv:126.0) Gecko/20100101 Firefox/126.0
4	0	0	0	1	0	0	29372967	0	0	29372967	0	Mozilla/4.0 (compatible; MSIE 5.0; Windows NT; DigExt; Hotbar 3.0)
4	2	2	0	0	29319070	0	0	29318376	0	0	0	curl/7.81.0
4	0	0	0	1	0	0	29402676	0	0	29402676	0	Mozilla/5.0 (Windows NT 5.1; U; zh-cn; rv:1.9.1.6) Gecko/20091201 Firefox/3.5.6 Opera 10.70
4	0	0	0	1	0	0	29402676	0	0	29402676	0	Mozilla/5.0 (Linux; U; Android 4.0.4; en-us; cm_tenderloin Build/IMM76L; CyanogenMod-9) AppleWebKit/534.30 (KHTML, like Gecko) Version/4.0 Safari/534.30
4	0	0	0	1	0	0	29418076	0	0	29418076	0	Mozilla/5.0 (X11; CrOS x86_64 7262.57.0) AppleWebKit/537.36 (KHTML, like Gecko) Chrome/45.0.2454.98 Safari/537.36
4	2	1	0	0	29322836	0	0	29322835	0	0	1183081	Mozilla/5.0 (Linux; Android 10; K) AppleWebKit/537.36 (KHTML, like Gecko) Chrome/126.0.0.0 Mobile Safari/537.36
4	0	0	0	1	0	0	29376401	0	0	29376401	0	Mozilla/5.0 (Windows; U; Windows NT 5.1; en-US) AppleWebKit/534.6 (KHTML, like Gecko) Chrome/7.0.500.0 Safari/534.6
4	1	1	1	0	29399945	29427760	0	29399945	29427760	0	29487	Mozilla/5.0 (Windows NT 10.0; Win64; x64) AppleWebKit/537.36 (KHTML, like Gecko) Chrome/116.0.5845.96 Safari/537.36
4	0	0	0	1	0	0	29372967	0	0	29372967	0	Mozilla/5.0 (Linux; U; Android 4.3; en-us; SPH-L900 Build/JSS15J) AppleWebKit/534.30 (KHTML, like Gecko) Version/4.0 Mobile Safari/534.30
4	0	0	0	1	0	0	29386411	0	0	29386411	0	Mozilla/5.0 (Linux; U; Android 4.1.2; en-us; BLU STUDIO 5.0 Build/JZO54K) AppleWebKit/534.30 (KHTML, like Gecko) Version/4.0 Mobile Safari/534.30
4	2	2	0	0	29320769	0	0	29320521	0	0	37298	Mozilla/5.0 (Windows NT 10.0; Win64; x64) AppleWebKit/537.36 (KHTML, like Gecko) Chrome/114.0.0.0 Safari/537.36 OPR/89.0.4447.51
4	0	0	0	1	0	0	29432920	0	0	29432920	0	Mozilla/5.0 (Windows NT 6.1; WOW64) AppleWebKit/537.36 (KHTML, like Gecko) Chrome/41.0.2272.87 Safari/537.36
4	0	0	1	0	0	29447019	0	0	29447019	0	0	Mozilla/5.0 (Windows NT 10.0; Win64; x64) AppleWebKit/537.36 (KHTML, like Gecko) Chrome/135.0.0.0 Safari/537.36
4	0	0	0	1	0	0	29386409	0	0	29386409	0	Mozilla/5.0 (Linux; Android 5.0.1; SAMSUNG GT-I9515 Build/LRX22C) AppleWebKit/537.36 (KHTML, like Gecko) SamsungBrowser/2.1 Chrome/34.0.1847.76 Mobile Safari/537.36
4	0	0	0	1	0	0	29412190	0	0	29412190	0	Mozilla/5.0 (CentOS; Linux x86_64) AppleWebKit/537.36 (KHTML, like Gecko) Chrome/118.0.0.0 Safari/537.36
4	0	0	1	0	0	29445837	0	0	29445837	0	0	Mozilla/5.0 (Windows; U; Windows NT 5.0; fr-FR; rv:1.7.7) Gecko/20050414 Firefox/1.0.3
4	1	1	0	0	29399654	0	0	29399654	0	0	29487	Mozilla/5.0 (Symbian/3; Series60/5.2 NokiaC7-00/012.003; Profile/MIDP-2.1 Configuration/CLDC-1.1 ) AppleWebKit/525 (KHTML, like Gecko) Version/3.0 BrowserNG/7.2.7.3 3gpp-gba
4	0	0	0	1	0	0	29395226	0	0	29395226	0	Mozilla/5.0 (Windows NT 10.0; Win64; x64; rv:54.0) Gecko/20100101 Firefox/54.0
4	0	0	2	2	0	29448919	29412760	0	29434326	29412760	0	Mozilla/5.0 (X11; CrOS x86_64 14541.0.0) AppleWebKit/537.36 (KHTML, like Gecko) Chrome/121.0.0.0 Safari/537.3
4	1	1	0	0	29324095	0	0	29324095	0	0	18649	Mozilla/5.0 (Linux; U; Android 7.0; zh-cn; SM-C5000 Build/NRD90M) AppleWebKit/537.36 (KHTML, like Gecko)Version/4.0 Chrome/57.0.2987.132 MQQBrowser/8.2 Mobile Safari/537.36
4	0	0	1	0	0	29445837	0	0	29445837	0	0	Mozilla/5.0 (Windows; U; Windows NT 5.1; en-US) AppleWebKit/532.2 (KHTML, like Gecko) Chrome/4.0.221.6 Safari/532.2
4	1	1	0	0	29417247	0	0	29417247	0	0	29487	Mozilla/5.0 (compatible; NetcraftSurveyAgent/1.0; +info@netcraft.com)
4	0	0	1	0	0	29433869	0	0	29433869	0	0	Mozilla/5.0 (Windows NT 6.1; WOW64) AppleWebKit/537.36 (KHTML, like Gecko) Chrome/29.0.1547.76 Safari/537.36 OPR/16.0.1196.80
4	0	0	0	1	0	0	29376401	0	0	29376401	0	Mozilla/5.0 (X11; NetBSD x86; en-us) AppleWebKit/666.6+ (KHTML, like Gecko) Chromium/20.0.0000.00 Chrome/20.0.0000.00 Safari/666.6+
4	1	1	0	0	29402582	0	0	29402582	0	0	29487	Mozilla/5.0 (Linux; Android 10; VOG-L29) AppleWebKit/537.36 (KHTML, like Gecko) Chrome/96.0.4664.45 Mobile Safari/537.36
4	0	0	0	1	0	0	29405640	0	0	29405640	0	Mozilla/5.0 (Windows NT 10.0) AppleWebKit/537.43 (KHTML, like Gecko) Chrome/126.0.0.0 Safari/537.36 OPR/112.0.0.0
4	1	1	0	0	29317418	0	0	29317418	0	0	16669	Mozilla/5.0 (Windows NT 10.0; Win64; x64) AppleWebKit/537.36 (KHTML, like Gecko) Chrome/83.0.4103.97 Safari/537.36
4	0	0	0	1	0	0	29386409	0	0	29386409	0	Mozilla/5.0 (Macintosh; Intel Mac OS X 10_10_5) AppleWebKit/537.36 (KHTML, like Gecko) Chrome/45.0.2454.101 Safari/537.36
4	0	0	0	1	0	0	29372967	0	0	29372967	0	Mozilla/5.0 (Linux; U; Android 2.3.6; en-us; VS840 4G Build/GRK39F) AppleWebKit/533.1 (KHTML, like Gecko) Version/4.0 Mobile Safari/533.1
4	0	0	0	1	0	0	29410900	0	0	29410900	0	Mozilla/5.0 (X11; Linux x86_64) AppleWebKit/537.36 (KHTML, like Gecko) Chrome/125.0.5127.21 Safari/537.36
4	0	0	0	1	0	0	29401232	0	0	29401232	0	Mozilla/5.0 (X11; Linux i686) AppleWebKit/535.11 (KHTML, like Gecko) Chrome/17.0.963.65 Safari/535.11
4	0	0	0	1	0	0	29418835	0	0	29418835	0	Mozilla/5.0 (Windows NT 5.1) AppleWebKit/537.11 (KHTML, like Gecko) Chrome/23.0.1271.97 Safari/537.11
4	0	0	1	0	0	29433869	0	0	29433869	0	0	Mozilla/5.0 (Windows NT 5.1) AppleWebKit/537.36 (KHTML, like Gecko) Chrome/29.0.1547.57 Safari/537.36 OPR/16.0.1196.62
4	4	4	0	0	29366804	0	0	29316062	0	0	82132	Mozilla/5.0 (Linux; Android 6.0; HTC One M9 Build/MRA876937) AppleWebKit/537.36 (KHTML, like Gecko) Chrome/52.0.1248.98 Mobile Safari/537.3
4	1	1	0	0	29318052	0	0	29318052	0	0	16669	Mozilla/5.0 (X11; Linux i686 on x86_64; rv:52.0) Gecko/20100101 Firefox/52.0
4	1	1	0	0	29432920	0	0	29432920	0	0	29487	Mozilla/5.0 (Macintosh; Intel Mac OS X 10_12_5) AppleWebKit/603.2.4 (KHTML, like Gecko) Version/10.1.1 Safari/603.2.4
4	1	1	0	1	29318116	0	29318116	29318116	0	29318116	16669	Mozilla/5.0 (Windows NT 10.0; Win64; x64) AppleWebKit/537.36 (KHTML, like Gecko) Chrome/134.0.0.0 Safari/537.36
4	0	0	0	1	0	0	29376641	0	0	29376641	0	Mozilla/5.0 (X11; Linux x86_64) AppleWebKit/537.36 (KHTML, like Gecko) Chrome/41.0.2272.89 Safari/537.36 OPR/28.0.1750.48
4	0	0	449	247	0	29449657	29443150	0	29426735	29418693	0	Mozilla/5.0 (Linux; Android 13; M2101K6G) AppleWebKit/537.36 (KHTML, like Gecko) Chrome/116.0.0.0 Mobile Safari/537.36
4	0	0	0	1	0	0	29418835	0	0	29418835	0	Mozilla/5.0 (Windows NT 6.1; WOW64; rv:14.0) Gecko/20100101 Firefox/14.0.1
4	0	0	0	1	0	0	29372967	0	0	29372967	0	Mozilla/5.0 (compatible; MSIE 9.0; Windows NT 6.1; WOW64; Trident/5.0; chromeframe/23.0.1271.97)
4	0	0	0	1	0	0	29418835	0	0	29418835	0	Mozilla/5.0 (Linux; Android 4.4.4; SM-G360V Build/KTU84P) AppleWebKit/537.36 (KHTML, like Gecko) Chrome/45.0.2454.94 Mobile Safari/537.36
4	1	1	0	0	29321170	0	0	29321170	0	0	18649	Mozilla/5.0 (Macintosh; Intel Mac OS X 11_0_0) AppleWebKit/537.36 (KHTML, like Gecko) Chrome/87.0.4280.88 Safari/537.36
4	0	0	0	1	0	0	29376641	0	0	29376641	0	Mozilla/4.0 (compatible; MSIE 6.0; Windows NT 5.1) Opera 7.52 [en]
4	1	1	0	0	29347873	0	0	29347873	0	0	23587	Mozilla/5.0 (X11; Linux x86_64) AppleWebKit/537.32 (KHTML, like Gecko) Chromium/25.0.1349.2 Chrome/25.0.1349.2 Safari/537.32 Epiphany/3.8.2
4	1	1	0	21	29318099	0	29387219	29318099	0	29350622	16669	Mozilla/5.0 (Windows NT 10.0; Win64; x64) AppleWebKit/537.36 (KHTML, like Gecko) Chrome/58.0.3029.110 Safari/537.3
4	0	0	0	1	0	0	29386411	0	0	29386411	0	Mozilla/5.0 (Macintosh; Intel Mac OS X 10.6; rv:39.0) Gecko/20100101 Firefox/39.0
4	4	4	0	0	29358071	0	0	29327291	0	0	94258	Mozilla/4.0 (compatible; MSIE 6.0; Windows NT 5.1; SV1; .NET CLR 1.1.4322; .NET CLR 2.0.50728)
4	3	3	0	0	29370645	0	0	29317153	0	0	48136	Mozilla/5.0 (Windows NT 10.0; Win64; x64) AppleWebKit/537.36 (KHTML, like Gecko) Chrome/103.0.5060.66 Safari/537.36 Edg/103.0.1264.44
4	0	0	0	1	0	0	29376641	0	0	29376641	0	Mozilla/5.0 (Windows NT 6.1; rv:6.0) Gecko/20100101 Firefox/19.0
4	1	1	0	0	29358383	0	0	29358383	0	0	29487	Mozilla/5.0 (Windows NT 10.0; rv:102.0) Gecko/20100101 Firefox/102.0
4	2	2	3	0	29420448	29444284	0	29392421	29432989	0	58974	cypex.ai/scanning Mozilla/5.0 (Macintosh; Intel Mac OS X 10_15_7) Chrome/126.0.0.0 Safari/537.36
4	0	0	0	1	0	0	29410900	0	0	29410900	0	Mozilla/5.0 (X11; Linux x86_64) AppleWebKit/537.36 (KHTML, like Gecko) Chrome/127.0.5606.95 Safari/537.36
4	0	0	0	1	0	0	29432920	0	0	29432920	0	Mozilla/5.0 (Linux; Android 6.0.1; SM-J327P Build/MMB29M) AppleWebKit/537.36 (KHTML, like Gecko) Chrome/61.0.3163.98 Mobile Safari/537.36
4	0	0	0	1	0	0	29433869	0	0	29433869	0	Mozilla/5.0 (Windows; U; Windows NT 6.0; zh-TW; rv:1.9.1) Gecko/20090624 Firefox/3.5 (.NET CLR 3.5.30729)
4	0	0	0	1	0	0	29343528	0	0	29343528	0	Mozilla/5.0 (Windows NT 10.0; WOW64; rv:39.0) Gecko/20100101 Firefox/39.0
4	0	0	0	1	0	0	29343528	0	0	29343528	0	Mozilla/5.0 (X11; U; Linux i686; en-US; rv:1.9.2) Gecko/20100115 Ubuntu/10.04 (lucid) Firefox/3.6
4	1	1	0	0	29412190	0	0	29412190	0	0	29487	Mozilla/5.0 (Windows; U; Windows NT 6.1; sv-SE) AppleWebKit/533.19.4 (KHTML, like Gecko) Version/5.0.3 Safari/533.19.4
4	0	0	0	1	0	0	29433869	0	0	29433869	0	Mozilla/5.0 (Macintosh; Intel Mac OS X 10_10) AppleWebKit/600.1.25 (KHTML, like Gecko) Version/8.0 Safari/600.1.25
4	1	0	1	0	29351062	29446926	0	29351062	29446926	0	1164432	Mozilla/5.0 (Macintosh; Intel Mac OS X 10_15_2) AppleWebKit/537.36 (KHTML, like Gecko) Chrome/79.0.3945.88 Safari/537.36
4	0	0	0	1	0	0	29376642	0	0	29376642	0	Mozilla/5.0 (Windows NT 6.1; WOW64) AppleWebKit/537.36 (KHTML, like Gecko) Chrome/55.0.2883.44 Safari/537.36
4	0	0	0	1	0	0	29376401	0	0	29376401	0	Opera/9.80 (Windows NT 6.1; WOW64) Presto/2.12.388 Version/12.16
4	0	0	0	1	0	0	29376401	0	0	29376401	0	Opera/9.80 (Windows NT 6.1; WOW64) Presto/2.12.388 Version/12.14
4	1	0	0	0	29326475	0	0	29326475	0	0	1164432	Mozilla/5.0 (iPad; CPU OS 17_0_3 like Mac OS X) AppleWebKit/605.1.15 (KHTML, like Gecko) Version/17.0 Mobile/15E148 Safari/605.1.15
4	1	1	0	0	29350614	0	0	29350614	0	0	23587	Mozilla/5.0 (Macintosh; Intel Mac OS X 10_15_7) AppleWebKit/537.36 (KHTML, like Gecko) Chrome/137.0.0.0 Safari/537.36
4	0	0	3	2	0	29448312	29402107	0	29438071	29387880	0	Mozilla/5.0 (Macintosh; Intel Mac OS X 10_15_7) AppleWebKit/537.36 (KHTML, like Gecko) Chrome/131.0.0.0 Safari/537.36; compatible; OAI-SearchBot/1.3; robots.txt; +https://openai.com/searchbot
4	9	8	2	186	29423170	29429780	29387224	29334406	29428191	29334406	226104	Mozilla/5.0 (Windows NT 10.0; Win64; x64) AppleWebKit/537.36 (KHTML, like Gecko) Chrome/91.0.4472.124 Safari/537.36
4	1	1	0	0	29384904	0	0	29384904	0	0	29487	Mozilla/5.0 (Windows NT 10.0; Win64; x64) AppleWebKit/537.36 (KHTML, like Gecko) Chrome/133.0.0.0 Safari/537.36
4	0	0	1	0	0	29449792	0	0	29449792	0	0	Mozilla/5.0 (iPhone; CPU iPhone OS 18_1_1 like Mac OS X) AppleWebKit/605.1.15 (KHTML, like Gecko) Mobile/15E148 Safari Line/14.20.0
4	0	0	0	1	0	0	29372967	0	0	29372967	0	Mozilla/5.0 (Windows NT 10.0; Win64; x64) AppleWebKit/537.36 (KHTML, like Gecko) Chrome/57.0.2987.98 Safari/537.36 OPR/44.0.2510.857
4	1	1	0	0	29355861	0	0	29355861	0	0	29487	Mozilla/5.0 (Windows NT 10.0; Win64; x64; rv:125.0.1) Gecko/20100101 Firefox/125.0.1
4	0	0	0	1	0	0	29418835	0	0	29418835	0	More Internet Explorer 8.0 user agents strings -->>
4	1	1	0	0	29372967	0	0	29372967	0	0	29487	Opera/9.20 (X11; Linux x86_64; U; en)
4	0	0	0	1	0	0	29432920	0	0	29432920	0	Mozilla/4.0 (compatible; MSIE 5.0; Windows NT; DigExt; DTS Agent
4	1	1	0	0	29349354	0	0	29349354	0	0	23587	Mozilla/5.0 (Windows NT 6.1; rv:2.0.1) Gecko/20100101 Firefox/4.0.1
4	0	0	0	1	0	0	29432920	0	0	29432920	0	Mozilla/5.0 (Linux; Android 7.1.1; SAMSUNG SM-N950U Build/NMF26X) AppleWebKit/537.36 (KHTML, like Gecko) SamsungBrowser/6.4 Chrome/56.0.2924.87 Mobile Safari/537.36
4	0	0	1	0	0	29441538	0	0	29441538	0	0	Mozilla/5.0 (X11; Linux x86_64) AppleWebKit/537.36 (KHTML, like Gecko) Chrome/125.0.0.0 Safari/537.36
4	0	0	1	0	0	29446926	0	0	29446926	0	0	Mozilla/5.0 (Windows NT 10.0; Win64; x64) AppleWebKit/537.36 (KHTML, like Gecko) Chrome/115.0.0.0 Safari/537.36 OPR/101.0.0.0
4	0	0	0	1	0	0	29386409	0	0	29386409	0	Mozilla/5.0 (Windows; U; Windows NT 5.1; zh-TW; rv:1.9b4) Gecko/2008030714 Firefox/3.0b4
4	0	0	2	0	0	29447115	0	0	29447056	0	0	Mozilla/5.0 (iPhone; CPU iPhone OS 18_3_2 like Mac OS X) AppleWebKit/605.1.15 (KHTML, like Gecko) Version/18.3.1 Mobile/15E148 Safari/604.
4	0	0	0	2	0	0	29393762	0	0	29334110	0	Mozilla/5.0 (Windows NT 10.0; rv:91.0) Gecko/20100101 Firefox/91.0
4	0	0	0	1	0	0	29376642	0	0	29376642	0	Mozilla/5.0 (Windows NT 6.1) AppleWebKit/537.36 (KHTML, like Gecko) Chrome/28.0.1500.52 Safari/537.36 OPR/15.0.1147.130
4	0	0	0	1	0	0	29432920	0	0	29432920	0	Mozilla/5.0 (Macintosh; Intel Mac OS X 10_10_5) AppleWebKit/537.36 (KHTML, like Gecko) Chrome/50.0.2661.86 Safari/537.36
4	0	0	0	1	0	0	29372967	0	0	29372967	0	Mozilla/5.0 (X11; Linux x86_64) AppleWebKit/537.36 (KHTML, like Gecko) Chrome/51.0.2704.106 Safari/537.36 OPR/38.0.2220.41
4	1	1	0	0	29418835	0	0	29418835	0	0	29487	Mozilla/5.0 (Windows NT 10.0; WOW64; rv:50.0) Gecko/20100101 Firefox/50.0
4	0	0	0	1	0	0	29376642	0	0	29376642	0	Mozilla/5.0 (Windows; U; Windows NT 6.0; fr-FR) AppleWebKit/525.19 (KHTML, like Gecko) Version/3.1.2 Safari/525.21
4	0	0	0	1	0	0	29372967	0	0	29372967	0	Mozilla/5.0 (Linux; U; Android 2.3.6; en-; SAMSUNG-SGH-I717 Build/GINGERBREAD) AppleWebKit/533.1 (KHTML, like Gecko) Version/4.0 Mobile Safari/533.1
4	0	0	0	1	0	0	29422939	0	0	29422939	0	Mozilla/5.0 (X11; U; Linux i686; en-GB; rv:1.9b5) Gecko/2008041514 Firefox/3.0b5
4	0	0	0	1	0	0	29376401	0	0	29376401	0	Mozilla/5.0 (X11; U; FreeBSD i386; en-US; rv:1.8.0.2) Gecko/20060414 Firefox/1.5.0.2
4	0	0	0	1	0	0	29418835	0	0	29418835	0	Mozilla/5.0 (Macintosh; Intel Mac OS X 10.13; rv:58.0) Gecko/20100101 Firefox/58.0
4	0	0	0	1	0	0	29432920	0	0	29432920	0	Mozilla/4.8 [en] (Windows NT 5.1; U)
4	0	0	0	1	0	0	29372967	0	0	29372967	0	Mozilla/5.0 (Macintosh; Intel Mac OS X 10_9_3) AppleWebKit/601.4.4 (KHTML, like Gecko) Version/9.1.1 Safari/7046A194A
4	0	0	1	0	0	29443473	0	0	29443473	0	0	Mozilla/5.0 (platform; rv:geckoversion) Gecko/geckotrail Firefox/firefoxversion
4	1	1	0	0	29376641	0	0	29376641	0	0	29487	Opera/7.0 (Windows 2000; U)  [en]
4	2	2	0	0	29319315	0	0	29319286	0	0	33338	Mozilla/5.0 (Windows NT 10.0; Win64; x64) AppleWebKit/537.36 (KHTML, like Gecko) Chrome/114.0.0.0 Safari/537.36 Edg/114.0.1264.71
4	0	0	0	1	0	0	29399837	0	0	29399837	0	Mozilla/5.0 (iPhone; CPU iPhone OS 12_2 like Mac OS X) AppleWebKit/605.1.15 (KHTML, like Gecko) Mobile/15E148 MicroMessenger/7.0.5(0x17000523) NetType/WIFI Language/zh_CN
4	0	0	0	1	0	0	29372967	0	0	29372967	0	Mozilla/5.0 (Macintosh; U; Intel Mac OS X 10_6_4; en-US) AppleWebKit/534.1 (KHTML, like Gecko) Chrome/6.0.414.0 Safari/534.1
4	3	3	0	27	29416339	0	29418659	29384326	0	29341546	88461	Mozilla/5.0 (X11; Linux x86_64) AppleWebKit/537.36 (KHTML, like Gecko) Chrome/81.0.4044.129 Safari/537.36
4	0	0	0	1	0	0	29386410	0	0	29386410	0	Mozilla/5.0 (Windows NT 6.3; WOW64) AppleWebKit/537.36 (KHTML, like Gecko) Chrome/61.0.3163.100 Safari/537.36
4	0	0	0	1	0	0	29410900	0	0	29410900	0	Mozilla/5.0 (Windows NT 10.0; Win64; x64) AppleWebKit/537.36 (KHTML, like Gecko) Chrome/123.0.5536.23 Safari/537.36
4	1	1	0	0	29343527	0	0	29343527	0	0	23587	Opera/9.01 (Windows NT 5.0; U; en)
4	0	0	0	1	0	0	29433869	0	0	29433869	0	Mozilla/5.0 (Macintosh; U; Intel Mac OS X; fr-fr) AppleWebKit/523.10.3 (KHTML, like Gecko) Version/3.0.4 Safari/523.10
4	1	1	0	0	29342825	0	0	29342825	0	0	23587	Mozilla/5.0 (Windows NT 10.0; Win64; x64) AppleWebKit/537.36 (KHTML, like Gecko) Chrome/114.0.5735.134 Safari/537.36
4	0	0	0	1	0	0	29418835	0	0	29418835	0	Mozilla/4.0 (compatible; MSIE 8.0; Windows NT 5.1; Trident/4.0; InfoPath.2; .NET4.0C; .NET4.0E)
4	0	0	1	0	0	29433869	0	0	29433869	0	0	Mozilla/5.0 (iPad; CPU OS 5_0_1 like Mac OS X) qjyBrowser/77618.1.15526 AppleWebKit/534.46 (KHTML, like Gecko) Version/5.1 Mobile/9A405 Safari/7534.48.3
4	0	0	0	1	0	0	29376642	0	0	29376642	0	Mozilla/5.0 (compatible; MSIE 9.0; Windows NT 6.1; WOW64; Trident/5.0)
4	2	2	0	1	29403750	0	29403750	29344745	0	29403750	53074	Mozilla/5.0 (Windows NT 6.1; Win64; x64; rv:109.0) Gecko/20100101 Firefox/115
4	2	2	0	0	29370578	0	0	29318394	0	0	46156	Mozilla/5.0 (compatible; MSIE 10.0; Windows NT 6.1; Trident/6.0)
4	0	0	0	1	0	0	29410900	0	0	29410900	0	Mozilla/5.0 (X11; Linux x86_64) AppleWebKit/537.36 (KHTML, like Gecko) Chrome/122.0.5244.30 Safari/537.36
4	0	0	0	1	0	0	29418835	0	0	29418835	0	Dalvik/1.6.0 (Linux; U; Android 4.1.2; GT-N8013 Build/JZO54K)
4	8	8	0	0	29420234	0	0	29319420	0	0	197408	Mozilla/5.0 (Linux; Android 6.0.1; Nexus 5X Build/MMB29P) AppleWebKit/537.36 (KHTML, like Gecko) Chrome/99.0.4844.84 Mobile Safari/537.36 (compatible; Googlebot/2.1; +http://www.google.com/bot.html)
4	1	1	0	0	29352199	0	0	29352199	0	0	23587	Mozilla/5.0 (Macintosh; Intel Mac OS X 12_5) AppleWebKit/537.36 (KHTML, like Gecko) Chrome/114.0.0.0 Safari/537.36 OPR/89.0.4447.51
4	0	0	0	1	0	0	29343528	0	0	29343528	0	Mozilla/5.0 (Windows; U; Windows NT 5.1; en-US; rv:1.8.0.10pre) Gecko/20070211 Firefox/1.5.0.10pre
4	1	1	0	0	29319057	0	0	29319057	0	0	16669	Mozilla/5.0 (iPhone; CPU iPhone OS 6_0 like Mac OS X) AppleWebKit/536.26 (KHTML, like Gecko) Version/6.0 Mobile/10A403 Safari/8536.25
4	1	1	0	0	29319169	0	0	29319169	0	0	16669	Mozilla/5.0 (X11; Linux x86_64) AppleWebKit/572.53 (KHTML, like Gecko) Chrome/102.0.2368 Safari/537.36
4	1	1	0	0	29356015	0	0	29356015	0	0	29487	Mozilla/5.0 (Macintosh; Intel Mac OS X 10_15_7) AppleWebKit/537.36 (KHTML, like Gecko) Chrome/116.0.5845.96 Safari/537.36
4	0	0	0	1	0	0	29405640	0	0	29405640	0	Mozilla/5.0 (Windows NT 10.0; rv:128.0) Gecko/20100101 Firefox/128.0
4	0	0	0	1	0	0	29418835	0	0	29418835	0	Mozilla/5.0 (Linux; Android 6.0.1; Redmi 4A Build/MMB29M) AppleWebKit/537.36 (KHTML, like Gecko) Chrome/54.0.2840.85 Mobile Safari/537.36
4	3	3	0	6	29353768	0	29353768	29353768	0	29353768	70761	Mozilla/5.0 (Macintosh; Intel Mac OS X 10_15_7) AppleWebKit/537.36 (KHTML, like Gecko) Chrome/135.0.0.0 Safari/537.36
4	1	1	0	0	29326475	0	0	29326475	0	0	18649	Mozilla/5.0 (Linux; Android 10; K) AppleWebKit/537.36 (KHTML, like Gecko) Chrome/121.0.0.0 Mobile Safari/537.36 EdgA/121.0.0.0
4	0	0	0	1	0	0	29350138	0	0	29350138	0	Mozilla/5.0 AppleWebKit/537.36 (KHTML, like Gecko; compatible; GPTBot/1.0; +https://openai.com/gptbot)
4	0	0	0	1	0	0	29395226	0	0	29395226	0	Ruby, Mozilla/5.0 (Macintosh; Intel Mac OS X 10.9; rv:30.0) Gecko/20100101 Firefox/30.0
4	7	7	1	7	29440706	29440706	29323012	29323012	29440706	29323012	189671	Mozilla/5.0 (Windows NT 10.0; Win64; x64) AppleWebKit/537.36 (KHTML, like Gecko) Chrome/131.0.0.0 Safari/537.36
4	0	0	1	0	0	29432920	0	0	29432920	0	0	Mozilla/5.0 (iPad; CPU OS 10_3_3 like Mac OS X) AppleWebKit/603.3.8 (KHTML, like Gecko) Mobile/14G60
4	0	0	0	1	0	0	29372967	0	0	29372967	0	Mozilla/5.0 (Linux; U; Android 4.1.2; es-us; N861 Build/JZO54K) AppleWebKit/534.30 (KHTML, like Gecko) Version/4.0 Mobile Safari/534.30evme-launcher
4	0	0	0	1	0	0	29405640	0	0	29405640	0	Mozilla/5.0 (Windows NT 10.0; rv:132.0) Gecko/20100101 Firefox/132.0
4	0	0	1	0	0	29432920	0	0	29432920	0	0	Mozilla/5.0 (X11; U; Linux i686; de; rv:1.8.1.5) Gecko/20060911 SUSE/2.0.0.5-1.2 Firefox/2.0.0.5
4	1	1	0	0	29422939	0	0	29422939	0	0	29487	Mozilla/5.0 (Linux; Android 7.1.1; ZTE-Z983 Build/NMF26F; wv) AppleWebKit/537.36 (KHTML, like Gecko) Version/4.0 Chrome/45.0.2454.95 Mobile Safari/537.36
4	0	0	0	1	0	0	29343528	0	0	29343528	0	Mozilla/4.0 (compatible; MSIE 7.0; Windows NT 6.1; WOW64; Trident/5.0; SLCC2; .NET CLR 2.0.50727; .NET CLR 3.5.30729; .NET CLR 3.0.30729; Media Center PC 6.0; InfoPath.2)
4	0	0	0	1	0	0	29386411	0	0	29386411	0	Mozilla/5.0 (Windows NT 6.3; rv:58.0) Gecko/20100101 Firefox/58.0
4	0	0	0	1	0	0	29343527	0	0	29343527	0	Mozilla/5.0 (Windows NT 6.3; WOW64; Trident/7.0; Touch; LCJB; rv:11.0) like Gecko
4	4	4	0	0	29409729	0	0	29319278	0	0	94292	Mozilla/5.0 (Linux; Android 10; SM-G981B) AppleWebKit/537.36 (KHTML, like Gecko) Chrome/80.0.3987.162 Mobile Safari/537.36
4	1	1	0	0	29357573	0	0	29357573	0	0	29487	Mozilla/5.0 (Linux; Android 10; K) AppleWebKit/537.36 (KHTML, like Gecko) Chrome/114.0.0.0 Mobile Safari/537.36
4	0	0	0	1	0	0	29386411	0	0	29386411	0	Mozilla/5.0 (X11; U; Linux i686; en-US; rv:1.9.2) Gecko/20100128 Gentoo Firefox/3.6
4	0	0	1	0	0	29438694	0	0	29438694	0	0	Mozilla/5.0 (Windows NT 10.0; Win64; x64) AppleWebKit/537.36 (KHTML, like Gecko) Chrome/122.0.0.0 Safari/537.36 Agency/93.8.2357.5
4	4	0	0	1	29370645	0	29317153	29324585	0	29317153	4657728	Mozilla/5.0 (Windows NT 6.3; WOW64; rv:38.0) Gecko/20100101 Firefox/38.0
4	0	0	0	1	0	0	29372967	0	0	29372967	0	Mozilla/5.0 (Android 5.1; Mobile; rv:45.0) Gecko/45.0 Firefox/45.0
4	0	0	1	0	0	29432920	0	0	29432920	0	0	Mozilla/4.0 (compatible; MSIE 7.0; Windows NT 6.2; WOW64; Trident/6.0; .NET4.0E; .NET4.0C; .NET CLR 3.5.30729; .NET CLR 2.0.50727; .NET CLR 3.0.30729; Zune 4.7; Tablet PC 2.0)
4	0	0	0	1	0	0	29376401	0	0	29376401	0	Mozilla/5.0 (Macintosh; Intel Mac OS X 10_14_5) AppleWebKit/537.36 (KHTML, like Gecko) Chrome/74.0.3729.169 Safari/537.36
4	1	1	0	0	29322033	0	0	29322033	0	0	18649	Mozilla/5.0 (Macintosh; Intel Mac OS X 10_15_7) AppleWebKit/537.36 (KHTML, like Gecko) Chrome/101.0.4950.0 Safari/537.36
4	0	0	0	1	0	0	29376642	0	0	29376642	0	Mozilla/5.0 (Windows NT 10.0; Win64; x64) AppleWebKit/537.36 (KHTML, like Gecko) Chrome/47.0.2526.106 Safari/537.36
4	1	1	0	0	29316088	0	0	29316088	0	0	1508	Mozilla/5.0 (Windows NT 10.0; Win64; x64) AppleWebKit/537.36 (KHTML, like Gecko) Chrome/42.0.2311.135 Safari/537.36 Edge/12.246
4	1	1	0	0	29343527	0	0	29343527	0	0	23587	Mozilla/5.0 (Macintosh; Intel Mac OS X 10.8; rv:16.0) Gecko/20100101 Firefox/16.0
4	1	1	0	0	29324489	0	0	29324489	0	0	18649	Mozilla/5.0 (X11; Linux x86_64) AppleWebKit/537.36 (KHTML like Gecko) Chrome/36.0.1985.125 Safari/537.36
4	0	0	1	0	0	29432920	0	0	29432920	0	0	Mozilla/5.0 (X11; U; Linux x86_64; en-US; rv:1.9.0.14) Gecko/2009090217 Ubuntu/9.04 (jaunty) Firefox/3.0.14
4	0	0	0	1	0	0	29372967	0	0	29372967	0	Mozilla/5.0 (Linux; Android 6.0.1; SAMSUNG SM-J327P Build/MMB29M) AppleWebKit/537.36 (KHTML, like Gecko) SamsungBrowser/7.2 Chrome/59.0.3071.125 Mobile Safari/537.36
4	0	0	0	1	0	0	29395226	0	0	29395226	0	Mozilla/5.0 (Macintosh; Intel Mac OS X 10_10_5) AppleWebKit/601.5.17 (KHTML, like Gecko) Version/9.1 Safari/601.5.17
4	0	0	0	1	0	0	29402676	0	0	29402676	0	Mozilla/5.0 (Linux; Android 7.0; SM-G930V Build/NRD90M) AppleWebKit/537.36 (KHTML, like Gecko) Chrome/62.0.3202.84 Mobile Safari/537.36
4	0	0	1	0	0	29432920	0	0	29432920	0	0	Mozilla/5.0 (compatible; MSIE 10.0; Windows NT 6.1; WOW64; Trident/6.0; EIE10;FRFRMSN)
4	1	1	426	264	29422821	29449657	29426516	29422821	29426735	29418693	970	Mozilla/5.0 (iPhone; CPU iPhone OS 15_7_9 like Mac OS X) AppleWebKit/605.1.15 (KHTML, like Gecko) Version/15.6.5 Mobile/15E148 Safari/604.1
5	1	1	0	0	29369263	0	0	29369263	0	0	29487	34.134.206.112
5	2	1	0	0	29388691	0	0	29388691	0	0	1193919	143.198.144.241
5	1	1	0	0	29389487	0	0	29389487	0	0	0	79.191.202.28
5	2	2	0	0	29386018	0	0	29377375	0	0	58974	49.51.72.236
5	1	1	0	0	29325411	0	0	29325411	0	0	18649	192.42.116.175
5	1	1	0	0	29368430	0	0	29368430	0	0	29487	155.190.2.33
5	1	1	0	0	29318520	0	0	29318520	0	0	16669	178.33.107.250
5	0	0	0	1	0	0	29403750	0	0	29403750	0	5.133.192.193
5	9	9	0	51	29364801	0	29364801	29340661	0	29340661	247683	54.248.129.117
5	1	1	0	0	29365100	0	0	29365100	0	0	29487	104.249.17.103
5	2	2	0	0	29400619	0	0	29341367	0	0	53074	43.159.143.190
5	3	3	0	1	29393763	0	29393762	29393763	0	29393762	88461	45.148.10.143
5	2	2	0	0	29393108	0	0	29386748	0	0	58974	43.159.143.187
5	3	3	0	0	29396139	0	0	29345682	0	0	82561	43.157.62.101
5	0	0	0	1	0	0	29413514	0	0	29413514	0	91.239.208.120
5	1	1	0	0	29369441	0	0	29369441	0	0	29487	82.25.231.221
5	2	1	0	2	29336468	0	29336468	29336468	0	29336468	1186967	47.237.6.185
5	1	1	0	0	29348569	0	0	29348569	0	0	23587	162.243.62.9
5	6	6	0	0	29424788	0	0	29321024	0	0	155246	180.110.203.108
5	1	1	1	0	29440080	29445702	0	29440080	29445702	0	29487	43.140.247.223
5	0	0	0	2	0	0	29434980	0	0	29433711	0	207.46.13.151
5	0	0	72	0	0	29444890	0	0	29444889	0	0	4.213.181.235
5	2	2	0	0	29391862	0	0	29343725	0	0	53074	43.130.102.223
5	1	1	0	0	29375348	0	0	29375348	0	0	29487	43.165.65.75
5	0	0	1	0	0	29433801	0	0	29433801	0	0	18.212.38.7
5	1	1	0	0	29360864	0	0	29360864	0	0	29487	35.190.161.241
5	1	1	0	0	29395327	0	0	29395327	0	0	29487	43.153.54.14
5	1	1	0	0	29359299	0	0	29359299	0	0	29487	45.148.10.115
5	2	2	0	2	29413113	0	29413113	29324642	0	29324642	48136	72.13.46.6
5	2	1	0	0	29335830	0	0	29335830	0	0	1186967	176.53.218.26
5	2	1	0	0	29409341	0	0	29409341	0	0	1193919	138.197.22.39
5	1	1	0	0	29332963	0	0	29332963	0	0	22535	176.53.220.127
5	0	0	1	0	0	29447019	0	0	29447019	0	0	62.206.166.4
5	1	1	0	0	29383289	0	0	29383289	0	0	29487	43.159.143.139
5	0	0	1	0	0	29430580	0	0	29430580	0	0	43.130.26.3
5	0	0	1	0	0	29439849	0	0	29439849	0	0	34.187.147.55
5	3	3	2	0	29411162	29444189	0	29393763	29441936	0	88461	182.44.9.147
5	1	1	0	0	29353757	0	0	29353757	0	0	23587	44.222.164.49
5	1	1	0	0	29322709	0	0	29322709	0	0	18649	3.239.64.251
5	2	2	0	0	29337785	0	0	29325448	0	0	41184	43.153.76.247
5	0	0	1	0	0	29449640	0	0	29449640	0	0	195.24.236.18
5	2	2	0	0	29395429	0	0	29365145	0	0	58974	43.156.168.214
5	2	2	0	368	29424298	0	29424298	29424298	0	29420662	1624	4.193.241.161
5	0	0	0	1	0	0	29369441	0	0	29369441	0	104.193.212.0
5	1	1	0	0	29387637	0	0	29387637	0	0	29487	43.153.85.46
5	1	1	0	0	29446239	0	0	29446239	0	0	29487	43.166.130.123
5	2	2	0	53	29421599	0	29421599	29421599	0	29421599	1624	4.194.144.102
5	3	3	0	18	29368922	0	29368922	29368922	0	29368922	88461	144.126.221.96
5	4	4	0	0	29434659	0	0	29321200	0	0	85434	43.159.132.207
5	1	1	0	0	29328410	0	0	29328410	0	0	18649	43.135.145.73
5	2	2	0	2	29394949	0	29394947	29375666	0	29375664	58974	216.244.66.234
5	2	1	0	0	29394600	0	0	29394600	0	0	1193919	64.227.128.30
5	0	0	1	0	0	29440815	0	0	29440815	0	0	199.244.88.229
5	2	2	0	0	29332295	0	0	29332295	0	0	37620	185.242.177.57
5	0	0	72	0	0	29439048	0	0	29439048	0	0	4.194.193.179
5	3	3	0	0	29416620	0	0	29339201	0	0	81509	199.244.88.224
5	3	3	0	0	29331372	0	0	29323776	0	0	56108	14.215.163.132
5	1	1	0	0	29320202	0	0	29320202	0	0	16955	199.244.88.223
5	3	3	0	0	29409797	0	0	29384487	0	0	88461	43.130.105.21
5	1	1	0	1	29318657	0	29318657	29318657	0	29318657	16669	134.209.84.192
5	1	1	0	0	29379385	0	0	29379385	0	0	29487	98.81.185.111
5	1	1	0	0	29333225	0	0	29333225	0	0	22535	5.183.130.65
5	1	1	1	0	29385927	29438572	0	29385927	29438572	0	29487	150.109.230.210
5	2	2	0	0	29405190	0	0	29404800	0	0	58974	184.94.240.88
5	0	0	0	115	0	0	29425970	0	0	29425970	0	4.190.209.17
5	0	0	1	0	0	29449792	0	0	29449792	0	0	213.109.147.102
5	1	1	0	0	29350744	0	0	29350744	0	0	23587	43.167.241.46
5	2	2	0	0	29322230	0	0	29319311	0	0	35318	191.96.227.178
5	1	1	1	0	29441289	29435675	0	29441289	29435675	0	29487	129.226.213.145
5	1	1	0	0	29420187	0	0	29420187	0	0	29487	182.44.10.67
5	1	1	0	0	29325383	0	0	29325383	0	0	18649	121.4.97.180
5	5	5	0	0	29371226	0	0	29338886	0	0	134583	125.94.144.102
5	2	1	0	0	29403078	0	0	29403078	0	0	1193919	143.198.55.58
5	3	3	0	0	29332295	0	0	29332295	0	0	56430	185.242.177.19
5	3	3	1	0	29402851	29427766	0	29344258	29427766	0	76661	43.157.20.63
5	0	0	2	0	0	29448418	0	0	29434979	0	0	157.55.39.56
5	3	3	0	33	29366804	0	29366804	29366804	0	29366804	88461	147.182.200.94
5	0	0	2	0	0	29440542	0	0	29440542	0	0	159.223.185.162
5	0	0	1	0	0	29435067	0	0	29435067	0	0	157.55.39.55
5	3	3	0	0	29417665	0	0	29392827	0	0	88461	43.157.142.101
5	0	0	63	0	0	29430426	0	0	29428852	0	0	52.230.92.201
5	7	7	2	7	29422967	29448633	29422967	29320442	29445752	29320442	177781	184.154.36.163
5	1	1	1	0	29420448	29433020	0	29420448	29433020	0	29487	18.224.192.118
5	2	1	0	0	29326660	0	0	29326660	0	0	1183081	91.90.124.134
5	1	1	0	0	29423300	0	0	29423300	0	0	29487	42.83.147.55
5	1	1	0	0	29329155	0	0	29329155	0	0	18649	54.144.248.246
5	1	1	0	0	29338471	0	0	29338471	0	0	22535	43.159.149.56
5	1	1	0	0	29412357	0	0	29412357	0	0	29487	119.28.89.249
5	1	1	0	0	29370645	0	0	29370645	0	0	29487	54.83.134.142
5	0	0	1	0	0	29364238	0	0	29364238	0	0	93.123.109.7
5	2	1	0	2	29358074	0	29358075	29358074	0	29358075	1193919	106.75.47.91
5	0	0	0	1	0	0	29335579	0	0	29335579	0	93.158.90.74
5	0	0	1	0	0	29438115	0	0	29438115	0	0	93.158.90.69
5	2	1	0	0	29368712	0	0	29368712	0	0	1193919	138.197.158.25
5	4	4	0	155	29335107	0	29335108	29335104	0	29335104	90140	44.199.203.226
5	1	1	0	0	29333937	0	0	29333937	0	0	22535	218.255.64.242
5	3	3	0	18	29422548	0	29422548	29422548	0	29422548	88461	34.86.234.145
5	1	1	0	0	29334149	0	0	29334149	0	0	22535	43.153.204.189
5	1	1	0	0	29332759	0	0	29332759	0	0	18810	43.143.248.236
5	1	1	0	0	29344745	0	0	29344745	0	0	23587	93.158.90.66
5	0	0	0	1	0	0	29433802	0	0	29433802	0	157.55.39.13
5	0	0	1	0	0	29436704	0	0	29436704	0	0	170.106.35.187
5	1	1	0	0	29335579	0	0	29335579	0	0	22535	93.158.90.65
5	2	2	1	0	29410474	29431047	0	29372465	29431047	0	58974	43.155.195.141
5	1	1	0	1	29317167	0	29421597	29317167	0	29421597	16669	93.158.90.53
5	1	1	1	0	29388419	29436176	0	29388419	29436176	0	29487	43.157.179.227
5	1	1	0	0	29388240	0	0	29388240	0	0	29487	3.87.184.224
5	2	2	0	0	29395688	0	0	29334503	0	0	52022	178.211.57.76
5	1	1	0	0	29371726	0	0	29371726	0	0	29487	152.32.146.219
5	1	1	0	1	29373306	0	29373306	29373306	0	29373306	29487	54.229.75.206
5	1	1	0	0	29359746	0	0	29359746	0	0	29487	93.158.90.43
5	1	1	0	0	29382448	0	0	29382448	0	0	29487	13.218.137.195
5	0	0	0	1	0	0	29319571	0	0	29319571	0	206.189.85.134
5	0	0	2	0	0	29448312	0	0	29448280	0	0	74.7.244.18
5	2	1	0	0	29348660	0	0	29348660	0	0	1188019	159.89.52.191
5	1	1	0	0	29415095	0	0	29415095	0	0	29487	170.106.35.153
5	1	1	0	0	29321774	0	0	29321774	0	0	18649	83.36.68.29
5	0	0	1	0	0	29434798	0	0	29434798	0	0	104.198.246.44
5	0	0	0	1	0	0	29412191	0	0	29412191	0	104.248.194.101
5	1	1	0	0	29316268	0	0	29316268	0	0	0	64.15.129.121
5	3	3	1	0	29417328	29447805	0	29319689	29447805	0	75643	43.153.71.132
5	0	0	0	2	0	0	29412760	0	0	29384895	0	192.36.24.172
5	1	1	0	0	29335609	0	0	29335609	0	0	22535	170.106.35.137
5	2	2	0	0	29393282	0	0	29336347	0	0	52022	43.130.139.177
5	0	0	0	1	0	0	29317167	0	0	29317167	0	93.158.90.12
5	5	5	0	0	29399153	0	0	29363056	0	0	147435	113.219.218.197
5	1	1	0	0	29316268	0	0	29316268	0	0	0	64.15.129.106
5	1	1	0	0	29318083	0	0	29318083	0	0	16669	23.95.184.98
5	1	1	0	0	29330518	0	0	29330518	0	0	18810	13.221.53.152
5	1	1	1	0	29440706	29440706	0	29440706	29440706	0	29487	91.98.176.86
5	3	3	0	18	29321635	0	29321635	29321635	0	29321635	55947	208.84.102.213
5	3	3	0	0	29392629	0	0	29331252	0	0	70832	49.51.50.147
5	2	2	0	0	29416135	0	0	29391613	0	0	58974	43.166.226.57
5	0	0	1	0	0	29428253	0	0	29428253	0	0	49.51.243.95
5	0	0	1	0	0	29434326	0	0	29434326	0	0	192.36.248.249
5	2	2	0	0	29320823	0	0	29320823	0	0	37298	35.160.35.100
5	1	1	0	0	29419965	0	0	29419965	0	0	29487	124.156.226.179
5	1	1	0	0	29368423	0	0	29368423	0	0	29487	165.225.242.251
5	0	0	0	3	0	0	29382013	0	0	29382013	0	180.149.199.44
5	1	1	0	0	29370578	0	0	29370578	0	0	29487	45.84.107.47
5	1	1	0	0	29406451	0	0	29406451	0	0	29487	184.73.189.76
5	0	0	72	0	0	29441414	0	0	29441414	0	0	104.208.66.28
5	1	1	0	2	29318411	0	29318411	29318411	0	29318411	16669	128.14.188.216
5	8	8	0	0	29416260	0	0	29323548	0	0	213258	182.42.111.213
5	1	0	1	0	29409182	29409182	0	29409182	29409182	0	7622	87.236.176.144
5	1	1	0	0	29410256	0	0	29410256	0	0	29487	134.209.73.108
5	0	0	2	0	0	29447773	0	0	29447770	0	0	196.240.60.197
5	1	1	0	0	29350063	0	0	29350063	0	0	23587	165.22.5.123
5	3	3	0	0	29338503	0	0	29335651	0	0	67605	113.31.186.146
5	2	2	0	0	29389756	0	0	29385427	0	0	58974	43.135.142.37
5	1	1	0	0	29352335	0	0	29352335	0	0	23587	100.26.56.129
5	4	4	0	0	29429363	0	0	29365886	0	0	117948	162.62.213.187
5	0	0	0	62	0	0	29425415	0	0	29425415	0	20.214.245.245
5	1	1	0	0	29331657	0	0	29331657	0	0	18810	45.135.32.24
5	2	2	0	0	29425097	0	0	29322630	0	0	48136	43.133.91.48
5	0	0	1	0	0	29445574	0	0	29445574	0	0	49.51.38.193
5	1	1	0	0	29316553	0	0	29316553	0	0	0	98.81.211.29
5	0	0	1	0	0	29436082	0	0	29436082	0	0	205.210.31.252
5	1	1	0	0	29323434	0	0	29323434	0	0	18649	54.80.239.52
5	0	0	1	0	0	29433842	0	0	29433842	0	0	43.166.226.186
5	1	1	0	0	29403185	0	0	29403185	0	0	29487	43.155.27.244
5	1	1	0	0	29403887	0	0	29403887	0	0	29487	205.210.31.246
5	2	2	0	3	29320413	0	29325243	29319419	0	29319879	35318	66.249.75.233
5	0	0	1	0	0	29427315	0	0	29427315	0	0	205.210.31.242
5	3	3	0	18	29316062	0	29316062	29316062	0	29316062	1869	64.226.65.160
5	1	0	0	3	29319420	0	29356649	29319420	0	29319419	1164432	66.249.75.232
5	0	0	0	64	0	0	29422143	0	0	29422142	0	20.189.70.28
5	2	2	0	0	29393986	0	0	29360827	0	0	58974	43.153.192.98
5	4	4	0	3	29325243	0	29359490	29319420	0	29349221	70636	66.249.75.231
5	2	2	0	0	29403630	0	0	29400091	0	0	58974	43.157.180.116
5	3	3	0	0	29422434	0	0	29322124	0	0	77623	162.62.213.165
5	2	2	0	0	29383818	0	0	29358717	0	0	58974	49.51.183.84
5	3	3	0	18	29414405	0	29414405	29414405	0	29414405	88461	136.115.136.132
5	1	1	0	0	29369441	0	0	29369441	0	0	29487	82.22.158.212
5	5	5	0	0	29435586	0	0	29341725	0	0	141535	182.40.104.255
5	2	2	0	0	29324928	0	0	29324454	0	0	37298	162.14.197.180
5	1	1	0	0	29324489	0	0	29324489	0	0	18649	54.210.175.58
5	1	1	0	0	29318404	0	0	29318404	0	0	16669	103.173.227.63
5	4	4	1	0	29446067	29434477	0	29419106	29434477	0	117948	49.233.45.47
5	1	1	0	0	29317975	0	0	29317975	0	0	16669	109.172.93.98
5	2	2	0	0	29383320	0	0	29369456	0	0	58974	222.79.103.59
5	1	1	0	0	29336350	0	0	29336350	0	0	22535	54.235.236.190
5	6	6	2	0	29428146	29441184	0	29332312	29427746	0	154445	182.42.111.156
5	2	2	0	0	29317418	0	0	29317391	0	0	33338	3.90.72.181
5	0	0	1	0	0	29449830	0	0	29449830	0	0	34.75.89.71
5	0	0	127	1	0	29447926	29447926	0	29447926	29447926	0	68.218.20.72
5	1	1	0	0	29360807	0	0	29360807	0	0	29487	205.210.31.221
5	3	3	0	0	29398369	0	0	29373724	0	0	88461	170.106.180.153
5	2	2	0	0	29365773	0	0	29365772	0	0	58974	154.47.23.121
5	1	1	0	0	29335073	0	0	29335073	0	0	22535	3.89.190.16
5	1	1	0	0	29370829	0	0	29370829	0	0	29487	3.110.100.247
5	1	1	0	0	29318269	0	0	29318269	0	0	16669	17.241.75.223
5	1	1	0	0	29318099	0	0	29318099	0	0	16669	185.177.72.47
5	0	0	0	1	0	0	29449352	0	0	29449352	0	205.210.31.207
5	1	1	0	19	29335908	0	29335908	29335908	0	29335908	22535	185.177.72.45
5	2	1	0	0	29400346	0	0	29400346	0	0	1193919	147.182.186.53
5	1	1	0	0	29438254	0	0	29438254	0	0	29487	170.106.73.216
5	1	1	0	0	29372235	0	0	29372235	0	0	0	45.77.103.33
5	1	1	0	0	29405292	0	0	29405292	0	0	29487	104.196.191.134
5	1	1	1	0	29393097	29431981	0	29393097	29431981	0	29487	43.154.140.188
5	2	2	0	0	29427948	0	0	29418888	0	0	58974	43.153.54.138
5	2	1	0	0	29320148	0	0	29320148	0	0	1181101	167.99.246.124
5	1	1	0	9	29319324	0	29319324	29319324	0	29319324	16669	185.177.72.31
5	1	1	0	0	29370643	0	0	29370643	0	0	29487	191.96.67.197
5	0	0	0	1	0	0	29369441	0	0	29369441	0	82.22.158.155
5	1	1	0	1	29317403	0	29317403	29317403	0	29317403	16669	17.241.75.202
5	1	1	0	0	29318258	0	0	29318258	0	0	16669	17.241.75.189
5	1	1	0	0	29438747	0	0	29438747	0	0	29487	205.210.31.175
5	1	0	0	0	29403924	0	0	29403924	0	0	87	13.229.234.158
5	2	2	0	0	29414752	0	0	29405226	0	0	58974	49.51.33.159
5	1	1	0	0	29370685	0	0	29370685	0	0	29487	176.100.243.133
5	0	0	0	1	0	0	29425860	0	0	29425860	0	17.246.19.213
5	7	7	1	0	29444572	29438207	0	29330450	29438207	0	189832	182.42.105.144
5	0	0	0	2	0	0	29390593	0	0	29390593	0	167.172.83.94
5	1	1	0	0	29388254	0	0	29388254	0	0	29487	43.130.16.212
5	0	0	1	0	0	29443409	0	0	29443409	0	0	192.71.126.53
5	1	1	0	0	29318394	0	0	29318394	0	0	16669	77.81.142.250
5	2	2	0	0	29426961	0	0	29389554	0	0	58974	49.51.183.15
5	0	0	0	1	0	0	29365100	0	0	29365100	0	154.217.185.0
5	3	2	0	3	29319295	0	29319295	29319295	0	29319295	1197770	164.52.24.178
5	1	1	1	0	29446926	29446926	0	29446926	29446926	0	29487	161.35.94.235
5	1	1	0	0	29347360	0	0	29347360	0	0	23587	205.210.31.150
5	2	1	0	0	29328552	0	0	29328552	0	0	1183081	138.68.140.29
5	0	0	0	1	0	0	29355601	0	0	29355601	0	139.59.72.212
5	1	1	0	0	29327199	0	0	29327199	0	0	18649	205.210.31.146
5	2	1	0	0	29327205	0	0	29327205	0	0	1183081	154.220.164.241
5	1	1	0	0	29369441	0	0	29369441	0	0	29487	23.230.243.22
5	0	0	0	1	0	0	29383580	0	0	29383580	0	178.128.88.22
5	1	1	0	0	29340012	0	0	29340012	0	0	23587	205.210.31.143
5	0	0	1	0	0	29447418	0	0	29447418	0	0	34.96.41.168
5	5	5	1	0	29407655	29449387	0	29335816	29449387	0	140483	182.43.70.143
5	2	2	1	0	29410279	29438055	0	29365328	29438055	0	58974	170.106.165.76
5	3	3	0	2	29410830	0	29409620	29371578	0	29371576	88461	66.249.70.167
5	0	0	1	0	0	29438447	0	0	29438447	0	0	205.210.31.135
5	1	1	0	0	29322629	0	0	29322629	0	0	18649	43.130.71.237
5	6	5	0	7	29399178	0	29445672	29366399	0	29360997	1311867	66.249.70.166
5	4	3	0	6	29399178	0	29399178	29371578	0	29362337	1252893	66.249.70.165
5	4	2	0	3	29319070	0	29319070	29319070	0	29319070	2345533	62.210.90.186
5	1	1	0	0	29400281	0	0	29400281	0	0	29487	205.210.31.130
5	1	1	0	0	29366108	0	0	29366108	0	0	0	104.218.55.248
5	2	2	0	0	29333468	0	0	29320099	0	0	39204	49.232.151.112
5	0	0	1	0	0	29440611	0	0	29440611	0	0	34.79.180.31
5	1	1	0	3	29330778	0	29356629	29330778	0	29325323	18810	66.249.75.109
5	1	1	0	1	29356963	0	29356963	29356963	0	29356963	29487	35.209.202.171
5	0	0	0	2	0	0	29359306	0	0	29319449	0	66.249.75.108
5	6	5	0	1	29327901	0	29330778	29319449	0	29330778	1251737	66.249.75.107
5	0	0	1	0	0	29447117	0	0	29447117	0	0	34.96.41.145
5	1	1	0	0	29359607	0	0	29359607	0	0	29487	35.205.95.205
5	1	1	0	0	29370577	0	0	29370577	0	0	29487	3.17.56.236
5	1	0	0	0	29316061	0	0	29316061	0	0	87	51.20.132.178
5	7	7	0	0	29428908	0	0	29318488	0	0	176853	101.91.148.219
5	0	0	115	0	0	29434816	0	0	29434816	0	0	104.215.29.182
5	1	1	0	0	29316481	0	0	29316481	0	0	0	154.210.100.120
5	1	1	1	0	29384581	29432965	0	29384581	29432965	0	29487	43.156.109.53
5	0	0	115	0	0	29447474	0	0	29447474	0	0	4.213.33.129
5	0	0	0	2	0	0	29405080	0	0	29405080	0	34.148.191.212
5	1	1	0	0	29316501	0	0	29316501	0	0	0	154.210.100.113
5	2	1	0	0	29354352	0	0	29354352	0	0	1193919	159.89.118.76
5	1	1	0	0	29409928	0	0	29409928	0	0	29487	16.144.51.0
5	6	6	0	0	29415412	0	0	29325158	0	0	153232	182.44.8.254
5	0	0	72	0	0	29438028	0	0	29438027	0	0	4.241.241.191
5	1	1	0	0	29330763	0	0	29330763	0	0	18810	43.173.1.69
5	1	1	0	0	29399829	0	0	29399829	0	0	29487	49.51.195.195
5	3	3	0	17	29343625	0	29343625	29343624	0	29343625	70761	108.136.162.67
5	0	0	0	4	0	0	29385035	0	0	29383590	0	152.42.200.79
5	1	1	0	0	29358413	0	0	29358413	0	0	29487	18.207.64.211
5	2	2	0	2	29359430	0	29359430	29359430	0	29359430	58974	68.183.32.194
5	2	2	0	0	29449853	0	0	29361589	0	0	62270	43.173.1.57
5	1	0	0	0	29316061	0	0	29316061	0	0	87	34.212.0.46
5	2	1	0	0	29390933	0	0	29390933	0	0	1193919	45.55.213.175
5	1	1	0	1	29352159	0	29352159	29352159	0	29352159	23587	34.87.59.123
5	4	4	0	0	29390276	0	0	29324688	0	0	90533	203.33.203.148
5	1	1	0	0	29374004	0	0	29374004	0	0	29487	54.70.188.46
5	4	4	0	0	29420443	0	0	29325005	0	0	107110	170.106.152.218
5	2	2	0	5	29398837	0	29390978	29371684	0	29365087	58974	66.249.64.131
5	5	4	0	6	29410862	0	29410241	29366399	0	29360887	1282380	66.249.64.129
5	2	2	0	4	29410241	0	29398819	29398837	0	29363614	58974	66.249.64.130
5	0	0	2	0	0	29444699	0	0	29444699	0	0	34.211.29.63
5	0	0	1	0	0	29447357	0	0	29447357	0	0	34.34.253.213
5	0	0	1	0	0	29442722	0	0	29442722	0	0	34.136.185.139
5	11	11	0	0	29441572	0	0	29328847	0	0	287815	182.42.105.85
5	0	0	1	0	0	29443473	0	0	29443473	0	0	84.20.25.22
5	1	1	0	0	29323204	0	0	29323204	0	0	18649	43.166.128.187
5	1	1	0	0	29373906	0	0	29373906	0	0	29487	43.166.238.12
5	1	1	0	0	29319315	0	0	29319315	0	0	16669	104.218.50.202
5	1	1	0	0	29343657	0	0	29343657	0	0	23587	3.86.209.74
5	1	1	0	0	29342825	0	0	29342825	0	0	23587	103.149.169.120
5	2	2	1	0	29387232	29429656	0	29378839	29429656	0	58974	43.166.128.86
5	0	0	0	1	0	0	29326035	0	0	29326035	0	148.113.130.14
5	2	2	1	0	29387865	29444653	0	29342286	29444653	0	53074	43.156.156.96
5	3	2	0	0	29326015	0	0	29326011	0	0	1183081	91.134.69.56
5	0	0	2	0	0	29437728	0	0	29437728	0	0	68.183.107.10
5	0	0	1	0	0	29447598	0	0	29447598	0	0	34.34.253.173
5	2	2	0	0	29317532	0	0	29317531	0	0	33338	205.169.39.240
5	1	1	0	0	29353287	0	0	29353287	0	0	23587	54.89.23.20
5	1	1	0	0	29439937	0	0	29439937	0	0	29487	43.159.136.201
5	1	1	0	0	29386519	0	0	29386519	0	0	29487	43.166.134.114
5	0	0	0	1	0	0	29341013	0	0	29341013	0	103.198.133.13
5	0	0	0	1	0	0	29340487	0	0	29340487	0	103.198.133.12
5	1	1	0	0	29379486	0	0	29379486	0	0	29487	43.135.185.59
5	2	1	0	0	29380189	0	0	29380189	0	0	1193919	134.209.94.156
5	1	1	0	0	29437544	0	0	29437544	0	0	29487	43.157.38.228
5	1	1	0	0	29316088	0	0	29316088	0	0	1508	52.57.46.129
5	2	1	0	0	29370598	0	0	29370596	0	0	1193919	159.89.216.7
5	6	6	1	0	29429662	29431525	0	29321707	29431525	0	159132	120.71.59.24
5	1	1	0	0	29425424	0	0	29425424	0	0	29487	82.147.84.94
5	1	1	0	18	29410900	0	29410900	29410900	0	29410900	29487	152.42.177.194
5	0	0	3	1	0	29439179	29419734	0	29431168	29419734	0	66.249.70.34
5	1	1	0	0	29392421	0	0	29392421	0	0	29487	3.146.111.124
5	3	3	2	1	29420234	29438191	29420234	29420234	29435747	29420234	88461	66.249.70.33
5	1	0	6	0	29420234	29439179	0	29420234	29430073	0	1164432	66.249.70.32
5	1	1	0	0	29371027	0	0	29371027	0	0	29487	43.128.67.187
5	1	1	0	0	29401367	0	0	29401367	0	0	29487	207.241.225.61
5	1	0	0	0	29317531	0	0	29317531	0	0	1164432	205.169.39.202
5	1	1	0	0	29356697	0	0	29356697	0	0	29487	5.254.26.60
5	1	0	0	0	29403924	0	0	29403924	0	0	87	3.144.164.214
5	1	1	0	0	29357292	0	0	29357292	0	0	29487	43.130.101.151
5	2	2	0	0	29334927	0	0	29334927	0	0	45070	205.169.39.188
5	0	0	1	0	0	29447056	0	0	29447056	0	0	34.34.253.130
5	1	1	0	0	29318943	0	0	29318943	0	0	16669	89.47.249.61
5	1	0	0	0	29324585	0	0	29324585	0	0	1164432	54.161.31.202
5	1	1	0	0	29324585	0	0	29324585	0	0	18649	54.163.104.53
5	2	1	0	0	29410408	0	0	29410408	0	0	1193919	46.101.77.130
5	1	1	0	0	29406737	0	0	29406737	0	0	29487	35.231.94.72
5	0	0	1	0	0	29447115	0	0	29447115	0	0	34.34.253.120
5	2	2	0	0	29325790	0	0	29325790	0	0	37298	205.169.39.177
5	1	1	0	1	29365234	0	29365234	29365234	0	29365234	29487	205.185.120.118
5	2	1	0	0	29420498	0	0	29420498	0	0	1193919	167.71.190.207
5	1	1	0	0	29383120	0	0	29383120	0	0	29487	101.33.55.204
5	0	0	2	0	0	29441538	0	0	29441538	0	0	205.169.39.175
5	3	3	0	0	29427446	0	0	29384984	0	0	88461	43.134.141.244
5	4	4	0	0	29448127	0	0	29351493	0	0	112048	43.135.135.57
5	0	0	1	0	0	29444176	0	0	29444176	0	0	43.157.98.187
5	1	1	0	0	29317580	0	0	29317580	0	0	16669	118.89.233.234
5	10	5	0	0	29449232	0	0	29379404	0	0	5976187	20.191.45.212
5	1	1	0	0	29365523	0	0	29365523	0	0	29487	149.34.243.66
5	0	0	1	0	0	29436688	0	0	29436688	0	0	185.36.81.54
5	0	0	0	1	0	0	29404992	0	0	29404992	0	146.190.114.66
5	8	8	0	0	29438594	0	0	29319196	0	0	206340	36.111.67.189
5	2	1	0	0	29426178	0	0	29426178	0	0	1193919	198.199.89.29
5	1	1	0	0	29316495	0	0	29316495	0	0	0	103.115.186.158
5	2	1	1	0	29394068	29364457	0	29364458	29364457	0	37109	43.133.14.237
5	1	1	0	0	29359566	0	0	29359566	0	0	29487	43.153.10.13
5	1	1	0	0	29322006	0	0	29322006	0	0	18649	182.69.183.106
5	2	2	0	0	29353805	0	0	29352932	0	0	47174	43.155.140.157
5	1	1	0	0	29400304	0	0	29400304	0	0	29487	43.130.111.40
5	0	0	0	124	0	0	29424872	0	0	29424798	0	4.217.235.181
5	3	0	56	2256	29409211	29449335	29423735	29409207	29409207	29318547	22866	2a06:98c0:3600::103
5	0	0	1	0	0	29448504	0	0	29448504	0	0	18.116.73.202
5	2	1	0	0	29385978	0	0	29385978	0	0	1193919	143.198.137.8
5	2	2	0	0	29323757	0	0	29323757	0	0	37298	205.169.39.144
5	1	1	0	0	29321557	0	0	29321557	0	0	18649	45.90.63.134
5	2	2	0	0	29319611	0	0	29319611	0	0	33338	205.169.39.143
5	0	0	0	1	0	0	29422715	0	0	29422715	0	159.89.3.160
5	0	0	0	2	0	0	29340163	0	0	29340163	0	35.184.57.45
5	1	1	0	0	29327142	0	0	29327142	0	0	18649	36.99.136.135
5	1	1	0	0	29319279	0	0	29319279	0	0	16669	144.217.135.243
5	1	1	0	0	29414221	0	0	29414221	0	0	29487	180.153.236.52
5	1	0	0	0	29403924	0	0	29403924	0	0	87	23.178.112.210
5	0	0	3	0	0	29449612	0	0	29449612	0	0	34.174.163.33
5	1	1	0	0	29327145	0	0	29327145	0	0	18649	36.99.136.132
5	0	0	0	6	0	0	29426003	0	0	29426003	0	4.218.15.157
5	1	1	0	0	29327145	0	0	29327145	0	0	0	36.99.136.131
5	1	1	0	0	29320353	0	0	29320353	0	0	18649	115.245.212.162
5	2	1	0	0	29417563	0	0	29417563	0	0	1193919	157.230.55.198
5	2	2	0	0	29344017	0	0	29339563	0	0	46122	82.147.84.12
5	1	1	0	0	29375936	0	0	29375936	0	0	29487	43.130.57.76
5	5	5	0	0	29423278	0	0	29324066	0	0	125759	43.156.232.190
5	2	2	0	0	29408494	0	0	29407817	0	0	58974	43.157.38.131
5	1	1	0	0	29422898	0	0	29422898	0	0	29487	180.153.236.42
5	1	1	0	0	29318251	0	0	29318251	0	0	16669	101.251.238.174
5	0	0	1	0	0	29447288	0	0	29447288	0	0	192.3.138.26
5	1	1	0	0	29318287	0	0	29318287	0	0	16669	101.251.238.173
5	1	1	0	1	29414439	0	29414439	29414439	0	29414439	29487	188.130.221.41
5	7	7	2	0	29437093	29446427	0	29322406	29429267	0	177781	203.2.64.59
5	0	0	2	0	0	29438348	0	0	29438347	0	0	103.77.107.57
5	1	1	0	0	29420441	0	0	29420441	0	0	29487	205.210.31.8
5	0	0	2	0	0	29409044	0	0	29409044	0	0	64.23.137.254
5	1	1	0	0	29365888	0	0	29365888	0	0	29487	43.166.247.155
5	1	1	0	0	29395843	0	0	29395843	0	0	29487	66.23.227.62
5	0	0	1	0	0	29439584	0	0	29439584	0	0	180.153.236.32
5	0	0	0	66	0	0	29425134	0	0	29425134	0	4.190.195.155
5	3	3	1	0	29389839	29441982	0	29320503	29441982	0	70671	43.133.220.37
5	3	3	0	0	29415850	0	0	29400713	0	0	88461	119.96.24.54
5	1	1	0	0	29317161	0	0	29317161	0	0	16669	43.157.82.252
5	1	1	0	0	29386869	0	0	29386869	0	0	29487	43.130.37.243
5	0	0	0	2	0	0	29386038	0	0	29386038	0	136.118.170.190
5	1	1	0	0	29390232	0	0	29390232	0	0	29487	43.130.57.46
5	1	1	0	0	29370579	0	0	29370579	0	0	29487	54.71.187.124
5	5	5	0	0	29337234	0	0	29318038	0	0	95151	82.156.68.74
5	1	1	0	0	29398757	0	0	29398757	0	0	29487	43.152.72.247
5	1	1	0	0	29386822	0	0	29386822	0	0	29487	162.251.146.206
5	1	1	0	0	29318234	0	0	29318234	0	0	16669	36.112.209.154
5	1	1	0	0	29370645	0	0	29370645	0	0	29487	13.217.92.144
5	2	2	1	3	29316128	29316128	29316128	29316127	29316128	29316128	6202	199.45.154.143
5	1	1	0	0	29386832	0	0	29386832	0	0	29487	147.185.132.51
5	1	1	1	0	29428340	29433086	0	29428340	29433086	0	29487	100.30.248.17
5	6	6	0	0	29398000	0	0	29342084	0	0	153331	125.75.66.97
5	1	1	1	0	29400195	29441131	0	29400195	29441131	0	29487	49.51.243.156
5	0	0	2	0	0	29444284	0	0	29432989	0	0	3.140.182.19
5	1	1	0	0	29434801	0	0	29434801	0	0	29487	34.46.157.94
5	0	0	0	1	0	0	29369704	0	0	29369704	0	52.125.141.24
5	2	1	0	0	29357121	0	0	29357121	0	0	1193919	64.23.137.196
5	1	1	0	0	29371698	0	0	29371698	0	0	29487	3.89.190.130
5	2	1	0	0	29449454	0	0	29449454	0	0	1197215	64.23.137.205
5	1	1	0	0	29329234	0	0	29329234	0	0	18649	103.6.196.61
5	0	0	0	4	0	0	29369703	0	0	29321404	0	52.125.141.22
5	4	4	0	171	29422821	0	29422821	29422542	0	29422423	3248	20.239.251.133
5	1	1	0	0	29403376	0	0	29403376	0	0	29487	3.85.198.119
5	0	0	0	1	0	0	29316166	0	0	29316166	0	52.125.141.16
5	1	1	0	0	29370577	0	0	29370577	0	0	29487	3.94.110.197
5	2	2	0	0	29378830	0	0	29319245	0	0	46156	43.130.32.245
5	3	2	0	0	29421714	0	0	29421714	0	0	1223406	199.45.154.121
5	0	0	0	4	0	0	29351930	0	0	29350572	0	80.134.135.17
5	3	3	0	0	29373025	0	0	29355831	0	0	88461	43.155.188.157
5	0	0	0	2	0	0	29373104	0	0	29373104	0	35.229.26.101
5	0	0	1	0	0	29441565	0	0	29441565	0	0	101.33.80.42
5	1	1	0	15	29326478	0	29326478	29326478	0	29326478	18649	65.111.31.11
5	0	0	1	0	0	29431911	0	0	29431911	0	0	147.185.132.19
5	0	0	0	2	0	0	29405263	0	0	29401255	0	193.32.126.222
5	0	0	1	0	0	29441342	0	0	29441342	0	0	34.75.163.255
5	3	3	0	0	29352199	0	0	29320521	0	0	60885	84.32.41.136
5	0	0	216	0	0	29440887	0	0	29438393	0	0	4.189.129.123
5	4	3	0	8	29412190	0	29412190	29412190	0	29412190	1252893	107.172.62.104
5	6	6	1	0	29404592	29442677	0	29320571	29442677	0	154284	182.42.110.255
5	2	2	0	0	29360149	0	0	29339403	0	0	52022	43.157.148.38
5	0	0	1	0	0	29447356	0	0	29447356	0	0	34.34.231.152
5	1	1	0	0	29361878	0	0	29361878	0	0	29487	147.185.132.12
5	2	2	0	0	29352168	0	0	29339329	0	0	46122	31.56.222.42
5	1	1	0	0	29325449	0	0	29325449	0	0	18649	43.135.182.43
5	4	4	0	0	29395994	0	0	29325515	0	0	107110	101.32.52.164
5	0	0	1	0	0	29447056	0	0	29447056	0	0	34.34.231.146
5	0	0	0	1	0	0	29410460	0	0	29410460	0	104.131.91.99
5	1	0	0	0	29316061	0	0	29316061	0	0	87	23.178.112.103
5	1	1	0	0	29352366	0	0	29352366	0	0	23587	43.134.186.61
5	3	3	0	0	29338183	0	0	29330693	0	0	63880	129.211.215.233
5	1	1	0	2	29365724	0	29365724	29365724	0	29365724	29487	193.37.32.19
5	1	1	0	0	29316499	0	0	29316499	0	0	0	103.115.187.80
5	3	3	2	0	29375164	29442420	0	29318114	29434381	0	64966	49.51.233.95
5	1	1	0	0	29318944	0	0	29318944	0	0	16669	159.100.17.78
5	3	3	0	0	29402659	0	0	29326960	0	0	77623	124.156.225.181
5	1	1	0	0	29399945	0	0	29399945	0	0	29487	42.96.17.195
5	2	2	0	183	29421766	0	29422677	29421766	0	29421766	1624	4.196.105.180
5	4	4	0	0	29438801	0	0	29395506	0	0	117948	43.156.228.27
5	6	6	0	36	29317402	0	29317402	29317392	0	29317392	100014	159.89.198.132
5	0	0	1	0	0	29433327	0	0	29433327	0	0	169.150.203.202
5	3	3	0	17	29371727	0	29371727	29371727	0	29371727	88461	196.251.69.43
5	1	1	0	0	29316268	0	0	29316268	0	0	0	192.175.111.233
5	1	1	0	0	29370819	0	0	29370819	0	0	29487	162.55.97.171
5	0	0	1	0	0	29446926	0	0	29446926	0	0	134.122.63.148
5	0	0	0	3	0	0	29383195	0	0	29383195	0	111.0.75.165
5	2	1	0	0	29397367	0	0	29397367	0	0	1193919	209.97.158.11
5	1	1	0	0	29316268	0	0	29316268	0	0	0	192.175.111.231
5	3	3	0	17	29353118	0	29353118	29353118	0	29353118	70761	193.32.126.166
5	1	1	0	0	29407279	0	0	29407279	0	0	29487	43.165.65.180
5	1	1	0	0	29317986	0	0	29317986	0	0	16669	185.247.137.216
5	0	0	0	2	0	0	29332938	0	0	29332938	0	34.6.84.139
5	0	0	1	0	0	29447297	0	0	29447297	0	0	34.34.231.108
5	3	3	0	0	29409610	0	0	29362368	0	0	88461	113.141.91.58
5	0	0	0	1	0	0	29365774	0	0	29365774	0	154.47.23.67
5	2	2	0	0	29405504	0	0	29402281	0	0	58974	170.106.113.235
5	1	1	0	0	29414049	0	0	29414049	0	0	29487	54.160.205.220
5	0	0	0	1	0	0	29351481	0	0	29351481	0	64.23.186.219
5	1	1	0	0	29317861	0	0	29317861	0	0	16669	212.192.58.35
5	3	3	0	17	29330303	0	29330303	29330303	0	29330303	56430	194.24.161.208
5	1	1	0	0	29366820	0	0	29366820	0	0	29487	161.123.43.90
5	0	0	0	1	0	0	29341811	0	0	29341811	0	137.184.125.5
5	23	3	1	18	29411042	29409155	29411042	29409155	29409155	29411042	240901	208.84.101.154
5	3	3	0	17	29325820	0	29325820	29325820	0	29325820	55947	154.47.23.53
5	1	1	0	0	29376787	0	0	29376787	0	0	29487	43.157.22.109
5	3	3	2	0	29402670	29444935	0	29374813	29439699	0	88461	221.229.106.25
5	1	1	0	0	29383112	0	0	29383112	0	0	29487	49.51.233.46
5	1	1	0	0	29355051	0	0	29355051	0	0	29487	13.222.160.111
5	2	1	0	0	29339936	0	0	29339936	0	0	1188019	165.227.172.146
5	1	1	0	0	29329325	0	0	29329325	0	0	18649	43.166.247.82
5	1	0	0	0	29319135	0	0	29319135	0	0	1164432	69.30.226.186
5	1	1	0	0	29356015	0	0	29356015	0	0	29487	18.134.165.58
5	0	0	1	0	0	29432377	0	0	29432377	0	0	35.229.102.194
5	12	12	0	68	29336660	0	29336660	29328570	0	29328570	247587	13.231.125.236
5	1	1	0	0	29369727	0	0	29369727	0	0	29487	35.88.76.54
5	3	3	0	18	29415386	0	29415386	29415386	0	29415386	88461	35.186.163.203
5	1	1	0	0	29393701	0	0	29393701	0	0	29487	198.235.24.208
5	1	1	0	0	29389487	0	0	29389487	0	0	29487	109.243.7.20
5	1	1	0	0	29319911	0	0	29319911	0	0	16669	54.89.103.105
5	2	2	0	0	29385250	0	0	29344984	0	0	53074	43.157.22.57
5	1	1	0	0	29399654	0	0	29399654	0	0	29487	13.221.110.241
5	1	1	0	0	29411181	0	0	29411181	0	0	29487	54.235.165.150
5	3	2	0	0	29329739	0	0	29329738	0	0	1183242	145.239.161.191
5	0	0	1	0	0	29448697	0	0	29448697	0	0	198.235.24.177
5	1	1	0	0	29345853	0	0	29345853	0	0	23587	93.158.71.185
5	1	1	0	0	29379475	0	0	29379475	0	0	29487	198.235.24.176
5	0	0	3	0	0	29446998	0	0	29446998	0	0	176.102.65.28
5	2	1	0	0	29322883	0	0	29322883	0	0	1183081	154.220.164.13
5	1	1	0	0	29420878	0	0	29420878	0	0	29487	122.51.236.174
5	1	1	0	0	29445293	0	0	29445293	0	0	29487	43.153.123.3
5	8	8	0	0	29427390	0	0	29358449	0	0	235896	182.44.12.37
5	0	0	2	0	0	29441140	0	0	29441140	0	0	46.101.139.150
5	1	1	0	0	29368438	0	0	29368438	0	0	29487	165.85.249.102
5	0	0	0	2	0	0	29370373	0	0	29370373	0	159.65.15.200
5	1	1	0	0	29389270	0	0	29389270	0	0	29487	198.235.24.161
5	1	1	0	0	29331043	0	0	29331043	0	0	18810	188.130.211.151
5	2	2	0	0	29405993	0	0	29318248	0	0	46156	170.106.72.178
5	1	1	0	0	29325834	0	0	29325834	0	0	18649	152.32.183.231
5	1	1	0	0	29337195	0	0	29337195	0	0	22535	173.236.218.94
5	2	1	0	0	29322836	0	0	29322835	0	0	1183081	65.130.14.108
5	7	7	0	0	29424070	0	0	29327458	0	0	182719	123.187.240.242
5	1	1	0	0	29340826	0	0	29340826	0	0	23587	54.157.128.190
5	1	1	0	0	29419973	0	0	29419973	0	0	29487	91.231.89.98
5	2	2	0	0	29357658	0	0	29357566	0	0	58974	171.22.183.108
5	1	1	0	0	29423170	0	0	29423170	0	0	29487	198.38.91.110
5	9	9	0	0	29446800	0	0	29346328	0	0	247683	175.6.217.4
5	3	3	0	0	29431676	0	0	29342105	0	0	82561	43.130.154.56
5	3	3	0	0	29409748	0	0	29347693	0	0	82561	91.231.89.96
5	0	0	1	0	0	29449851	0	0	29449851	0	0	81.180.92.206
5	2	1	0	0	29431223	0	0	29431223	0	0	1193919	159.65.241.111
5	1	1	0	0	29395688	0	0	29395688	0	0	29487	34.79.154.21
5	1	1	0	0	29357573	0	0	29357573	0	0	29487	81.180.92.205
5	1	1	0	0	29337937	0	0	29337937	0	0	22535	198.235.24.142
5	4	4	0	0	29388312	0	0	29318729	0	0	105130	111.172.249.49
5	1	1	0	0	29368024	0	0	29368024	0	0	29487	43.167.236.228
5	1	1	0	0	29429757	0	0	29429757	0	0	29487	198.235.24.136
5	1	1	0	0	29403750	0	0	29403750	0	0	29487	185.12.149.40
5	1	1	0	0	29322376	0	0	29322376	0	0	18649	43.159.152.4
5	1	1	0	1	29420545	0	29420545	29420545	0	29420545	29487	84.239.45.139
5	1	1	0	0	29326445	0	0	29326445	0	0	18649	43.159.152.187
5	1	0	0	0	29332963	0	0	29332963	0	0	1164432	176.53.217.23
5	4	1	0	0	29317529	0	0	29317529	0	0	2345533	3.234.237.138
5	1	1	0	0	29393567	0	0	29393567	0	0	29487	43.159.152.184
5	0	0	0	1	0	0	29358531	0	0	29358531	0	192.250.232.196
5	1	1	0	0	29405030	0	0	29405030	0	0	29487	118.193.36.63
5	5	1	0	0	29317541	0	0	29317541	0	0	3509965	35.170.40.121
5	1	1	0	0	29341242	0	0	29341242	0	0	23587	119.45.20.16
5	0	0	0	1	0	0	29371842	0	0	29371842	0	167.172.19.100
5	1	1	0	0	29367319	0	0	29367319	0	0	29487	43.156.204.134
5	2	2	0	0	29403774	0	0	29403774	0	0	29487	80.94.92.206
5	0	0	0	1	0	0	29418659	0	0	29418659	0	170.64.200.74
5	3	3	0	16	29365313	0	29365313	29365313	0	29365313	88461	138.199.22.237
5	2	2	1	0	29410784	29443738	0	29332025	29443738	0	48297	43.164.196.57
5	1	1	0	0	29353643	0	0	29353643	0	0	23587	35.173.243.234
5	1	1	0	0	29320328	0	0	29320328	0	0	18649	132.232.165.4
5	3	3	0	17	29381352	0	29381352	29381352	0	29381352	88461	191.96.5.191
5	1	1	0	0	29442003	0	0	29442003	0	0	29487	198.235.24.104
5	0	0	0	1	0	0	29410623	0	0	29410623	0	159.203.13.232
5	1	1	0	0	29332065	0	0	29332065	0	0	18810	44.201.192.34
5	4	4	0	0	29358071	0	0	29327291	0	0	94258	4.43.184.114
5	3	3	0	0	29425340	0	0	29324823	0	0	77623	43.130.15.147
5	3	3	0	0	29397711	0	0	29377579	0	0	88461	4.43.184.113
5	3	3	0	0	29402072	0	0	29324643	0	0	77623	43.154.127.188
5	1	1	0	0	29444830	0	0	29444830	0	0	29487	43.164.197.224
5	3	3	0	0	29416990	0	0	29333698	0	0	81509	60.188.57.0
5	1	1	0	15	29372762	0	29372762	29372762	0	29372762	29487	191.96.5.182
5	4	4	0	0	29422756	0	0	29384841	0	0	117948	43.135.144.81
5	1	1	0	0	29405579	0	0	29405579	0	0	29487	91.231.89.39
5	2	2	0	250	29421409	0	29421409	29421408	0	29421408	1624	52.175.48.129
5	1	1	0	0	29359169	0	0	29359169	0	0	29487	35.232.73.2
5	0	0	1	0	0	29439551	0	0	29439551	0	0	91.231.89.36
5	1	1	0	0	29419979	0	0	29419979	0	0	29487	91.231.89.34
5	1	1	0	0	29354392	0	0	29354392	0	0	29487	43.135.130.202
5	0	0	1	0	0	29448293	0	0	29448293	0	0	91.231.89.33
5	1	1	0	0	29405298	0	0	29405298	0	0	29487	43.164.197.209
5	1	1	0	0	29370638	0	0	29370638	0	0	29487	139.59.145.68
5	0	0	0	118	0	0	29419261	0	0	29419261	0	4.189.162.120
5	2	1	0	0	29331259	0	0	29331259	0	0	1183242	159.89.165.192
5	1	1	0	0	29321763	0	0	29321763	0	0	18649	43.167.239.66
5	1	1	0	0	29361763	0	0	29361763	0	0	29487	3.16.155.252
5	3	3	0	17	29372182	0	29372182	29372182	0	29372182	88461	136.118.35.8
5	2	2	0	0	29374868	0	0	29351552	0	0	53074	91.231.89.19
5	3	3	0	18	29341792	0	29341792	29341792	0	29341792	70761	24.199.96.108
5	1	1	1	0	29359885	29435453	0	29359885	29435453	0	29487	91.231.89.17
5	0	0	68	0	0	29429392	0	0	29429392	0	0	13.71.30.28
5	1	1	0	0	29359863	0	0	29359863	0	0	29487	91.231.89.16
5	1	0	0	0	29326475	0	0	29326475	0	0	1164432	176.222.56.88
5	3	3	0	154	29334406	0	29334406	29334406	0	29334406	67605	185.177.72.202
5	2	2	0	0	29323384	0	0	29317804	0	0	35318	43.164.197.177
5	5	2	0	0	29321170	0	0	29321170	0	0	3530594	111.7.96.178
5	2	2	0	0	29321982	0	0	29321982	0	0	37298	5.161.251.120
5	3	3	0	0	29445741	0	0	29378048	0	0	88461	43.133.187.11
5	2	2	0	0	29443003	0	0	29387347	0	0	58974	43.166.244.66
5	0	0	0	1	0	0	29370492	0	0	29370492	0	61.8.129.166
5	0	0	113	0	0	29443345	0	0	29443260	0	0	52.230.125.217
5	3	3	0	18	29370384	0	29370384	29370384	0	29370384	88461	146.190.125.170
5	1	1	0	0	29353531	0	0	29353531	0	0	23587	213.136.93.169
5	2	2	0	0	29332857	0	0	29318634	0	0	35479	61.79.198.56
5	3	3	0	0	29418349	0	0	29398068	0	0	88461	43.133.253.253
5	1	1	0	15	29338540	0	29338540	29338540	0	29338540	22535	138.199.22.149
5	1	0	0	0	29316061	0	0	29316061	0	0	87	13.215.201.90
5	2	1	0	0	29325955	0	0	29325955	0	0	1183081	176.53.223.111
5	1	1	0	0	29347086	0	0	29347086	0	0	23587	61.79.198.49
5	2	1	0	0	29365696	0	0	29365696	0	0	1193919	164.92.216.77
5	1	1	0	0	29422634	0	0	29422634	0	0	29487	116.203.123.90
5	3	3	0	0	29388788	0	0	29327886	0	0	71723	43.153.36.110
5	1	1	0	0	29391010	0	0	29391010	0	0	29487	49.51.72.76
5	1	1	0	0	29358102	0	0	29358102	0	0	29487	54.157.172.207
5	0	0	1	0	0	29448280	0	0	29448280	0	0	74.7.227.37
5	0	0	2	0	0	29446362	0	0	29446362	0	0	159.89.124.51
5	1	1	0	0	29319319	0	0	29319319	0	0	16669	47.236.65.119
5	1	1	0	0	29390986	0	0	29390986	0	0	29487	98.93.163.92
5	0	0	1	0	0	29442583	0	0	29442583	0	0	206.81.23.96
5	1	1	1	0	29401093	29443275	0	29401093	29443275	0	29487	43.159.135.203
5	1	1	0	0	29318249	0	0	29318249	0	0	16669	49.51.183.220
5	3	2	1	0	29409005	29409005	0	29329839	29409005	0	55919	43.159.141.150
5	1	1	0	0	29365124	0	0	29365124	0	0	29487	54.145.155.255
5	1	1	0	0	29412147	0	0	29412147	0	0	29487	119.28.140.106
5	0	0	0	1	0	0	29402951	0	0	29402951	0	154.213.160.226
5	1	1	0	0	29448258	0	0	29448258	0	0	29487	205.210.31.91
5	2	2	0	63	29325030	0	29325030	29325030	0	29325030	37298	35.182.47.90
5	2	1	0	2	29423814	0	29423815	29423814	0	29423815	1193919	106.75.28.140
5	1	1	0	0	29326995	0	0	29326995	0	0	18649	205.169.39.3
5	1	1	0	0	29333922	0	0	29333922	0	0	22535	205.169.39.2
5	1	1	0	0	29358580	0	0	29358580	0	0	29487	205.169.39.1
5	0	0	1	0	0	29449788	0	0	29449788	0	0	213.232.235.84
5	1	1	0	0	29370639	0	0	29370639	0	0	29487	205.169.39.0
5	1	1	0	0	29322631	0	0	29322631	0	0	18649	43.153.79.218
5	1	1	0	0	29352890	0	0	29352890	0	0	23587	205.210.31.64
5	3	3	0	18	29357456	0	29357456	29357456	0	29357456	88461	45.149.173.211
5	3	3	0	0	29337469	0	0	29328612	0	0	63719	124.221.245.78
5	2	1	0	0	29362976	0	0	29362976	0	0	1193919	143.244.187.40
5	3	2	0	27	29373215	0	29373215	29373215	0	29373215	70038	185.177.72.106
5	3	3	0	18	29373788	0	29373788	29373788	0	29373788	88461	84.17.60.236
5	0	0	0	68	0	0	29425839	0	0	29425839	0	4.217.183.19
5	0	0	0	1	0	0	29323579	0	0	29323579	0	134.199.93.128
5	0	0	1	0	0	29445381	0	0	29445381	0	0	45.149.173.195
5	1	1	0	0	29398149	0	0	29398149	0	0	29487	205.210.31.55
5	0	0	0	1	0	0	29402107	0	0	29402107	0	74.7.241.146
5	6	3	0	0	29395602	0	0	29323289	0	0	3570919	167.94.146.51
5	0	0	1	0	0	29449281	0	0	29449281	0	0	141.138.213.100
5	2	2	0	0	29396953	0	0	29396292	0	0	58974	43.157.50.58
5	2	1	0	0	29371434	0	0	29371434	0	0	1193919	209.38.33.246
5	1	1	0	0	29340666	0	0	29340666	0	0	23587	170.106.15.3
5	0	0	1	0	0	29447177	0	0	29447177	0	0	34.96.41.39
5	0	0	1	0	0	29444443	0	0	29444443	0	0	205.210.31.36
5	0	0	1	0	0	29449436	0	0	29449436	0	0	111.45.1.135
5	1	1	0	0	29359460	0	0	29359460	0	0	29487	205.210.31.35
5	1	0	0	0	29331507	0	0	29331507	0	0	1164432	45.90.62.156
5	1	1	0	0	29416830	0	0	29416830	0	0	29487	43.130.116.87
5	5	5	0	0	29425903	0	0	29331843	0	0	136758	182.44.2.148
5	1	1	0	0	29317626	0	0	29317626	0	0	16669	136.115.49.74
5	1	1	0	0	29317694	0	0	29317694	0	0	16669	84.247.105.89
5	1	1	0	14	29338177	0	29338177	29338177	0	29338177	22535	103.214.20.198
5	2	1	0	0	29414591	0	0	29414591	0	0	1193919	157.245.221.171
5	1	1	0	0	29366399	0	0	29366399	0	0	29487	104.164.158.68
5	1	1	0	0	29397429	0	0	29397429	0	0	29487	43.153.15.51
5	1	1	0	0	29321201	0	0	29321201	0	0	18649	43.132.214.228
5	0	0	1	0	0	29433575	0	0	29433575	0	0	157.245.97.177
5	2	2	0	0	29317050	0	0	29317050	0	0	0	54.212.62.239
5	1	1	0	0	29397684	0	0	29397684	0	0	29487	205.210.31.14
5	3	3	0	18	29324405	0	29324405	29324405	0	29324405	55947	208.84.101.55
5	1	1	0	0	29316899	0	0	29316899	0	0	0	54.88.221.199
5	4	4	0	0	29428883	0	0	29354394	0	0	117948	43.166.246.180
5	2	1	0	0	29421267	0	0	29421267	0	0	1193919	139.59.37.245
5	2	2	0	0	29418760	0	0	29413818	0	0	58974	121.229.185.160
5	0	0	0	1	0	0	29407564	0	0	29407564	0	80.94.92.68
5	1	1	0	0	29371287	0	0	29371287	0	0	29487	200.58.127.65
5	0	0	1	0	0	29448700	0	0	29448700	0	0	220.181.108.145
5	1	1	0	7	29323012	0	29323012	29323012	0	29323012	18649	137.184.177.9
5	1	1	0	0	29430281	0	0	29430281	0	0	29487	49.51.180.2
5	2	1	0	2	29338561	0	29338561	29338561	0	29338561	1186967	106.75.66.241
5	0	0	1	0	0	29437842	0	0	29437842	0	0	89.46.107.190
5	1	1	0	0	29408306	0	0	29408306	0	0	29487	3.90.81.88
5	3	2	1	0	29409247	29409247	0	29351062	29409247	0	60696	135.148.195.16
5	1	0	0	0	29419589	0	0	29419589	0	0	1164432	135.148.195.15
5	1	1	0	0	29370852	0	0	29370852	0	0	29487	98.83.232.215
5	1	1	0	0	29368325	0	0	29368325	0	0	29487	135.148.195.14
5	1	1	0	0	29389098	0	0	29389098	0	0	29487	135.148.195.13
5	3	3	0	0	29382554	0	0	29341366	0	0	76661	43.157.188.74
5	2	1	0	0	29419589	0	0	29368325	0	0	1193919	135.148.195.12
5	2	1	1	0	29409247	29409247	0	29346903	29409247	0	31209	135.148.195.11
5	2	1	0	0	29388736	0	0	29388736	0	0	1193919	146.190.170.17
5	1	1	0	0	29345681	0	0	29345681	0	0	23587	119.28.177.175
5	1	1	0	15	29333096	0	29333096	29333096	0	29333096	22535	159.203.103.100
5	0	0	2	0	0	29449654	0	0	29448438	0	0	52.48.53.137
5	2	2	1	0	29331256	29440221	0	29323565	29440221	0	37459	49.51.166.228
5	1	1	0	0	29421462	0	0	29421462	0	0	29487	180.153.236.248
5	3	3	0	6	29353768	0	29353768	29353768	0	29353768	70761	34.1.24.57
5	1	1	0	0	29339222	0	0	29339222	0	0	22535	13.217.20.243
5	0	0	0	1	0	0	29369441	0	0	29369441	0	104.249.47.161
5	1	1	0	0	29396871	0	0	29396871	0	0	29487	54.204.177.195
5	1	1	0	0	29317126	0	0	29317126	0	0	0	89.104.101.147
5	0	0	144	0	0	29439589	0	0	29439391	0	0	20.78.176.13
5	0	0	1	0	0	29441651	0	0	29441651	0	0	180.153.236.234
5	1	1	0	0	29319168	0	0	29319168	0	0	16669	112.4.101.66
5	1	0	1	0	29409266	29409266	0	29409266	29409266	0	0	65.108.235.106
5	2	2	0	0	29388307	0	0	29388130	0	0	58974	43.135.172.89
5	0	0	2	0	0	29448645	0	0	29441652	0	0	180.153.236.227
5	0	0	0	1	0	0	29358134	0	0	29358134	0	192.64.113.146
5	3	3	0	0	29440848	0	0	29355831	0	0	88461	170.106.140.110
5	1	1	0	0	29390123	0	0	29390123	0	0	29487	43.130.47.33
5	1	1	0	0	29349491	0	0	29349491	0	0	23587	43.165.70.220
5	3	3	0	18	29351596	0	29351596	29351596	0	29351596	70761	146.190.168.118
5	0	0	2	0	0	29446926	0	0	29446926	0	0	167.71.8.159
5	2	1	0	0	29351062	0	0	29345758	0	0	1188019	135.148.195.7
5	1	0	0	0	29317864	0	0	29317864	0	0	1164432	154.205.247.42
5	3	2	0	0	29378161	0	0	29342386	0	0	1217506	135.148.195.6
5	2	0	0	0	29346904	0	0	29342387	0	0	2328864	135.148.195.4
5	2	0	0	0	29399192	0	0	29345758	0	0	2328864	135.148.195.2
5	1	1	0	0	29378340	0	0	29378340	0	0	29487	112.4.101.41
5	1	1	0	0	29318237	0	0	29318237	0	0	16669	167.114.3.106
5	2	1	0	0	29378161	0	0	29358383	0	0	1193919	135.148.195.1
5	2	1	0	0	29391749	0	0	29391749	0	0	1193919	64.23.142.149
5	2	2	0	32	29333458	0	29333458	29320018	0	29320018	39204	128.90.128.13
5	1	0	0	0	29359892	0	0	29359892	0	0	1164432	91.196.152.79
5	0	0	0	62	0	0	29425708	0	0	29425708	0	68.218.18.4
5	1	1	0	0	29317851	0	0	29317851	0	0	16669	54.165.25.253
5	1	1	0	1	29408370	0	29408370	29408370	0	29408370	29487	103.133.214.127
5	1	1	0	0	29358073	0	0	29358073	0	0	29487	112.4.101.28
5	5	5	0	0	29389890	0	0	29342777	0	0	141535	117.33.163.216
5	1	1	0	0	29412021	0	0	29412021	0	0	29487	98.92.208.169
5	0	0	1	0	0	29448294	0	0	29448294	0	0	91.196.152.54
5	1	1	0	0	29339678	0	0	29339678	0	0	23587	34.140.92.201
5	3	2	1	0	29364147	29364147	0	29317418	29364147	0	46826	62.141.44.236
5	1	1	0	0	29449778	0	0	29449778	0	0	32783	180.153.236.163
5	3	3	0	17	29423927	0	29423927	29423927	0	29423927	88461	34.121.116.174
5	1	1	0	0	29422898	0	0	29422898	0	0	29487	180.153.236.159
5	11	11	2	11	29425643	29435674	29425643	29319002	29431390	29319002	288010	184.154.76.44
5	2	2	0	315	29422254	0	29422254	29422254	0	29421947	1624	20.27.222.185
5	1	0	0	0	29419981	0	0	29419981	0	0	1164432	91.196.152.41
5	3	3	0	18	29349576	0	29349576	29349576	0	29349576	70761	93.118.41.103
5	2	2	0	368	29418856	0	29418887	29418856	0	29418855	1624	4.189.112.227
5	1	1	0	0	29444347	0	0	29444347	0	0	29487	43.157.147.3
5	2	2	0	0	29327393	0	0	29327393	0	0	37298	199.168.150.73
5	0	0	115	0	0	29446952	0	0	29446951	0	0	65.52.164.54
5	2	2	0	28	29425682	0	29425682	29425682	0	29425682	58974	194.180.49.172
5	0	0	132	0	0	29449657	0	0	29449110	0	0	68.218.100.201
5	2	2	0	18	29419755	0	29419755	29419754	0	29419754	58974	194.180.49.170
5	2	2	0	0	29350558	0	0	29350363	0	0	47174	175.44.42.100
5	1	1	2	0	29356688	29439765	0	29356688	29439227	0	29487	170.106.82.209
5	2	2	1	0	29416989	29432621	0	29401585	29432621	0	58974	157.173.122.176
5	1	1	0	0	29439418	0	0	29439418	0	0	29487	180.153.236.138
5	1	1	0	0	29397318	0	0	29397318	0	0	29487	43.153.12.58
5	2	2	0	0	29408314	0	0	29408004	0	0	58974	43.131.23.154
5	0	0	1	0	0	29433289	0	0	29433289	0	0	40.77.167.1
5	9	9	1	9	29424162	29444301	29424162	29321882	29444301	29321882	254545	184.154.76.13
5	1	0	0	0	29403924	0	0	29403924	0	0	87	54.200.121.115
5	5	5	21	68	29433869	29433869	29433869	29376401	29433869	29376401	147435	78.153.140.222
5	1	1	0	0	29357944	0	0	29357944	0	0	29487	43.167.157.80
5	0	0	115	0	0	29446289	0	0	29446288	0	0	52.175.53.247
5	3	3	22	36	29418076	29445837	29418076	29386409	29445837	29386409	88461	78.153.140.218
5	1	1	0	0	29331946	0	0	29331946	0	0	18810	149.88.98.69
5	0	0	0	1	0	0	29345853	0	0	29345853	0	185.12.250.58
5	3	3	0	18	29322524	0	29322524	29322524	0	29322524	55947	35.224.226.46
5	1	1	0	0	29405403	0	0	29405403	0	0	29487	54.144.111.123
5	1	1	0	0	29327704	0	0	29327704	0	0	18649	43.131.36.84
5	4	4	0	0	29411887	0	0	29335579	0	0	110996	182.44.67.97
5	1	1	0	0	29320324	0	0	29320324	0	0	18649	49.51.47.100
5	1	1	0	0	29445175	0	0	29445175	0	0	29487	180.153.236.108
5	2	1	0	2	29326667	0	29326667	29326667	0	29326667	1183081	118.194.250.232
5	1	1	0	0	29394149	0	0	29394149	0	0	29487	49.51.36.179
5	1	1	0	16	29395225	0	29425855	29395225	0	29395225	29487	78.153.140.195
5	0	0	0	1	0	0	29317153	0	0	29317153	0	44.223.74.63
5	2	2	0	0	29421139	0	0	29334243	0	0	52022	183.207.45.112
5	2	1	0	0	29350563	0	0	29350563	0	0	1188019	217.235.135.126
5	1	1	0	0	29331723	0	0	29331723	0	0	18810	45.250.25.182
5	22	22	0	0	29359496	0	0	29359495	0	0	648714	23.236.152.37
5	0	0	1	0	0	29428922	0	0	29428922	0	0	185.201.188.58
5	1	1	0	0	29328156	0	0	29328156	0	0	18649	132.232.203.74
5	1	1	0	0	29419273	0	0	29419273	0	0	29487	170.106.179.68
5	5	5	27	93	29432920	29432920	29432920	29372967	29432920	29372967	147435	78.153.140.171
5	0	0	0	1	0	0	29320778	0	0	29320778	0	3.253.33.201
5	10	10	1	10	29405442	29434247	29405442	29335058	29434247	29335058	270218	184.154.139.45
5	2	2	0	0	29320870	0	0	29320870	0	0	37298	35.90.203.43
5	3	3	2	3	29365250	29440001	29365250	29329082	29438562	29329082	71723	184.154.139.44
5	1	1	0	0	29324585	0	0	29324585	0	0	18649	3.87.111.159
5	2	2	0	0	29416320	0	0	29330584	0	0	48297	43.166.237.57
5	12	12	3	12	29415822	29447193	29415822	29323322	29428476	29323322	306554	184.154.139.43
5	5	5	1	0	29383688	29435101	0	29342825	29435101	0	141535	43.166.253.94
5	11	11	5	11	29416993	29441482	29416993	29327642	29427097	29327642	306567	184.154.139.42
5	0	0	72	0	0	29439861	0	0	29439860	0	0	135.235.163.228
5	0	0	1	0	0	29449677	0	0	29449677	0	0	43.157.170.13
5	1	1	0	0	29406736	0	0	29406736	0	0	29487	43.135.140.225
5	1	1	0	0	29346847	0	0	29346847	0	0	23587	3.93.5.187
5	2	2	0	1	29316943	0	29316943	29316943	0	29316943	0	34.217.12.0
5	2	2	0	1	29324896	0	29324896	29324896	0	29324896	37298	8.36.86.50
5	0	0	0	1	0	0	29414724	0	0	29414724	0	159.89.109.255
5	3	3	0	18	29343610	0	29343610	29343610	0	29343610	70761	146.70.194.238
5	0	0	156	0	0	29445332	0	0	29444081	0	0	4.217.236.28
5	1	1	0	0	29337820	0	0	29337820	0	0	22535	54.174.189.217
5	1	1	0	0	29366609	0	0	29366609	0	0	29487	149.56.150.208
5	0	0	0	1	0	0	29434697	0	0	29434697	0	52.167.144.233
5	0	0	1	0	0	29438705	0	0	29438705	0	0	66.132.153.126
5	3	3	0	18	29370229	0	29370229	29370229	0	29370229	88461	143.198.108.126
5	0	0	0	1	0	0	29435162	0	0	29435162	0	157.55.39.8
5	1	1	0	0	29365100	0	0	29365100	0	0	29487	82.23.125.93
5	0	0	1	1	0	29433306	29433530	0	29433306	29433530	0	52.167.144.225
5	2	2	0	0	29396701	0	0	29339923	0	0	53074	43.130.67.6
5	1	1	0	0	29318052	0	0	29318052	0	0	16669	35.85.155.230
5	1	1	1	0	29445308	29435198	0	29445308	29435198	0	29487	106.54.62.156
5	1	1	0	0	29426689	0	0	29426689	0	0	29487	54.224.130.6
5	2	1	0	2	29321803	0	29321803	29321802	0	29321803	1183081	101.36.106.89
5	3	3	0	0	29392374	0	0	29351496	0	0	82561	43.165.190.5
5	2	0	2	0	29364186	29364186	0	29364186	29364186	0	15244	66.132.153.114
5	2	2	0	6	29422939	0	29422939	29422939	0	29386138	58974	78.153.140.128
5	1	1	0	0	29409729	0	0	29409729	0	0	29487	149.56.150.178
5	3	3	0	0	29378229	0	0	29318304	0	0	75643	43.130.9.111
5	1	1	0	0	29390458	0	0	29390458	0	0	29487	43.135.142.7
5	1	1	0	0	29395643	0	0	29395643	0	0	29487	64.227.167.65
5	2	2	0	0	29428425	0	0	29348581	0	0	53074	43.153.104.196
5	0	0	1	0	0	29435161	0	0	29435161	0	0	52.167.144.212
5	0	0	1	0	0	29449787	0	0	29449787	0	0	144.172.106.247
5	0	0	24	0	0	29444902	0	0	29426768	0	0	194.32.229.33
5	0	0	0	2	0	0	29434885	0	0	29433708	0	52.167.144.195
5	1	0	1	0	29409268	29409268	0	29409268	29409268	0	0	65.108.235.95
5	2	2	0	0	29387493	0	0	29319690	0	0	46156	49.51.178.45
5	0	0	0	1	0	0	29365100	0	0	29365100	0	151.240.180.68
5	1	1	0	0	29421623	0	0	29421623	0	0	29487	101.33.66.34
5	1	1	0	0	29419821	0	0	29419821	0	0	29487	34.235.158.102
5	2	2	0	0	29440380	0	0	29409974	0	0	58974	43.135.139.165
5	2	2	0	0	29365060	0	0	29365057	0	0	58974	167.94.138.189
5	0	0	1	0	0	29434852	0	0	29434852	0	0	149.22.91.91
5	0	0	1	0	0	29434433	0	0	29434433	0	0	52.167.144.187
5	2	2	0	30	29340426	0	29340426	29339190	0	29339190	46122	128.199.205.16
5	1	1	0	0	29448671	0	0	29448671	0	0	32783	43.130.74.193
5	1	1	0	0	29373809	0	0	29373809	0	0	29487	18.232.159.228
5	2	2	0	0	29435864	0	0	29363013	0	0	58974	43.135.145.117
5	0	0	0	1	0	0	29434457	0	0	29434457	0	52.167.144.183
5	2	2	0	1	29350622	0	29350622	29350622	0	29350622	47174	69.160.160.50
5	2	2	0	17	29417090	0	29417090	29417090	0	29417090	58974	129.153.203.128
5	1	1	1	0	29337964	29440676	0	29337964	29440676	0	22535	43.130.91.95
5	2	2	0	0	29406292	0	0	29366586	0	0	58974	43.153.74.75
5	1	1	0	0	29358321	0	0	29358321	0	0	29487	52.167.144.169
5	1	1	0	0	29392058	0	0	29392058	0	0	29487	52.167.144.168
5	1	1	0	0	29419687	0	0	29419687	0	0	0	52.167.144.166
5	3	3	0	0	29436878	0	0	29398391	0	0	88461	43.153.122.30
5	0	0	1	0	0	29449075	0	0	29449075	0	0	43.153.58.28
5	1	0	0	0	29317529	0	0	29317529	0	0	1164432	50.19.129.227
5	0	0	0	1	0	0	29317126	0	0	29317126	0	176.53.222.188
5	0	0	2	0	0	29433715	0	0	29433521	0	0	52.167.144.158
5	0	0	3	0	0	29443964	0	0	29429325	0	0	121.127.34.151
5	1	1	0	0	29386057	0	0	29386057	0	0	29487	108.167.151.95
5	1	1	0	0	29333475	0	0	29333475	0	0	22535	52.90.232.85
5	4	4	2	0	29404208	29433013	0	29325614	29430774	0	101210	182.42.104.32
5	0	0	0	2	0	0	29334811	0	0	29334811	0	136.113.43.50
5	1	1	0	0	29326345	0	0	29326345	0	0	18649	54.162.38.40
5	1	1	0	0	29316625	0	0	29316625	0	0	0	34.135.57.120
5	0	0	0	1	0	0	29420734	0	0	29420734	0	46.101.122.220
5	0	0	1	0	0	29446313	0	0	29446313	0	0	93.158.70.111
5	0	0	0	2	0	0	29388092	0	0	29388092	0	158.179.178.164
5	3	3	0	18	29335043	0	29335043	29335043	0	29335043	67605	159.89.148.49
5	1	1	0	0	29401089	0	0	29401089	0	0	29487	43.153.7.191
5	1	1	0	0	29339922	0	0	29339922	0	0	23587	170.106.161.78
5	2	2	0	7	29409729	0	29409729	29409729	0	29409729	58974	149.56.150.113
5	1	1	0	0	29323875	0	0	29323875	0	0	18649	43.157.149.188
5	1	1	0	0	29374481	0	0	29374481	0	0	29487	43.159.140.236
5	2	0	5	2	29414139	29447030	29414139	29414139	29444628	29414139	2096793	87.157.88.166
5	1	1	0	0	29370577	0	0	29370577	0	0	29487	3.19.188.169
5	1	1	0	15	29384530	0	29384530	29384530	0	29384530	29487	156.146.35.176
5	3	3	0	17	29367435	0	29367435	29367435	0	29367435	88461	149.102.234.145
5	0	0	1	0	0	29436088	0	0	29436088	0	0	161.115.234.189
5	0	0	1	0	0	29427760	0	0	29427760	0	0	145.239.93.122
5	1	1	0	0	29318663	0	0	29318663	0	0	16669	176.53.216.188
5	3	3	0	17	29371248	0	29371248	29371248	0	29371248	88461	149.102.234.139
5	6	6	0	0	29415698	0	0	29351770	0	0	159222	84.246.85.11
5	7	7	0	0	29422288	0	0	29322856	0	0	173094	223.244.35.77
5	1	1	0	0	29326035	0	0	29326035	0	0	18649	142.44.225.194
5	2	2	0	0	29421917	0	0	29420545	0	0	58974	121.127.34.106
5	1	1	0	0	29417141	0	0	29417141	0	0	29487	43.135.134.127
5	3	3	0	17	29373813	0	29373813	29373813	0	29373813	88461	149.102.234.134
5	3	3	0	0	29432151	0	0	29327523	0	0	71723	170.106.11.6
5	3	3	0	18	29346038	0	29346038	29346038	0	29346038	70761	178.128.61.208
5	0	0	1	0	0	29440745	0	0	29440745	0	0	142.248.80.123
5	0	0	0	2	0	0	29350214	0	0	29350214	0	34.85.241.79
5	2	2	0	0	29339595	0	0	29335348	0	0	45070	139.155.139.22
5	3	3	0	17	29360935	0	29360935	29360935	0	29360935	88461	165.22.99.133
5	1	1	1	0	29401573	29428719	0	29401573	29428719	0	29487	43.159.145.153
5	1	1	0	0	29358126	0	0	29358126	0	0	29487	49.51.203.164
5	1	1	0	0	29367321	0	0	29367321	0	0	29487	43.153.35.128
5	0	0	2	0	0	29440236	0	0	29440236	0	0	103.77.106.81
5	2	2	0	250	29418696	0	29418696	29418696	0	29418693	1624	135.235.173.66
5	1	1	0	0	29317153	0	0	29317153	0	0	0	52.90.194.253
5	0	0	2	0	0	29449854	0	0	29447166	0	0	52.18.177.61
5	3	3	0	18	29376343	0	29376343	29376343	0	29376343	88461	144.126.221.223
5	2	1	0	0	29328645	0	0	29328645	0	0	1183081	176.53.216.158
5	2	2	0	0	29395850	0	0	29318883	0	0	46156	43.166.132.142
5	8	3	2	0	29448658	29364186	0	29364186	29364186	0	3600297	40.88.21.235
5	0	0	0	68	0	0	29426318	0	0	29426318	0	4.241.233.183
5	1	0	0	0	29319988	0	0	29319988	0	0	1164432	176.53.222.109
5	11	9	0	0	29321259	0	0	29318379	0	0	2488785	183.134.59.134
5	1	1	0	17	29326128	0	29326128	29326128	0	29326128	18649	34.67.237.82
5	3	3	0	0	29429826	0	0	29355244	0	0	88461	124.156.157.91
5	1	1	0	0	29368912	0	0	29368912	0	0	29487	44.220.167.157
5	1	1	0	0	29351243	0	0	29351243	0	0	23587	54.175.73.7
5	19	14	0	0	29338506	0	0	29324094	0	0	6091662	183.134.59.131
5	1	1	0	1	29366399	0	29366399	29366399	0	29366399	29487	34.86.177.154
5	2	2	0	0	29414168	0	0	29398208	0	0	58974	43.159.139.164
5	0	0	0	8	0	0	29408645	0	0	29407050	0	159.65.191.0
5	4	3	0	0	29333900	0	0	29317531	0	0	1220305	34.72.176.129
5	3	3	1	0	29387846	29446774	0	29350285	29446774	0	82561	217.160.202.182
5	2	2	1	0	29449331	29446057	0	29401260	29446057	0	62270	43.166.251.233
5	2	2	0	0	29353627	0	0	29333464	0	0	46122	150.109.46.88
5	2	2	0	0	29409504	0	0	29347866	0	0	53074	43.133.139.6
5	1	1	0	0	29393905	0	0	29393905	0	0	29487	54.242.188.157
5	3	3	0	17	29341416	0	29341416	29341416	0	29341416	70761	54.238.15.146
5	1	1	0	0	29342222	0	0	29342222	0	0	23587	13.221.157.144
5	1	1	0	0	29371597	0	0	29371597	0	0	29487	43.159.128.237
5	0	0	1	0	0	29439589	0	0	29439589	0	0	91.231.89.127
5	1	1	0	0	29337498	0	0	29337498	0	0	22535	45.41.204.130
5	18	0	0	0	29403918	0	0	29316061	0	0	1152	74.112.76.31
5	1	1	0	0	29360843	0	0	29360843	0	0	29487	91.231.89.123
5	0	0	0	1	0	0	29402951	0	0	29402951	0	216.26.239.26
5	1	1	0	0	29409896	0	0	29409896	0	0	29487	91.231.89.122
5	0	0	9	0	0	29438116	0	0	29438116	0	0	194.233.93.209
5	1	1	0	0	29413846	0	0	29413846	0	0	29487	91.231.89.121
5	1	1	0	0	29340163	0	0	29340163	0	0	23587	91.231.89.120
5	0	0	0	2	0	0	29331286	0	0	29331286	0	35.231.240.79
5	2	2	0	6	29405640	0	29405640	29405640	0	29405640	29487	91.227.68.18
5	3	3	0	0	29337002	0	0	29321478	0	0	59833	114.117.233.112
5	0	0	1	0	0	29447235	0	0	29447235	0	0	34.34.231.3
5	0	0	1	0	0	29445804	0	0	29445804	0	0	34.85.206.82
5	0	0	1	0	0	29448287	0	0	29448287	0	0	91.231.89.103
5	1	1	0	0	29334929	0	0	29334929	0	0	22535	34.72.110.21
5	2	1	0	0	29334067	0	0	29334067	0	0	1186967	161.35.150.249
5	0	0	0	1	0	0	29402951	0	0	29402951	0	104.207.33.107
5	3	3	0	0	29413811	0	0	29360774	0	0	88461	91.231.89.101
5	1	0	0	0	29370645	0	0	29370645	0	0	1164432	34.239.251.24
5	4	4	0	618	29423386	0	29423386	29422604	0	29420170	3248	4.189.120.86
5	0	0	1	0	0	29433627	0	0	29433627	0	0	40.77.167.158
5	2	1	0	0	29340296	0	0	29340296	0	0	1188019	161.35.161.149
5	0	0	0	1	0	0	29402951	0	0	29402951	0	104.207.32.10
5	1	1	0	0	29412681	0	0	29412681	0	0	29487	136.112.202.179
5	0	0	1	0	0	29434557	0	0	29434557	0	0	40.77.167.154
5	1	1	0	0	29330587	0	0	29330587	0	0	18810	3.138.185.30
5	1	0	0	0	29316061	0	0	29316061	0	0	87	3.22.171.56
5	0	0	0	2	0	0	29361664	0	0	29361664	0	34.10.51.94
5	1	1	0	0	29330259	0	0	29330259	0	0	18810	45.90.61.161
5	0	0	2	0	0	29447048	0	0	29445122	0	0	43.130.72.40
5	1	1	0	1	29326184	0	29326184	29326184	0	29326184	18649	35.213.221.40
5	1	1	0	15	29364126	0	29364126	29364126	0	29364126	29487	152.42.211.30
5	1	1	0	0	29419732	0	0	29419732	0	0	29487	43.131.243.61
5	3	3	0	18	29319039	0	29319039	29319039	0	29319039	50007	188.166.221.8
5	1	1	0	1	29416339	0	29416339	29416339	0	29416339	29487	93.123.109.58
5	1	1	0	0	29370127	0	0	29370127	0	0	29487	49.51.52.250
5	0	0	0	1	0	0	29433387	0	0	29433387	0	40.77.167.132
5	4	4	0	0	29435327	0	0	29333648	0	0	110996	49.51.141.76
5	1	1	0	0	29402582	0	0	29402582	0	0	29487	52.207.227.169
5	1	1	0	0	29362174	0	0	29362174	0	0	29487	35.94.21.88
5	0	0	1	0	0	29430806	0	0	29430806	0	0	93.158.91.254
5	1	1	0	0	29340845	0	0	29340845	0	0	23587	49.51.252.146
5	2	1	0	0	29382912	0	0	29382912	0	0	1193919	143.110.233.49
5	3	3	0	0	29392993	0	0	29360150	0	0	88461	43.153.86.78
5	1	1	0	0	29317769	0	0	29317769	0	0	16669	35.198.194.211
5	1	1	0	0	29379002	0	0	29379002	0	0	29487	93.158.91.251
5	0	0	1	0	0	29430806	0	0	29430806	0	0	93.158.91.249
5	0	0	72	0	0	29430539	0	0	29430538	0	0	4.230.0.145
5	1	1	0	0	29316076	0	0	29316076	0	0	800	88.99.26.177
5	4	4	0	0	29401634	0	0	29346427	0	0	112048	43.166.240.231
5	1	1	1	0	29449760	29435964	0	29449760	29435964	0	32783	49.235.136.28
5	1	1	0	0	29327870	0	0	29327870	0	0	18649	46.250.172.35
5	0	0	0	1	0	0	29392058	0	0	29392058	0	157.55.39.223
5	0	0	0	1	0	0	29350622	0	0	29350622	0	40.77.167.108
5	7	7	2	0	29406906	29448673	0	29329080	29430044	0	176819	36.41.75.167
5	1	1	0	0	29319057	0	0	29319057	0	0	16669	107.22.59.25
5	3	2	0	0	29402534	0	0	29402534	0	0	1223406	206.168.34.210
5	1	1	0	1	29384326	0	29384326	29384326	0	29384326	29487	91.92.241.199
5	1	1	0	0	29321131	0	0	29321131	0	0	18649	170.106.107.87
5	3	2	0	0	29413104	0	0	29413104	0	0	1223406	206.168.34.205
5	2	1	0	2	29319169	0	29319170	29319169	0	29319170	1181101	106.75.65.232
5	11	11	2	0	29423698	29447911	0	29324223	29437467	0	286265	49.7.227.204
5	0	0	0	1	0	0	29434877	0	0	29434877	0	157.55.39.197
5	0	0	2	0	0	29429097	0	0	29429097	0	0	167.71.182.182
5	0	0	1	0	0	29439568	0	0	29439568	0	0	34.182.23.103
5	1	1	0	0	29392650	0	0	29392650	0	0	29487	43.153.71.12
5	0	0	1	0	0	29435209	0	0	29435209	0	0	157.55.39.194
5	6	6	0	34	29317396	0	29317396	29317389	0	29317389	100014	128.199.100.208
5	0	0	1	0	0	29435157	0	0	29435157	0	0	157.55.39.203
5	1	1	0	0	29341085	0	0	29341085	0	0	23587	147.185.132.240
5	0	0	1	0	0	29443874	0	0	29443874	0	0	192.36.173.21
5	2	1	0	0	29380942	0	0	29380942	0	0	1193919	45.55.160.18
5	1	1	0	0	29405243	0	0	29405243	0	0	29487	34.26.219.161
5	1	1	0	0	29422720	0	0	29422720	0	0	29487	35.173.220.172
5	2	2	0	250	29424995	0	29424995	29424995	0	29424994	1624	4.197.60.90
5	6	6	0	0	29326046	0	0	29316772	0	0	55947	59.14.17.48
5	1	1	0	1	29315965	0	29315965	29315965	0	29315965	623	61.8.131.17
5	1	1	0	0	29390972	0	0	29390972	0	0	29487	43.130.106.18
5	1	1	0	15	29327560	0	29327560	29327560	0	29327560	18649	65.111.14.240
5	0	0	0	3	0	0	29354237	0	0	29343495	0	66.249.69.6
5	2	2	0	2	29344688	0	29355131	29344687	0	29345124	47174	66.249.69.5
5	3	2	0	1	29344688	0	29333656	29333656	0	29333656	1210554	66.249.69.4
5	1	0	0	0	29389098	0	0	29389098	0	0	1164432	15.204.194.30
5	1	1	0	0	29376535	0	0	29376535	0	0	29487	54.152.21.97
5	1	1	0	0	29401746	0	0	29401746	0	0	29487	43.166.245.120
5	1	1	0	1	29412172	0	29412172	29412172	0	29412172	29487	109.248.55.61
5	1	1	0	0	29320691	0	0	29320691	0	0	18649	170.106.37.134
5	0	0	0	249	0	0	29426516	0	0	29424670	0	4.189.122.191
5	1	1	0	0	29368004	0	0	29368004	0	0	29487	3.81.134.198
5	0	0	255	2	0	29446484	29446483	0	29445491	29445491	0	4.241.216.133
5	0	0	257	0	0	29443650	0	0	29437680	0	0	68.218.109.167
5	0	0	0	1	0	0	29368914	0	0	29368914	0	164.92.121.148
5	1	1	0	0	29334906	0	0	29334906	0	0	22535	150.109.119.38
5	1	1	0	0	29326961	0	0	29326961	0	0	18649	43.166.239.145
5	0	0	0	3	0	0	29381423	0	0	29381423	0	69.62.84.44
5	1	1	0	15	29405610	0	29405610	29405610	0	29405610	29487	38.46.223.156
5	1	1	0	0	29405023	0	0	29405023	0	0	29487	18.222.252.142
5	1	1	0	0	29361090	0	0	29361090	0	0	29487	34.42.88.126
5	1	1	0	0	29347873	0	0	29347873	0	0	23587	98.81.246.94
5	2	1	0	0	29411723	0	0	29411723	0	0	1193919	46.101.101.45
5	0	0	2	0	0	29448068	0	0	29447166	0	0	52.16.33.189
5	2	1	0	0	29324308	0	0	29324308	0	0	1183081	176.53.216.77
5	3	3	0	0	29441725	0	0	29339226	0	0	75609	101.32.49.171
5	0	0	1	0	0	29428575	0	0	29428575	0	0	206.168.34.122
5	0	0	2	1	0	29448418	29433387	0	29433288	29433387	0	52.167.144.66
5	1	1	0	0	29320015	0	0	29320015	0	0	16669	106.219.165.182
5	0	0	1	0	0	29447770	0	0	29447770	0	0	186.115.189.18
5	2	2	0	0	29326666	0	0	29321234	0	0	37298	118.193.57.185
5	0	0	0	1	0	0	29371121	0	0	29371121	0	74.7.230.37
5	1	1	0	0	29317034	0	0	29317034	0	0	0	54.234.24.224
5	0	0	0	1	0	0	29394722	0	0	29394722	0	178.128.208.83
5	0	0	0	1	0	0	29434760	0	0	29434760	0	40.77.167.77
5	2	2	0	0	29370578	0	0	29370577	0	0	29487	107.178.194.141
5	2	2	0	0	29370578	0	0	29370577	0	0	29487	107.178.194.140
5	5	5	1	0	29412680	29431502	0	29336524	29431502	0	134583	43.130.228.73
5	3	3	0	18	29412375	0	29412375	29412375	0	29412375	88461	35.232.156.49
5	0	0	1	0	0	29439558	0	0	29439558	0	0	91.196.152.229
5	0	0	0	1	0	0	29419687	0	0	29419687	0	52.167.144.54
5	1	1	0	0	29321910	0	0	29321910	0	0	18649	106.14.15.229
5	2	2	0	0	29390538	0	0	29390538	0	0	58974	49.13.6.79
5	1	1	0	0	29360667	0	0	29360667	0	0	29487	89.22.101.69
5	1	1	0	0	29403692	0	0	29403692	0	0	29487	175.44.42.30
5	0	0	2	0	0	29434979	0	0	29434973	0	0	40.77.167.67
5	4	4	0	0	29446753	0	0	29317443	0	0	92312	170.106.193.108
5	1	1	0	0	29333557	0	0	29333557	0	0	22535	111.7.100.27
5	1	1	0	0	29369441	0	0	29369441	0	0	29487	108.165.182.156
5	3	3	0	0	29357426	0	0	29333557	0	0	81509	111.7.100.26
5	1	0	0	0	29413854	0	0	29413854	0	0	1164432	91.196.152.224
5	1	1	0	0	29381128	0	0	29381128	0	0	29487	111.7.100.23
5	0	0	0	1	0	0	29387880	0	0	29387880	0	74.7.230.18
5	0	0	0	2	0	0	29326904	0	0	29326904	0	34.123.105.84
5	1	1	0	0	29380342	0	0	29380342	0	0	29487	111.7.100.22
5	3	3	0	0	29381128	0	0	29326916	0	0	77623	111.7.100.21
5	2	1	0	0	29325366	0	0	29325366	0	0	1183081	137.184.81.139
5	1	1	0	0	29355861	0	0	29355861	0	0	29487	103.75.187.239
5	1	1	0	0	29326916	0	0	29326916	0	0	18649	111.7.100.20
5	1	1	0	0	29350623	0	0	29350623	0	0	23587	40.77.167.57
5	0	0	0	1	0	0	29434445	0	0	29434445	0	40.77.167.56
5	1	1	0	1	29316757	0	29316757	29316757	0	29316757	0	137.184.81.136
5	0	0	1	0	0	29438071	0	0	29438071	0	0	74.7.230.12
5	1	1	0	0	29389139	0	0	29389139	0	0	29487	175.44.42.16
5	0	0	246	0	0	29436576	0	0	29429169	0	0	20.196.91.230
5	1	0	0	0	29330259	0	0	29330259	0	0	1164432	89.104.111.52
5	3	3	0	18	29338652	0	29338652	29338652	0	29338652	67605	164.92.94.143
5	0	0	1	0	0	29446144	0	0	29446144	0	0	68.183.181.15
5	0	0	1	0	0	29447000	0	0	29447000	0	0	95.173.221.20
5	0	0	0	1	0	0	29433394	0	0	29433394	0	40.77.167.43
5	2	2	0	7	29366609	0	29366609	29366609	0	29366609	58974	149.56.160.202
5	0	0	0	1	0	0	29434561	0	0	29434561	0	52.167.144.23
5	2	1	0	0	29359930	0	0	29359930	0	0	1193919	159.203.117.77
5	1	1	0	0	29395605	0	0	29395605	0	0	29487	147.185.132.118
5	0	0	0	1	0	0	29389020	0	0	29389020	0	147.185.132.114
5	2	2	0	0	29334503	0	0	29334503	0	0	45070	35.205.159.124
5	1	1	0	0	29349354	0	0	29349354	0	0	23587	52.86.53.105
5	1	0	1	0	29364418	29364418	0	29364418	29364418	0	7622	20.101.152.211
5	0	0	0	1	0	0	29433719	0	0	29433719	0	40.77.167.26
5	2	2	0	0	29387110	0	0	29347133	0	0	53074	170.106.187.106
5	1	1	0	0	29329765	0	0	29329765	0	0	18810	122.51.104.231
5	1	1	0	1	29421597	0	29359746	29421597	0	29359746	29487	93.158.91.34
5	0	0	1	0	0	29449435	0	0	29449435	0	0	119.249.100.6
5	0	0	1	0	0	29435063	0	0	29435063	0	0	40.77.167.18
5	0	0	1	0	0	29433303	0	0	29433303	0	0	40.77.167.17
5	0	0	2	0	0	29443466	0	0	29443466	0	0	143.110.224.166
5	1	1	0	1	29336288	0	29336288	29336288	0	29336288	22535	66.249.77.41
5	1	1	0	1	29336288	0	29333397	29336288	0	29333397	22535	66.249.77.40
5	2	1	0	1	29336288	0	29354976	29336288	0	29354976	1186967	66.249.77.39
5	0	0	0	2	0	0	29354239	0	0	29345149	0	66.249.77.38
5	1	0	0	0	29405586	0	0	29405586	0	0	1164432	91.196.152.162
5	1	1	0	0	29406535	0	0	29406535	0	0	29487	34.76.134.123
5	0	0	2	0	0	29445151	0	0	29437308	0	0	141.98.11.171
5	1	1	0	0	29411259	0	0	29411259	0	0	29487	43.153.67.21
5	1	0	0	0	29359870	0	0	29359870	0	0	1164432	91.196.152.157
5	2	1	1	0	29408801	29408801	0	29368208	29408801	0	37109	43.130.34.74
5	11	11	1	0	29448284	29436697	0	29325840	29436697	0	310915	110.166.71.39
5	2	2	0	7	29319278	0	29319278	29319278	0	29319278	33338	149.56.160.155
5	0	0	0	4	0	0	29414136	0	0	29412871	0	142.93.64.13
5	0	0	0	1	0	0	29381321	0	0	29381321	0	17.246.15.86
5	4	3	2	0	29443791	29433738	0	29364479	29364479	0	96083	223.15.245.170
5	1	0	0	0	29419988	0	0	29419988	0	0	1164432	91.196.152.148
5	1	1	0	0	29345167	0	0	29345167	0	0	23587	43.157.52.37
5	1	0	0	0	29388621	0	0	29388621	0	0	1164432	91.196.152.146
5	1	1	0	0	29359328	0	0	29359328	0	0	29487	54.198.3.204
5	1	1	0	15	29321356	0	29321356	29321356	0	29321356	18649	209.38.19.62
5	0	0	1	0	0	29442664	0	0	29442664	0	0	34.72.17.7
5	1	1	0	0	29403850	0	0	29403850	0	0	29487	54.218.231.212
5	2	2	0	0	29394600	0	0	29346606	0	0	53074	43.153.119.119
5	4	4	0	104	29376641	0	29376642	29343527	0	29343527	106148	204.76.203.31
5	5	5	0	0	29399756	0	0	29343547	0	0	141535	43.166.136.24
5	7	7	2	0	29418036	29447196	0	29319639	29438956	0	168939	106.227.49.113
5	5	5	0	0	29408046	0	0	29327694	0	0	136597	124.226.222.66
5	1	1	0	0	29326822	0	0	29326822	0	0	18649	221.232.249.221
5	0	0	1	0	0	29446313	0	0	29446313	0	0	146.247.229.2
5	0	0	1	0	0	29448919	0	0	29448919	0	0	192.71.142.146
5	3	2	0	0	29350792	0	0	29350791	0	0	1211606	199.45.155.82
5	1	1	0	0	29351320	0	0	29351320	0	0	23587	35.86.115.62
5	0	0	0	1	0	0	29413408	0	0	29413408	0	138.68.159.28
5	1	1	0	1	29316900	0	29316900	29316900	0	29316900	0	34.143.180.206
5	1	1	0	0	29388700	0	0	29388700	0	0	29487	43.130.78.203
5	1	1	0	0	29423189	0	0	29423189	0	0	29487	45.153.34.212
5	0	0	2	0	0	29434910	0	0	29434910	0	0	139.59.144.45
5	6	6	0	0	29426244	0	0	29317348	0	0	164104	106.119.167.146
5	0	0	0	1	0	0	29396302	0	0	29396302	0	209.38.211.90
5	2	2	0	0	29399649	0	0	29379668	0	0	58974	101.32.208.70
5	2	2	0	0	29361589	0	0	29338471	0	0	52022	43.135.133.241
5	3	3	0	0	29419841	0	0	29334398	0	0	81509	180.102.134.69
5	1	1	0	0	29319871	0	0	29319871	0	0	16669	8.129.70.53
5	2	1	0	2	29325937	0	29325937	29325937	0	29325937	1183081	128.1.44.38
5	1	1	0	0	29363266	0	0	29363266	0	0	29487	35.233.95.0
5	0	0	115	0	0	29431798	0	0	29431797	0	0	52.147.67.155
5	1	1	0	0	29317623	0	0	29317623	0	0	16669	170.106.165.186
5	3	3	1	0	29443060	29427008	0	29424447	29427008	0	88461	49.234.192.248
5	5	5	0	0	29383049	0	0	29383049	0	0	147435	38.240.225.49
5	0	0	1	0	0	29439432	0	0	29439432	0	0	85.208.22.182
5	2	2	0	0	29425705	0	0	29422951	0	0	58974	43.159.149.216
5	1	1	0	0	29380266	0	0	29380266	0	0	29487	43.135.144.126
5	0	0	0	1	0	0	29395192	0	0	29395192	0	192.36.109.127
5	0	0	1	0	0	29433517	0	0	29433517	0	0	207.46.13.18
5	1	1	0	0	29362298	0	0	29362298	0	0	29487	54.210.60.140
5	1	1	0	0	29353951	0	0	29353951	0	0	0	91.227.68.187
5	2	2	0	0	29431213	0	0	29363708	0	0	58974	43.130.150.80
5	1	1	0	0	29338560	0	0	29338560	0	0	22535	152.32.251.219
5	0	0	0	1	0	0	29368892	0	0	29368892	0	192.36.109.117
5	2	2	0	0	29410954	0	0	29326082	0	0	48136	43.158.91.71
5	1	1	0	0	29350048	0	0	29350048	0	0	23587	43.135.133.194
5	1	1	0	0	29365100	0	0	29365100	0	0	29487	46.202.38.112
5	1	1	0	0	29417247	0	0	29417247	0	0	29487	34.255.196.80
5	2	2	0	0	29421872	0	0	29416646	0	0	58974	43.130.3.122
5	1	1	0	1	29322688	0	29322688	29322688	0	29322688	18649	34.126.166.255
5	1	1	0	0	29416977	0	0	29416977	0	0	29487	100.25.21.13
5	0	0	42	0	0	29445707	0	0	29445707	0	0	104.28.214.116
5	0	0	127	1	0	29447301	29447300	0	29447300	29447300	0	4.213.153.26
5	0	0	1	0	0	29447476	0	0	29447476	0	0	34.34.231.70
5	0	0	0	1	0	0	29395192	0	0	29395192	0	192.36.109.102
5	1	1	0	0	29381676	0	0	29381676	0	0	29487	129.226.174.80
5	3	3	0	18	29333901	0	29333901	29333901	0	29333901	67605	164.90.208.56
5	0	0	4	0	0	29446470	0	0	29443659	0	0	103.65.236.149
5	2	2	0	0	29447556	0	0	29417684	0	0	58974	1.15.52.154
5	1	1	0	0	29321755	0	0	29321755	0	0	18649	207.58.172.5
5	0	0	0	16	0	0	29443887	0	0	29321482	0	104.210.140.143
5	3	3	1	0	29439434	29442840	0	29394412	29442840	0	88461	43.166.131.228
5	0	0	0	2	0	0	29407670	0	0	29407670	0	34.86.9.213
5	0	0	0	14	0	0	29449258	0	0	29321202	0	104.210.140.142
5	0	0	0	14	0	0	29446531	0	0	29321481	0	104.210.140.141
5	2	2	0	102	29337050	0	29337050	29337049	0	29337049	45070	165.227.18.146
5	1	1	0	0	29403205	0	0	29403205	0	0	29487	121.43.150.118
5	0	0	1	0	0	29447118	0	0	29447118	0	0	34.34.231.61
5	0	0	0	10	0	0	29437235	0	0	29332960	0	104.210.140.140
5	0	0	0	9	0	0	29442550	0	0	29372405	0	104.210.140.139
5	0	0	0	14	0	0	29446606	0	0	29319098	0	104.210.140.138
5	1	1	0	0	29316928	0	0	29316928	0	0	0	116.203.211.224
5	0	0	0	14	0	0	29443970	0	0	29362121	0	104.210.140.137
5	0	0	41	0	0	29444852	0	0	29444851	0	0	20.89.218.73
5	0	0	0	9	0	0	29429210	0	0	29316250	0	104.210.140.136
5	0	0	0	20	0	0	29433315	0	0	29326930	0	104.210.140.135
5	0	0	0	19	0	0	29441298	0	0	29324465	0	104.210.140.134
5	1	1	0	0	29404483	0	0	29404483	0	0	29487	146.70.12.8
5	0	0	0	9	0	0	29434561	0	0	29318847	0	104.210.140.133
5	0	0	0	12	0	0	29433208	0	0	29323403	0	104.210.140.132
5	0	0	0	14	0	0	29445211	0	0	29316706	0	104.210.140.131
5	0	0	0	10	0	0	29438653	0	0	29316312	0	104.210.140.130
5	1	1	0	0	29319286	0	0	29319286	0	0	16669	103.119.112.42
5	0	0	0	16	0	0	29447933	0	0	29325727	0	104.210.140.129
5	0	0	0	1	0	0	29333285	0	0	29333285	0	178.16.54.100
5	5	5	0	0	29414961	0	0	29358106	0	0	147435	222.79.104.23
5	0	0	0	14	0	0	29447862	0	0	29324404	0	104.210.140.128
5	3	3	0	17	29379888	0	29379888	29379888	0	29379888	88461	13.231.112.197
5	1	1	0	0	29317457	0	0	29317457	0	0	16669	52.205.183.147
5	5	1	0	0	29318233	0	0	29318233	0	0	3509965	54.145.77.120
5	3	3	0	0	29384904	0	0	29350614	0	0	82561	44.193.254.10
5	3	3	0	17	29339480	0	29339480	29339480	0	29339480	67605	47.129.236.133
5	1	1	0	0	29334254	0	0	29334254	0	0	22535	117.132.188.206
5	0	0	102	0	0	29430102	0	0	29430101	0	0	4.189.154.166
5	1	1	0	0	29416889	0	0	29416889	0	0	29487	34.77.75.22
5	0	0	0	2	0	0	29397590	0	0	29397590	0	34.26.108.14
5	0	0	0	4	0	0	29349661	0	0	29348196	0	157.245.3.117
5	0	0	1	0	0	29447598	0	0	29447598	0	0	34.34.231.33
5	2	1	0	0	29360690	0	0	29360690	0	0	1193919	143.244.139.226
5	0	0	1	0	0	29447176	0	0	29447176	0	0	34.34.231.32
5	0	0	2	0	0	29429780	0	0	29428191	0	0	62.60.135.188
5	2	1	0	0	29400235	0	0	29400235	0	0	1193919	165.22.8.80
5	0	0	62	0	0	29426991	0	0	29426990	0	0	4.241.173.134
5	0	0	1	0	0	29435598	0	0	29435598	0	0	104.154.86.100
5	0	0	0	1	0	0	29399837	0	0	29399837	0	176.65.132.18
5	1	1	0	0	29327577	0	0	29327577	0	0	18649	44.220.166.212
5	2	1	0	4	29336560	0	29336577	29336560	0	29336555	1186967	79.217.216.128
5	2	2	0	0	29404795	0	0	29404414	0	0	58974	43.159.138.217
5	3	3	0	17	29345716	0	29345717	29345716	0	29345716	70761	185.55.240.47
5	1	1	0	0	29385329	0	0	29385329	0	0	29487	54.172.64.140
5	1	1	0	0	29348583	0	0	29348583	0	0	23587	49.51.73.183
5	4	2	0	0	29377264	0	0	29377234	0	0	2387838	198.211.106.92
5	1	1	0	0	29356509	0	0	29356509	0	0	29487	13.221.179.68
5	1	0	0	0	29318664	0	0	29318664	0	0	1164432	89.104.110.241
5	1	0	0	0	29366820	0	0	29366820	0	0	1164432	106.49.138.61
5	2	1	0	0	29350295	0	0	29350295	0	0	1188019	64.23.153.43
5	1	1	0	0	29414523	0	0	29414523	0	0	29487	43.130.100.35
5	0	0	0	2	0	0	29386919	0	0	29386919	0	103.77.106.118
5	0	0	0	118	0	0	29419573	0	0	29419572	0	20.205.13.31
5	4	2	0	3	29318376	0	29318377	29318376	0	29318377	2345533	151.115.89.232
5	1	1	0	0	29359231	0	0	29359231	0	0	29487	143.198.8.155
5	7	7	0	0	29385983	0	0	29321243	0	0	189671	117.62.235.53
5	1	1	0	0	29416912	0	0	29416912	0	0	29487	34.21.52.2
5	0	0	7	18	0	29427122	29426504	0	29426666	29426184	0	23.98.90.121
5	2	1	0	0	29330640	0	0	29330640	0	0	1183242	178.128.236.53
5	0	0	1	0	0	29444251	0	0	29444251	0	0	34.11.113.7
5	3	3	0	17	29327896	0	29327896	29327896	0	29327896	55947	193.148.16.100
5	2	2	0	0	29424368	0	0	29350924	0	0	53074	43.157.172.39
5	1	1	0	0	29393891	0	0	29393891	0	0	29487	43.154.250.181
5	0	0	0	2	0	0	29399744	0	0	29399744	0	152.42.180.191
5	0	0	1	0	0	29435235	0	0	29435235	0	0	180.153.197.113
5	0	0	0	118	0	0	29419437	0	0	29419436	0	4.217.237.240
5	0	0	0	1	0	0	29341782	0	0	29341782	0	64.23.167.118
5	0	0	1	3	0	29440442	29437821	0	29440442	29421594	0	192.144.148.122
5	2	2	0	0	29318545	0	0	29317193	0	0	33338	109.144.176.217
5	1	0	0	0	29370645	0	0	29370645	0	0	1164432	52.91.188.87
5	3	3	0	17	29412990	0	29412990	29412990	0	29412990	88461	136.112.142.136
5	3	3	0	18	29326228	0	29326228	29326228	0	29326228	55947	34.6.202.23
5	1	1	0	1	29318116	0	29318116	29318116	0	29318116	16669	198.98.58.92
5	1	0	2	0	29408943	29408943	0	29408943	29408943	0	7622	144.126.219.184
5	5	5	0	46	29387370	0	29387370	29387370	0	29387219	4218	193.143.1.119
5	0	0	1	0	0	29449764	0	0	29449764	0	0	62.109.145.22
5	0	0	1	0	0	29448428	0	0	29448428	0	0	170.64.226.79
5	0	0	1	0	0	29427272	0	0	29427272	0	0	43.157.95.239
5	1	1	0	0	29442156	0	0	29442156	0	0	29487	49.51.132.100
5	1	1	0	0	29397888	0	0	29397888	0	0	29487	43.166.244.251
5	1	1	0	0	29344966	0	0	29344966	0	0	23587	54.88.100.155
5	2	2	0	0	29324781	0	0	29322334	0	0	37298	3.82.247.226
5	3	2	0	0	29418459	0	0	29418459	0	0	1223406	162.142.125.218
5	1	1	0	0	29391563	0	0	29391563	0	0	29487	124.156.179.141
5	2	2	1	0	29424643	29429187	0	29386153	29429187	0	58974	170.106.148.137
5	1	1	0	0	29403327	0	0	29403327	0	0	29487	49.51.245.241
5	0	0	1	0	0	29435042	0	0	29435042	0	0	98.89.5.112
5	1	1	0	0	29399067	0	0	29399067	0	0	29487	43.166.250.187
5	0	0	1	0	0	29445094	0	0	29445094	0	0	38.242.238.134
5	0	0	0	1	0	0	29437534	0	0	29437534	0	17.241.227.62
5	1	1	0	0	29320390	0	0	29320390	0	0	18649	3.236.83.69
5	1	1	0	0	29329283	0	0	29329283	0	0	18649	139.59.112.241
5	2	2	0	0	29395701	0	0	29352933	0	0	53074	43.156.202.34
5	0	0	41	0	0	29444440	0	0	29444440	0	0	4.217.194.79
5	2	2	0	6	29405640	0	29405640	29405640	0	29405640	29487	194.67.204.55
5	2	2	0	52	29418835	0	29418835	29418835	0	29418835	58974	45.135.193.3
5	1	1	0	0	29411652	0	0	29411652	0	0	29487	43.130.131.18
5	3	3	0	0	29332537	0	0	29317818	0	0	52148	162.14.210.15
5	1	1	0	0	29317986	0	0	29317986	0	0	16669	206.41.182.141
5	1	1	0	0	29321944	0	0	29321944	0	0	18649	43.166.255.122
5	1	0	0	0	29403924	0	0	29403924	0	0	87	13.50.106.30
5	2	2	0	0	29369094	0	0	29316093	0	0	29487	143.198.210.125
5	1	1	0	0	29413393	0	0	29413393	0	0	29487	43.153.135.208
5	1	0	0	0	29324585	0	0	29324585	0	0	1164432	44.202.195.79
5	1	1	0	0	29366765	0	0	29366765	0	0	29487	43.130.39.254
5	2	2	0	0	29421269	0	0	29401786	0	0	58974	43.166.244.192
5	5	4	1	0	29425533	29408829	0	29339124	29408829	0	118618	114.96.103.33
5	1	1	0	1	29317437	0	29317437	29317437	0	29317437	16669	17.241.227.166
5	1	1	0	0	29335256	0	0	29335256	0	0	22535	34.136.10.228
5	4	4	0	0	29368432	0	0	29368414	0	0	117948	75.98.84.163
5	2	1	1	0	29396554	29364460	0	29364460	29364460	0	37109	43.166.255.102
5	1	1	0	0	29443441	0	0	29443441	0	0	29487	170.106.147.63
5	0	0	1	0	0	29432203	0	0	29432203	0	0	179.61.197.137
5	2	2	0	250	29421257	0	29421257	29421257	0	29421256	1624	4.189.110.40
5	2	1	0	0	29336944	0	0	29336944	0	0	1186967	64.227.175.161
5	0	0	0	1	0	0	29365128	0	0	29365128	0	2.57.122.48
5	1	1	0	1	29425108	0	29425108	29425108	0	29425108	29487	34.1.27.140
5	2	1	0	0	29429241	0	0	29429241	0	0	1193919	167.172.180.121
5	3	3	0	0	29363013	0	0	29321200	0	0	77623	43.130.12.43
5	3	3	0	0	29415612	0	0	29329145	0	0	77623	43.165.135.242
5	0	0	0	1	0	0	29416507	0	0	29416507	0	68.183.140.58
5	0	0	115	62	0	29426760	29426103	0	29426759	29426103	0	4.193.219.228
5	2	1	0	0	29334643	0	0	29334643	0	0	1186967	45.90.60.116
5	1	1	0	0	29370490	0	0	29370490	0	0	29487	198.235.24.6
5	1	1	0	0	29406877	0	0	29406877	0	0	29487	34.6.205.246
5	0	0	0	2	0	0	29338476	0	0	29338476	0	136.114.22.119
5	0	0	0	4	0	0	29405073	0	0	29405006	0	44.222.209.231
5	0	0	0	194	0	0	29425297	0	0	29424494	0	4.193.193.27
5	1	1	0	0	29398200	0	0	29398200	0	0	29487	35.170.13.97
5	2	2	0	0	29371540	0	0	29371539	0	0	58974	205.169.39.93
5	3	3	0	0	29382317	0	0	29328410	0	0	70671	43.157.95.131
5	0	0	0	2	0	0	29404148	0	0	29404146	0	80.134.128.183
5	1	1	1	0	29324010	29430115	0	29324010	29430115	0	18649	43.166.1.243
5	3	3	0	0	29387251	0	0	29376604	0	0	88461	162.62.231.139
5	3	3	0	17	29369225	0	29369225	29369225	0	29369225	88461	136.114.3.9
5	0	0	115	0	0	29448122	0	0	29448121	0	0	4.194.112.239
5	0	0	1	0	0	29438694	0	0	29438694	0	0	192.121.135.97
5	2	2	0	0	29361089	0	0	29361089	0	0	58974	205.169.39.83
5	2	2	0	0	29421065	0	0	29400802	0	0	58974	43.131.26.226
5	1	1	0	0	29318576	0	0	29318576	0	0	16669	46.173.66.29
5	0	0	2	0	0	29449403	0	0	29449403	0	0	161.35.218.160
5	0	0	1	0	0	29426651	0	0	29426651	0	0	31.6.11.4
5	0	0	1	0	0	29433739	0	0	29433739	0	0	178.62.82.141
5	2	1	0	0	29423386	0	0	29423386	0	0	1193919	167.172.243.33
5	1	1	0	0	29324010	0	0	29324010	0	0	18649	43.133.69.37
5	1	1	0	16	29377037	0	29377037	29377037	0	29377037	29487	31.6.11.3
5	2	2	0	0	29389144	0	0	29332710	0	0	48297	43.130.141.193
5	2	2	0	0	29389301	0	0	29362444	0	0	58974	43.157.168.43
5	4	2	0	4	29325834	0	29325834	29321234	0	29321234	2366162	152.32.134.89
5	2	2	0	0	29366374	0	0	29366374	0	0	58974	205.169.39.65
5	2	2	0	0	29395871	0	0	29326264	0	0	48136	170.106.163.48
5	0	0	4518	23	0	29443180	29443179	0	29443145	29443147	0	20.24.211.71
5	1	1	0	0	29335606	0	0	29335606	0	0	22535	170.106.72.93
5	0	0	2	0	0	29431989	0	0	29431989	0	0	159.65.127.70
5	1	1	0	0	29369407	0	0	29369407	0	0	29487	43.155.162.41
5	2	1	0	0	29345527	0	0	29345527	0	0	1188019	64.225.79.212
5	1	1	0	0	29386383	0	0	29386383	0	0	29487	170.106.197.109
5	0	0	1	0	0	29428313	0	0	29428313	0	0	35.239.255.232
5	1	1	0	0	29384042	0	0	29384042	0	0	29487	43.167.232.38
5	1	1	0	0	29443910	0	0	29443910	0	0	29487	162.62.132.25
5	0	0	1	0	0	29441540	0	0	29441540	0	0	205.169.39.45
5	0	0	68	0	0	29426853	0	0	29426735	0	0	20.58.146.18
5	1	1	0	0	29363122	0	0	29363122	0	0	29487	205.169.39.44
5	3	3	0	18	29361482	0	29361482	29361482	0	29361482	88461	134.199.235.12
5	0	0	0	53	0	0	29425488	0	0	29425488	0	4.193.208.244
5	1	1	0	0	29325847	0	0	29325847	0	0	18649	205.169.39.37
5	1	1	0	0	29370703	0	0	29370703	0	0	29487	103.108.174.9
5	2	2	0	0	29372286	0	0	29332207	0	0	48297	49.51.253.83
5	1	1	0	0	29316088	0	0	29316088	0	0	1508	3.68.147.29
5	1	1	0	0	29321909	0	0	29321909	0	0	18649	106.14.14.249
5	1	1	0	0	29369599	0	0	29369599	0	0	29487	198.235.24.59
5	0	0	1	0	0	29427685	0	0	29427685	0	0	198.235.24.56
5	0	0	0	6	0	0	29436681	0	0	29418703	0	192.178.4.103
5	1	0	0	0	29317531	0	0	29317531	0	0	1164432	205.169.39.27
5	0	0	0	2	0	0	29429798	0	0	29418703	0	192.178.4.102
5	1	1	0	0	29399568	0	0	29399568	0	0	29487	175.6.127.77
5	1	0	0	0	29317529	0	0	29317529	0	0	1164432	205.169.39.26
5	0	0	0	3	0	0	29382177	0	0	29381903	0	104.131.167.155
5	0	0	0	4	0	0	29436681	0	0	29419484	0	192.178.4.101
5	1	1	0	0	29363123	0	0	29363123	0	0	29487	205.169.39.24
5	2	2	0	0	29337955	0	0	29326547	0	0	41184	129.28.14.231
5	1	1	0	0	29387545	0	0	29387545	0	0	29487	198.235.24.52
5	0	0	0	1	0	0	29348456	0	0	29348456	0	198.235.24.48
5	0	0	1	0	0	29441538	0	0	29441538	0	0	205.169.39.21
5	2	2	0	0	29333900	0	0	29321149	0	0	41184	205.169.39.20
5	1	1	0	0	29319619	0	0	29319619	0	0	16669	205.169.39.18
5	1	1	0	0	29365100	0	0	29365100	0	0	29487	104.249.47.76
5	1	1	0	0	29408050	0	0	29408050	0	0	29487	198.235.24.46
5	0	0	0	1	0	0	29396158	0	0	29396158	0	209.38.20.201
5	2	2	0	0	29413625	0	0	29388005	0	0	58974	49.51.39.209
5	1	1	0	1	29317945	0	29317945	29317945	0	29317945	16669	3.255.114.136
5	1	1	0	0	29317073	0	0	29317073	0	0	0	83.68.137.168
5	2	1	0	0	29369334	0	0	29369334	0	0	1193919	137.184.160.72
5	2	2	0	0	29321149	0	0	29319611	0	0	35318	104.197.69.115
5	1	1	0	0	29336301	0	0	29336301	0	0	22535	124.222.142.44
5	0	0	0	1	0	0	29345262	0	0	29345262	0	209.38.28.12
5	2	1	0	0	29342773	0	0	29342773	0	0	1188019	207.154.214.149
5	2	1	0	2	29378341	0	29378341	29378341	0	29378341	1193919	106.75.101.79
5	1	1	0	0	29380897	0	0	29380897	0	0	29487	198.235.24.19
5	3	3	0	14	29347588	0	29347588	29347588	0	29347588	70761	159.65.143.36
5	1	1	0	0	29320609	0	0	29320609	0	0	18649	13.221.12.85
5	0	0	0	1	0	0	29316378	0	0	29316378	0	136.243.228.178
5	1	1	0	0	29317517	0	0	29317517	0	0	16669	35.173.134.57
5	3	3	0	17	29335671	0	29335671	29335671	0	29335671	67605	34.173.171.147
5	1	1	0	0	29398870	0	0	29398870	0	0	29487	43.135.183.82
5	1	1	0	0	29405260	0	0	29405260	0	0	29487	170.106.181.163
5	3	3	0	33	29403926	0	29403926	29403925	0	29403926	88461	206.81.24.227
5	2	2	0	0	29394432	0	0	29319689	0	0	46156	43.157.150.69
5	2	1	0	0	29348427	0	0	29348427	0	0	1188019	159.203.44.2
5	0	0	1	0	0	29449143	0	0	29449143	0	0	167.94.138.60
5	16	16	0	236	29323606	0	29323606	29318461	0	29318461	288484	124.150.139.62
5	19	19	0	284	29330790	0	29330790	29323854	0	29323854	354653	124.150.139.60
5	2	1	0	0	29374274	0	0	29374274	0	0	1193919	159.89.184.187
5	1	1	0	0	29409818	0	0	29409818	0	0	29487	136.118.18.88
5	1	1	0	0	29322033	0	0	29322033	0	0	18649	54.158.115.104
5	3	3	0	17	29342146	0	29342146	29342146	0	29342146	70761	52.68.24.176
5	2	2	0	0	29433347	0	0	29332708	0	0	48297	43.157.175.122
5	1	1	0	0	29419867	0	0	29419867	0	0	29487	109.243.3.151
5	3	3	0	0	29413056	0	0	29376647	0	0	88461	58.49.233.126
5	0	0	0	1	0	0	29368892	0	0	29368892	0	192.36.109.84
5	3	2	0	0	29372473	0	0	29372472	0	0	1223406	167.94.138.38
5	0	0	1	0	0	29429912	0	0	29429912	0	0	192.185.4.130
5	2	2	1	0	29447222	29432443	0	29395022	29432443	0	58974	170.106.160.90
5	0	0	257	1	0	29437282	29431101	0	29431101	29431101	0	4.197.248.250
5	4	4	0	0	29397144	0	0	29335084	0	0	110996	129.226.93.214
5	1	1	0	0	29385235	0	0	29385235	0	0	29487	43.166.142.76
5	0	0	0	2	0	0	29343141	0	0	29343141	0	34.6.104.33
5	1	1	0	0	29373137	0	0	29373137	0	0	29487	54.147.181.214
5	2	1	0	0	29351499	0	0	29351499	0	0	1188019	134.209.176.4
5	0	0	1	0	0	29448697	0	0	29448697	0	0	119.249.100.114
5	2	1	0	0	29405964	0	0	29405964	0	0	1193919	174.138.35.9
5	2	1	0	2	29405031	0	29405031	29405031	0	29405031	1193919	101.36.108.191
5	3	3	0	0	29422234	0	0	29403072	0	0	88461	43.165.189.110
5	0	0	0	1	0	0	29384895	0	0	29384895	0	192.71.3.222
5	6	5	1	0	29370638	29441538	0	29316065	29441538	0	1272165	34.123.170.104
5	0	0	115	0	0	29438075	0	0	29438075	0	0	20.89.212.10
5	1	1	0	0	29341996	0	0	29341996	0	0	23587	157.180.88.64
5	3	3	0	0	29434034	0	0	29319063	0	0	75643	43.157.170.126
5	2	2	0	0	29403142	0	0	29399273	0	0	58974	43.153.49.151
5	1	1	0	0	29377373	0	0	29377373	0	0	29487	43.135.148.92
5	4	4	0	0	29379958	0	0	29377982	0	0	117948	35.161.55.221
5	1	1	0	24	29361811	0	29361811	29361811	0	29361811	29487	45.148.10.249
5	0	0	0	23	0	0	29366907	0	0	29321729	0	45.148.10.246
5	0	0	0	1	0	0	29321721	0	0	29321721	0	66.165.225.109
5	1	1	0	0	29321721	0	0	29321721	0	0	18649	66.165.225.106
5	0	0	0	1	0	0	29382855	0	0	29382855	0	17.246.15.228
5	1	1	0	0	29368760	0	0	29368760	0	0	29487	43.155.157.239
5	0	0	0	1	0	0	29350138	0	0	29350138	0	132.196.86.187
5	2	1	0	0	29328312	0	0	29328312	0	0	1183081	146.190.237.11
5	1	1	0	0	29398637	0	0	29398637	0	0	29487	43.130.174.37
5	2	2	1	0	29415290	29437178	0	29384489	29437178	0	58974	43.157.153.236
5	3	3	0	33	29358132	0	29358132	29358132	0	29358132	88461	206.189.225.181
5	2	2	0	368	29421089	0	29421089	29421089	0	29420493	1624	4.194.58.148
5	1	1	0	0	29344256	0	0	29344256	0	0	23587	170.106.110.146
5	1	1	1	0	29390673	29446559	0	29390673	29446559	0	29487	43.157.158.178
5	0	0	144	0	0	29444123	0	0	29442037	0	0	4.230.140.154
5	0	0	115	0	0	29437295	0	0	29437294	0	0	20.205.32.162
5	0	0	0	1	0	0	29360165	0	0	29360165	0	159.203.32.113
5	2	1	0	0	29370383	0	0	29370383	0	0	1193919	134.199.219.188
5	2	2	0	0	29407487	0	0	29391672	0	0	58974	43.159.148.221
5	0	0	0	1	0	0	29358321	0	0	29358321	0	207.46.13.229
5	1	1	0	1	29318201	0	29318201	29318201	0	29318201	16669	162.55.129.246
5	1	1	0	0	29326475	0	0	29326475	0	0	18649	45.139.127.134
5	0	0	0	2	0	0	29415291	0	0	29413803	0	144.172.104.242
5	10	0	10	0	29364298	29364298	0	29364298	29364298	0	76220	45.148.10.205
5	3	3	0	18	29411517	0	29411517	29411517	0	29411517	88461	34.127.66.160
5	2	1	0	2	29423814	0	29423814	29423814	0	29423814	1193919	106.75.36.195
5	0	0	4	2	0	29428162	29426474	0	29427261	29426474	0	152.42.168.23
5	12	12	1	12	29411204	29432828	29411204	29324762	29432828	29324762	332329	198.20.67.197
5	1	1	0	0	29331507	0	0	29331507	0	0	18810	176.53.220.221
5	0	0	0	1	0	0	29341546	0	0	29341546	0	159.65.189.20
5	0	0	0	1	0	0	29412760	0	0	29412760	0	185.12.250.104
5	0	0	1	0	0	29441341	0	0	29441341	0	0	206.189.58.114
5	1	1	0	0	29442580	0	0	29442580	0	0	29487	43.166.129.247
5	1	1	0	0	29365903	0	0	29365903	0	0	29487	87.236.176.72
5	0	0	0	1	0	0	29418566	0	0	29418566	0	192.42.116.213
5	0	0	0	1	0	0	29406329	0	0	29406329	0	209.38.25.19
5	3	3	0	17	29348658	0	29348658	29348658	0	29348658	70761	54.151.176.0
5	1	0	0	0	29321557	0	0	29321557	0	0	1164432	176.53.220.209
5	2	2	0	0	29317241	0	0	29317023	0	0	16669	116.203.34.44
5	2	2	1	0	29401271	29448491	0	29363887	29448491	0	58974	43.130.72.177
5	1	1	0	0	29319988	0	0	29319988	0	0	16669	176.53.220.205
5	3	3	0	17	29421985	0	29421985	29421985	0	29421985	88461	136.119.101.198
5	0	0	1	0	0	29434278	0	0	29434278	0	0	192.165.45.205
5	3	3	1	0	29426447	29426774	0	29409329	29426774	0	88461	43.153.27.244
5	1	1	0	0	29352968	0	0	29352968	0	0	23587	45.148.10.159
5	1	1	0	1	29333437	0	29334110	29333437	0	29334110	22535	45.148.10.160
z	0	47	42	29419687	0
z	2	28	0	29403924	2022
z	3	39	39	29424995	30869
z	4	54	5	29409247	388606
z	5	1841	1840	29449853	47389227
z	6	1	0	29414139	932361
z	7	169	0	29449454	196789008
c	200	2176	29449853
c	206	1	29414139
c	301	9110	29449854
c	302	36	29409268
c	304	2	29419687
c	400	2	29359430
c	403	64	29437821
c	404	10952	29449352
c	405	1	29387224
