CACHE type 5 produced by analog 6.0/Unix. Do not modify or delete!
T	0	0	471	456	97	2324	270923
D	29318988	29449777
20360	117	3	3	1869
20360	118	6	6	3738
20360	119	4	4	2492
20360	120	1	1	797
20360	125	1	1	0
20360	126	3	3	2733
20360	127	2	2	3655
20360	132	2	2	8457
20360	133	2	2	2797
20360	134	6	6	15279
20360	135	6	6	18417
20360	136	15	15	18022
20360	137	8	8	23608
20360	138	14	14	42504
20360	139	1	1	0
20360	141	1	1	0
20360	142	3	3	0
20360	143	1	1	0
20360	144	1	1	0
20360	151	2	2	7990
20360	158	2	2	0
20360	169	1	1	0
20360	179	1	1	0
20360	184	4	4	0
20360	185	1	1	0
20360	192	1	1	0
20360	221	1	1	0
20360	224	1	1	0
20360	236	3	3	0
20360	262	3	3	0
20361	70	1	1	3995
20361	123	2	2	0
20361	185	1	1	0
20361	196	1	1	0
20361	235	1	1	0
20361	240	1	1	0
20361	267	2	2	0
20362	10	2	2	0
20362	22	2	2	0
20362	73	1	1	0
20362	104	1	1	0
20362	136	1	1	0
20362	141	1	1	0
20362	153	2	2	0
20362	178	1	1	0
20362	194	1	1	0
20362	200	1	1	0
20362	203	1	1	0
20362	206	1	1	0
20362	212	1	1	0
20362	256	1	1	0
20363	189	1	1	0
20363	263	1	1	0
20364	117	1	1	0
20364	158	2	2	0
20364	198	1	1	0
20364	201	1	1	0
20364	232	1	1	0
20365	46	1	1	0
20365	67	1	1	0
20366	72	1	1	0
20366	104	1	1	0
20367	78	1	1	0
20367	122	1	1	0
20367	149	2	2	0
20367	190	1	1	0
20367	196	1	1	0
20368	78	1	1	0
20368	121	1	1	0
20368	228	1	1	0
20369	26	1	1	0
20369	53	3	3	0
20370	81	1	1	0
20370	143	1	1	0
20370	192	1	1	0
20370	287	2	2	0
20371	0	2	2	0
20371	204	1	1	0
20372	27	1	1	0
20372	118	1	1	0
20372	135	1	1	0
20372	213	1	1	0
20372	214	1	1	0
20373	2	13	13	0
20373	14	5	5	0
20373	17	2	2	0
20373	18	2	2	0
20373	163	1	1	0
20373	176	1	1	0
20373	279	1	1	0
20374	16	1	1	0
20374	114	1	1	0
20374	119	1	1	0
20374	123	1	1	0
20374	130	2	2	0
20374	169	2	2	0
20374	200	1	1	0
20374	202	1	1	0
20374	217	1	1	0
20374	233	1	1	0
20374	241	1	1	0
20375	50	1	1	0
20375	132	1	1	0
20375	184	1	1	0
20375	201	1	1	0
20376	96	1	1	0
20376	101	1	1	0
20376	271	1	1	0
20377	17	1	1	0
20377	35	1	1	0
20377	120	1	1	0
20377	175	1	1	0
20380	42	1	1	0
20380	109	1	1	0
20380	149	1	1	0
20380	203	1	1	0
20380	244	1	1	0
20380	254	1	1	0
20381	116	1	1	0
20381	120	2	2	0
20381	138	1	1	0
20381	148	1	1	0
20382	98	1	1	0
20384	57	1	1	0
20387	183	1	1	0
20390	87	1	1	0
20390	198	1	1	0
20390	225	1	1	0
20391	54	1	1	0
20391	270	1	0	7638
20391	273	1	0	7638
20392	113	1	1	0
20393	29	2	2	0
20394	51	1	1	0
20395	19	1	1	0
20395	134	1	1	0
20395	242	1	1	0
20398	179	1	1	0
20399	49	1	1	0
20399	156	1	1	0
20400	36	1	1	0
20401	43	2	2	0
20401	286	1	1	0
20402	273	1	1	0
20402	281	1	1	0
20403	192	1	1	0
20403	217	1	1	0
20403	224	2	2	0
20404	11	1	1	0
20405	0	1	1	0
20405	105	1	1	0
20406	64	1	1	0
20407	116	1	1	0
20407	217	1	1	0
20407	267	2	2	0
20407	269	1	1	0
20407	271	1	1	0
20407	273	1	1	0
20407	284	1	1	0
20407	285	1	1	0
20408	103	1	1	0
20408	107	1	1	0
20408	115	2	2	0
20408	177	1	1	0
20408	204	1	1	0
20408	210	1	1	0
20409	14	1	1	0
20409	189	1	1	0
20410	35	1	1	0
20410	77	1	1	0
20410	191	1	1	0
20410	222	1	1	0
20410	281	1	1	0
20411	186	1	1	0
20412	145	1	1	0
20412	283	1	1	0
20413	85	1	1	0
20415	36	1	1	0
20415	201	1	1	0
20416	274	1	1	0
20417	149	1	1	0
20417	285	1	1	0
20418	6	1	1	0
20418	102	1	1	0
20419	66	1	1	0
20420	39	1	1	0
20421	15	1	1	0
20421	113	6	6	0
20421	115	4	4	0
20421	120	1	1	0
20421	140	1	1	0
20421	212	1	1	0
20421	270	1	1	0
20422	9	1	1	0
20422	37	1	1	0
20422	57	1	1	0
20422	69	1	1	0
20422	101	1	1	0
20422	104	1	1	0
20422	148	1	1	0
20422	150	3	3	0
20422	157	1	1	0
20422	161	3	3	0
20422	210	1	1	0
20422	264	1	0	7638
20422	286	6	0	45828
20423	22	1	0	7638
20423	23	2	0	15276
20423	24	1	0	7638
20423	30	1	0	7638
20423	33	1	0	7638
20423	39	1	1	0
20423	158	1	1	0
20423	193	1	1	0
20424	20	1	1	0
20424	67	1	1	0
20424	76	1	1	0
20424	81	1	1	0
20424	88	1	1	0
20424	105	1	1	0
20424	207	1	1	0
20425	103	1	1	0
20425	113	6	6	0
20425	194	1	1	0
20425	227	1	1	0
20425	260	1	1	0
20425	264	1	1	0
20425	283	3	3	0
20426	78	1	1	0
20426	105	1	1	0
20426	190	1	1	0
20426	286	1	1	0
20427	13	3	3	0
20427	28	1	1	0
20427	83	1	1	0
20427	167	1	1	0
20427	180	1	1	0
20427	188	1	1	0
20428	73	1	1	0
20428	98	1	1	0
20428	100	1	1	0
20428	263	1	1	0
20428	265	1	1	0
20429	13	1	1	0
20429	34	1	1	0
20429	42	1	1	0
20429	54	1	1	0
20429	156	2	2	0
20429	157	1	1	0
20431	48	1	1	0
20431	149	1	1	0
20431	187	2	2	0
20431	213	1	1	0
20431	238	2	2	0
20431	242	1	1	0
20432	41	1	1	0
20432	171	2	2	0
20432	172	1	1	0
20432	197	2	2	0
20432	223	2	2	0
20432	235	1	1	0
20432	260	1	1	0
20433	215	1	1	0
20433	253	1	1	0
20434	15	1	1	0
20434	71	1	1	0
20434	158	1	1	0
20434	257	2	2	0
20435	18	1	1	0
20436	29	1	1	0
20437	192	1	1	0
20437	205	1	1	0
20438	30	1	1	0
20438	89	1	1	0
20438	119	1	1	0
20439	18	2	2	0
20439	141	1	1	0
20439	182	2	2	0
20440	0	2	2	0
20440	65	1	1	0
20440	66	2	2	0
20440	117	1	1	0
20440	169	1	1	0
20441	67	1	1	0
20441	86	2	2	0
20441	89	1	1	0
20441	129	1	1	0
20441	170	4	4	0
20442	31	4	4	0
20442	78	4	4	0
20442	139	1	1	0
20442	186	1	1	0
20444	106	1	1	0
20444	240	1	1	0
20444	254	1	1	0
20445	149	1	1	0
20445	152	1	1	0
20445	167	1	1	0
20445	246	1	1	0
20446	40	1	1	0
20446	65	1	1	0
20446	173	1	1	0
20446	284	1	1	0
20447	68	1	1	0
20447	94	1	1	0
20448	168	1	1	0
20448	215	1	1	0
20449	227	1	1	0
20450	17	1	1	0
20450	129	1	1	0
20450	139	2	2	0
20450	140	1	1	0
20450	195	1	1	0
20450	241	1	1	0
20451	67	1	1	0
1	0	0	0	1	0	0	29418544	0	0	29418544	0	/backend/payment.js
1	0	0	0	1	0	0	29416686	0	0	29416686	0	/config/local_env.yml
1	0	0	0	10	0	0	29418543	0	0	29334240	0	/.env.local
1	0	0	0	1	0	0	29418544	0	0	29418544	0	/dist/js/main.js
1	0	0	0	2	0	0	29408489	0	0	29408432	0	/sendgrid.env
1	0	0	0	4	0	0	29418544	0	0	29334240	0	/storage/logs/laravel.log
1	0	0	0	2	0	0	29388057	0	0	29347950	0	/scripts/phpinfo.php.save
1	0	0	0	3	0	0	29418033	0	0	29407968	0	/_debug
1	0	0	0	2	0	0	29418033	0	0	29410943	0	/api/v1/config
1	0	0	0	2	0	0	29418033	0	0	29410943	0	/.env.prod.local
1	0	0	0	6	0	0	29418544	0	0	29334240	0	/config.js
1	0	0	0	3	0	0	29418544	0	0	29334240	0	/config/application.yml
1	0	0	0	1	0	0	29418544	0	0	29418544	0	/backend/stripe.js
1	0	0	0	1	0	0	29410943	0	0	29410943	0	/phpinfo.php.txt
1	0	0	0	5	0	0	29418544	0	0	29407590	0	/Dockerfile
1	0	0	0	2	0	0	29410943	0	0	29407967	0	/core/Datavase/.env
1	0	0	0	1	0	0	29418544	0	0	29418544	0	/static/js/main.js
1	0	0	0	1	0	0	29416686	0	0	29416686	0	/rails.env
1	0	0	0	1	0	0	29418544	0	0	29418544	0	/stripe.yaml
1	0	0	0	2	0	0	29408489	0	0	29408432	0	/sendgrid.json
1	0	0	0	1	0	0	29418544	0	0	29418544	0	/admin/controllers/payment.js
1	0	0	0	3	0	0	29410943	0	0	29347949	0	/modules/.env
1	0	0	0	2	0	0	29388057	0	0	29347949	0	/core/.env.save
1	0	0	0	2	0	0	29418544	0	0	29334240	0	/js/main.js
1	0	0	0	1	0	0	29418544	0	0	29418544	0	/src/stripe.js
1	0	0	0	2	0	0	29418033	0	0	29410943	0	/app/logs/prod.log
1	0	0	0	1	0	0	29416686	0	0	29416686	0	/config/stripe.rb
1	0	0	0	2	0	0	29418545	0	0	29416686	0	/stripe/config
1	0	0	0	2	0	0	29388057	0	0	29347949	0	/core/.env.old
1	0	0	0	1	0	0	29418543	0	0	29418543	0	/.env.secret
1	0	0	0	1	0	0	29418545	0	0	29418545	0	/pages/api/stripe.js
1	0	0	0	1	0	0	29418544	0	0	29418544	0	/api/payment.js
1	0	0	0	1	0	0	29416686	0	0	29416686	0	/config/puma.rb
1	0	0	0	2	0	0	29334240	0	0	29334240	0	/mailer/.env
1	0	0	0	1	0	0	29410943	0	0	29410943	0	/config/database.php
1	0	0	0	1	0	0	29418544	0	0	29418544	0	/server/stripe.js
1	0	0	0	1	0	0	29410943	0	0	29410943	0	/upload/phpinfo.php
1	0	0	0	1	0	0	29416686	0	0	29416686	0	/aws-keys.json
1	0	0	0	1	0	0	29418544	0	0	29418544	0	/openapi.yml
1	0	0	0	1	0	0	29418544	0	0	29418544	0	/logs/payment.log
1	0	0	0	2	0	0	29418544	0	0	29334240	0	/crm/.env
1	0	0	3	54	0	29409114	29446379	0	29409114	29318988	0	/.env
1	0	0	0	1	0	0	29410943	0	0	29410943	0	/html/info.php
1	0	0	0	1	0	0	29416686	0	0	29416686	0	/config/cable.yml
1	0	0	0	2	0	0	29418544	0	0	29334240	0	/config/local.yml
1	0	0	0	1	0	0	29418544	0	0	29418544	0	/config/checkout.js
1	0	0	0	4	0	0	29418033	0	0	29407590	0	/.api_keys
1	0	0	0	11	0	0	29349242	0	0	29319081	0	/js/lkk_ch.js
1	0	0	0	3	0	0	29410943	0	0	29347950	0	/tmp/phpinfo.php
1	0	0	0	3	0	0	29418033	0	0	29407967	0	/s3.yml
1	0	0	0	3	0	0	29418033	0	0	29407967	0	/api_keys.json
1	0	0	0	2	0	0	29388056	0	0	29347948	0	/src/.env.bak
1	0	0	0	1	0	0	29418544	0	0	29418544	0	/admin/stripe.js
1	0	0	0	2	0	0	29410943	0	0	29407967	0	/configuration.json
1	0	0	0	1	0	0	29416686	0	0	29416686	0	/api_keys.js
1	0	0	0	1	0	0	29334240	0	0	29334240	0	/service/email_service.py
1	0	0	0	1	0	0	29418545	0	0	29418545	0	/public/settings.json
1	0	0	0	2	0	0	29388057	0	0	29347949	0	/vendor/.env.bak
1	0	0	0	1	0	0	29410943	0	0	29410943	0	/config/app.php
1	0	0	0	4	0	0	29418033	0	0	29347949	0	/info1.php
1	0	0	0	2	0	0	29408489	0	0	29408432	0	/brevo/config
1	0	0	0	1	0	0	29334237	0	0	29334237	0	/wp-config
1	0	0	0	2	0	0	29388057	0	0	29347950	0	/admin/phpinfo.php.save
1	0	0	0	2	0	0	29418544	0	0	29416685	0	/config/stripe.js
1	0	0	0	1	0	0	29418544	0	0	29418544	0	/middleware/payment.js
1	0	0	0	1	0	0	29334237	0	0	29334237	0	/_profiler/phpinfo/phpinfo.php
1	0	0	0	1	0	0	29418545	0	0	29418545	0	/api/secrets
1	0	0	0	1	0	0	29416686	0	0	29416686	0	/stripe_keys.py
1	0	0	0	2	0	0	29408488	0	0	29408432	0	/env.yml
1	0	0	0	1	0	0	29418545	0	0	29418545	0	/api/stripe
1	0	0	0	2	0	0	29388057	0	0	29347949	0	/themes/.env.bak
1	0	0	0	2	0	0	29408488	0	0	29408432	0	/aws-keys.js
1	0	0	0	3	0	0	29416686	0	0	29408432	0	/config.ini
1	0	0	0	4	0	0	29418544	0	0	29407967	0	/keys.json
1	0	0	0	1	0	0	29418544	0	0	29418544	0	/backend/config/production.yml
1	0	0	0	2	0	0	29388057	0	0	29347950	0	/site/phpinfo.php.save
1	0	0	0	2	0	0	29418544	0	0	29334240	0	/website/.env
1	0	0	0	2	0	0	29418544	0	0	29334240	0	/app.py
1	0	0	0	1	0	0	29410943	0	0	29410943	0	/old/info.php
1	0	0	0	1	0	0	29418544	0	0	29418544	0	/static/js/app.js
1	0	0	0	1	0	0	29410943	0	0	29410943	0	/backup/phpinfo.php
1	0	0	0	1	0	0	29334237	0	0	29334237	0	/_profiler/phpinfo/info.php
1	0	0	0	1	0	0	29418544	0	0	29418544	0	/application-production.properties
1	0	0	0	1	0	0	29416686	0	0	29416686	0	/django_settings.json
1	0	0	0	2	0	0	29418544	0	0	29334238	0	/www/.env
1	0	0	0	2	0	0	29388057	0	0	29347949	0	/phpinfo.php.swp
1	0	0	0	1	0	0	29334240	0	0	29334240	0	/scripts/nodemailer.js
1	0	0	0	1	0	0	29418544	0	0	29418544	0	/.circleci/config.yml
1	0	0	0	4	0	0	29416686	0	0	29334240	0	/aws/credentials
1	0	0	0	2	0	0	29418543	0	0	29418543	0	/billing/.env
1	0	0	0	1	0	0	29334240	0	0	29334240	0	/server/s3.js
1	0	0	0	3	0	0	29418543	0	0	29347948	0	/.env.swp
1	0	0	0	1	0	0	29418544	0	0	29418544	0	/.gitignore
1	0	0	0	1	0	0	29418544	0	0	29418544	0	/constants.py
1	0	0	0	1	0	0	29418543	0	0	29418543	0	/checkout/.env
1	0	0	0	1	0	0	29418545	0	0	29418545	0	/dist/
1	0	0	0	2	0	0	29388056	0	0	29347948	0	/app/.env.bak
1	0	0	0	1	0	0	29416686	0	0	29416686	0	/.pythonenv
1	0	0	0	3	0	0	29410943	0	0	29347949	0	/phpinfo.php.tmp
1	0	0	0	2	0	0	29388057	0	0	29347949	0	/phpinfo.php.orig
1	0	0	0	4	0	0	29418033	0	0	29407590	0	/oauth.json
1	0	0	0	2	0	0	29418033	0	0	29410943	0	/Thumbs.db
1	0	0	0	2	0	0	29388056	0	0	29347948	0	/.env.tmp
1	0	0	0	2	0	0	29388057	0	0	29347949	0	/plugins/.env.old
1	0	0	0	1	0	0	29416686	0	0	29416686	0	/aws-keys.env
1	0	0	0	1	0	0	29415688	0	0	29415688	0	/app_dev.php/_profiler/open?file=app/config/config.yml
1	0	0	0	2	0	0	29388056	0	0	29347949	0	/assets/.env.old
1	0	0	0	2	0	0	29410943	0	0	29407967	0	/saas/.env
1	0	0	0	3	0	0	29418033	0	0	29407967	0	/aws-config.json
1	0	0	0	1	0	0	29418544	0	0	29418544	0	/api-keys.json
1	0	0	0	1	0	0	29416686	0	0	29416686	0	/aws/secrets.json
1	0	0	3	13	0	29409114	29406808	0	29409114	29318988	0	/@vite/env
1	0	0	0	1	0	0	29418544	0	0	29418544	0	/config/prod.js
1	0	0	0	3	0	0	29418033	0	0	29407967	0	/.s3cfg
1	0	0	0	1	0	0	29418544	0	0	29418544	0	/server/.env.production
1	0	0	0	2	0	0	29418033	0	0	29410943	0	/api/v2/config
1	0	0	0	2	0	0	29388056	0	0	29347948	0	/.env.orig
1	0	0	0	1	0	0	29418544	0	0	29418544	0	/api.js
1	0	0	0	1	0	0	29418544	0	0	29418544	0	/microservices/.env
1	0	0	0	1	0	0	29418544	0	0	29418544	0	/src/payment.js
1	0	0	0	1	0	0	29418544	0	0	29418544	0	/static/js/bundle.js
1	0	0	0	1	0	0	29418545	0	0	29418545	0	/api/credentials
1	0	0	0	2	0	0	29410943	0	0	29407967	0	/administrator/.env
1	0	0	0	1	0	0	29334240	0	0	29334240	0	/node/.env_example
1	0	0	0	1	0	0	29416686	0	0	29416686	0	/python.config.json
1	0	0	0	1	0	0	29418544	0	0	29418544	0	/stripe_keys.js
1	0	0	0	1	0	0	29410943	0	0	29410943	0	/assets/info.php
1	0	0	0	2	0	0	29388057	0	0	29347949	0	/core/.env.bak
1	0	0	0	1	0	0	29418543	0	0	29418543	0	/.env.secrets
1	0	0	0	3	0	0	29418544	0	0	29334240	0	/app.js
1	0	0	0	2	0	0	29388056	0	0	29347949	0	/public/.env.save
1	0	0	0	1	0	0	29418545	0	0	29418545	0	/.well-known/stripe
1	0	0	0	1	0	0	29418544	0	0	29418544	0	/app.log
1	0	0	0	2	0	0	29418033	0	0	29410943	0	/1.php
1	0	0	0	1	0	0	29334240	0	0	29334240	0	/laravel/core/.env
1	0	0	0	2	0	0	29418544	0	0	29334240	0	/static/js/2.ca066a4b.chunk.js
1	0	0	0	1	0	0	29416687	0	0	29416687	0	/global.json
1	0	0	0	1	0	0	29418544	0	0	29418544	0	/application-prod.properties
1	0	0	0	2	0	0	29408489	0	0	29408432	0	/sendgrid
1	0	0	0	1	0	0	29418544	0	0	29418544	0	/constants.js
1	0	0	0	2	0	0	29388057	0	0	29347950	0	/tmp/phpinfo.php.save
1	0	0	0	1	0	0	29418544	0	0	29418544	0	/static/js/vendors.js
1	0	0	0	2	0	0	29388057	0	0	29347949	0	/info.php.backup
1	0	0	0	2	0	0	29418544	0	0	29334240	0	/swagger.js
1	0	0	0	1	0	0	29418545	0	0	29418545	0	/payment/config
1	0	0	0	2	0	0	29388056	0	0	29347948	0	/config/.env.old
1	0	0	0	2	0	0	29418544	0	0	29334240	0	/backend/config/development.yml
1	0	0	0	1	0	0	29334240	0	0	29334240	0	/apis/controllers/users.js
1	0	0	0	1	0	0	29418545	0	0	29418545	0	/node_modules/stripe/package.json
1	0	0	0	1	0	0	29410943	0	0	29410943	0	/upload/info.php
1	0	0	0	2	0	0	29418544	0	0	29334240	0	/controller/admin/post.js
1	0	0	0	1	0	0	29416686	0	0	29416686	0	/stripe/config.php
1	0	0	0	1	0	0	29334239	0	0	29334239	0	/lara/phpinfo.php
1	0	0	2	2	0	29409114	29406808	0	29409114	29406808	0	/webjars/swagger-ui/
1	0	0	0	3	0	0	29418544	0	0	29410943	0	/debug.log
1	0	0	0	1	0	0	29416686	0	0	29416686	0	/secrets.yml.enc
1	0	0	0	3	0	0	29410943	0	0	29347950	0	/cgi-bin/info.php
1	0	0	0	1	0	0	29416686	0	0	29416686	0	/config.properties
1	0	0	0	2	0	0	29388057	0	0	29347949	0	/phpinfo.php~
1	0	0	0	2	0	0	29388057	0	0	29347950	0	/admin/info.php.save
1	0	0	0	2	0	0	29408489	0	0	29408432	0	/sendgrid.php
1	0	0	0	10	0	0	29418544	0	0	29334240	0	/test.php
1	0	0	0	1	0	0	29418545	0	0	29418545	0	/static/stripe.json
1	0	0	0	1	0	0	29410943	0	0	29410943	0	/static/phpinfo.php
1	0	0	0	1	0	0	29410943	0	0	29410943	0	/uploads/info.php
1	0	0	0	1	0	0	29418544	0	0	29418544	0	/api/config/config.js
1	0	0	0	5	0	0	29418033	0	0	29334237	0	/_profiler/phpinfo
1	0	0	0	1	0	0	29334240	0	0	29334240	0	/xampp/.env
1	0	0	0	1	0	0	29418545	0	0	29418545	0	/pages/api/payment.js
1	0	0	2	4	0	29409114	29406808	0	29409114	29337131	0	/server-status
1	0	0	0	3	0	0	29418545	0	0	29334240	0	/.env.production.local
1	0	0	0	3	0	0	29410943	0	0	29347949	0	/storage/.env
1	0	0	0	2	0	0	29388057	0	0	29347949	0	/test.php.backup
1	0	0	0	1	0	0	29334240	0	0	29334240	0	/sms.py
1	0	0	0	1	0	0	29319030	0	0	29319030	0	/crash-assistant/issue/1
1	0	0	0	2	0	0	29388057	0	0	29347950	0	/tmp/info.php.save
1	0	0	0	1	0	0	29418544	0	0	29418544	0	/static/js/chunk.js
1	0	0	0	1	0	0	29410943	0	0	29410943	0	/html/phpinfo.php
1	0	0	0	4	0	0	29418033	0	0	29407590	0	/docker-compose.yaml
1	0	0	0	2	0	0	29388056	0	0	29347949	0	/system/.env
1	0	0	0	1	0	0	29416686	0	0	29416686	0	/.env.js
1	0	0	2	6	0	29409114	29418033	0	29409114	29337131	0	/.DS_Store
1	0	0	0	1	0	0	29416686	0	0	29416686	0	/config/services.php
1	0	0	0	1	0	0	29418544	0	0	29418544	0	/server/payment.js
1	0	0	0	1	0	0	29416687	0	0	29416687	0	/backend/secrets.js
1	0	0	0	3	0	0	29410943	0	0	29347950	0	/tmp/info.php
1	0	0	0	2	0	0	29388056	0	0	29347949	0	/system/.env.save
1	0	0	2	4	0	29409114	29406808	0	29409114	29337131	0	/telescope/requests
1	0	0	0	1	0	0	29418544	0	0	29418544	0	/stripe.py
1	0	0	0	2	0	0	29388057	0	0	29347949	0	/plugins/.env.bak
1	0	0	0	2	0	0	29418544	0	0	29334240	0	/controllers/settings.js
1	0	0	0	2	0	0	29388057	0	0	29347949	0	/php_info.php.swp
1	0	0	0	1	0	0	29418544	0	0	29418544	0	/utils/payment.js
1	0	0	0	3	0	0	29418033	0	0	29407967	0	/azure.json
1	0	0	0	1	0	0	29416686	0	0	29416686	0	/secrets.php
1	0	0	0	1	0	0	29418544	0	0	29418544	0	/src/constants.js
1	0	0	0	1	0	0	29418544	0	0	29418544	0	/nuxt.config.js
1	0	0	0	2	0	0	29388056	0	0	29347948	0	/api/.env.old
1	0	0	0	2	0	0	29388056	0	0	29347949	0	/assets/.env.bak
1	0	0	0	2	0	0	29418544	0	0	29334240	0	/shared/config/config.js
1	0	0	0	1	0	0	29389852	0	0	29389852	0	/.git/ORIG_HEAD?45.148.10.160
1	0	0	0	3	0	0	29410943	0	0	29347949	0	/php_info.php.tmp
1	0	0	0	3	0	0	29416686	0	0	29408432	0	/config
1	0	0	0	2	0	0	29388057	0	0	29347949	0	/phpinfo.php.backup
1	0	0	0	3	0	0	29418543	0	0	29347948	0	/.env~
1	0	0	0	1	0	0	29418544	0	0	29418544	0	/static/js/main.chunk.js
1	0	0	0	2	0	0	29410943	0	0	29407967	0	/core/app/.env
1	0	0	2	4	0	29409114	29406808	0	29409114	29337131	0	/debug/default/view?panel=config
1	0	0	0	2	0	0	29418544	0	0	29416686	0	/stripe.json
1	0	0	0	1	0	0	29418544	0	0	29418544	0	/functions/.env
1	0	0	0	1	0	0	29418544	0	0	29418544	0	/config/credentials.js
1	0	0	0	1	0	0	29334240	0	0	29334240	0	/node_modules/.env
1	0	0	0	2	0	0	29388056	0	0	29347948	0	/src/.env.save
1	0	0	0	2	0	0	29408489	0	0	29408432	0	/mailgun/config
1	0	0	0	10	0	0	29418545	0	0	29334236	0	/phpinfo.php
1	0	0	0	2	0	0	29418543	0	0	29334236	0	/env/.env
1	0	0	0	1	0	0	29323593	0	0	29323593	0	/robots.txt?51.81.46.212
1	0	0	0	2	0	0	29418033	0	0	29410943	0	/info3.php
1	0	0	0	3	0	0	29436871	0	0	29435893	0	/public/vendor/laravel-filemanager/js/script.js
1	0	0	0	3	0	0	29410943	0	0	29347949	0	/themes/.env
1	0	0	0	1	0	0	29334240	0	0	29334240	0	/configs/routes-4aug.js
1	0	0	0	1	0	0	29334240	0	0	29334240	0	/aws.yml
1	0	0	0	1	0	0	29418545	0	0	29418545	0	/api/settings
1	0	0	0	2	0	0	29418544	0	0	29334240	0	/backend/config/default.yml
1	0	0	0	4	0	0	29410943	0	0	29334239	0	/laravel/.env
1	0	0	0	3	0	0	29410943	0	0	29347949	0	/test.php.save
1	0	0	0	4	0	0	29418033	0	0	29407590	0	/kubernetes.yml
1	1	1	0	0	29320455	0	0	29320455	0	0	0	/?51.81.46.212
1	0	0	0	1	0	0	29410943	0	0	29410943	0	/admin/test.php
1	0	0	0	7	0	0	29418033	0	0	29334240	0	/.aws/config
1	0	0	0	2	0	0	29418544	0	0	29334240	0	/configs/routes.js
1	0	0	0	1	0	0	29418545	0	0	29418545	0	/stripe.bak
1	0	0	0	3	0	0	29416686	0	0	29407967	0	/config/database.yml
1	0	0	0	2	0	0	29388057	0	0	29347949	0	/info.php.orig
1	0	0	0	3	0	0	29410943	0	0	29347949	0	/plugins/.env
1	0	0	0	1	0	0	29418544	0	0	29418544	0	/stripe.config.js
1	0	0	0	1	0	0	29418544	0	0	29418544	0	/config/settings.yml
1	0	0	0	1	0	0	29418545	0	0	29418545	0	/admin/payment
1	0	0	0	1	0	0	29418544	0	0	29418544	0	/constants.json
1	0	0	0	2	0	0	29418544	0	0	29334240	0	/user/config/config.js
1	0	0	0	1	0	0	29418544	0	0	29418544	0	/static/js/vendor.js
1	0	0	0	2	0	0	29418544	0	0	29416686	0	/stripe.js
1	0	0	0	2	0	0	29418544	0	0	29334240	0	/gatsby-config.js
1	0	0	0	2	0	0	29388056	0	0	29347948	0	/config/.env.bak
1	0	0	0	1	0	0	29418544	0	0	29418544	0	/swagger.yml
1	0	0	0	2	0	0	29410943	0	0	29407967	0	/lab/.env
1	0	0	0	2	0	0	29418544	0	0	29410943	0	/client/.env
1	0	0	0	9	0	0	29418543	0	0	29347948	0	/.env.production
1	0	0	0	2	0	0	29388056	0	0	29347948	0	/admin/.env.save
1	0	0	0	1	0	0	29416687	0	0	29416687	0	/node_modules/.bin/env
1	0	0	2	2	0	29409114	29406808	0	29409114	29406808	0	/api/graphql
1	0	0	0	2	0	0	29418544	0	0	29334240	0	/admin/controllers/partner.js
1	0	0	0	1	0	0	29416686	0	0	29416686	0	/aws/credentials.bak
1	0	0	0	1	0	0	29418544	0	0	29418544	0	/payments.js
1	0	0	2	4	0	29409114	29406808	0	29409114	29337131	0	/actuator/env
1	0	0	0	1	0	0	29418544	0	0	29418544	0	/public/js/config.js
1	0	0	0	2	0	0	29418033	0	0	29410943	0	/backup.tar.gz
1	0	0	0	9	0	0	29418545	0	0	29347948	0	/.env.development
1	0	0	0	1	0	0	29416686	0	0	29416686	0	/config/local.py
1	0	0	0	2	0	0	29418544	0	0	29334240	0	/.travis.yml
1	0	0	0	2	0	0	29410943	0	0	29407967	0	/tools/.env
1	0	0	0	1	0	0	29418545	0	0	29418545	0	/billing/config
1	0	0	0	4	0	0	29418544	0	0	29334238	0	/docker/.env
1	0	0	0	2	0	0	29418544	0	0	29334239	0	/js/.env
1	0	0	0	1	0	0	29418544	0	0	29418544	0	/assets/js/app.js
1	0	0	0	1	0	0	29416686	0	0	29416686	0	/django.ini
1	0	0	0	2	0	0	29388056	0	0	29347948	0	/config/.env.save
1	0	0	0	4	0	0	29417767	0	0	29342762	0	/.git/
1	0	0	0	2	0	0	29388057	0	0	29347949	0	/php_info.php.orig
1	0	0	0	1	0	0	29418545	0	0	29418545	0	/src/lib/stripe.js
1	0	0	0	6	0	0	29418544	0	0	29407967	0	/config.yaml
1	0	0	0	1	0	0	29418544	0	0	29418544	0	/payment.json
1	0	0	0	2	0	0	29418544	0	0	29410943	0	/logs/error.log
1	0	0	0	1	0	0	29418544	0	0	29418544	0	/billing.py
1	0	0	0	1	0	0	29334240	0	0	29334240	0	/admin/server_info.php
1	0	0	0	3	0	0	29410943	0	0	29347950	0	/dev/phpinfo.php
1	0	0	0	3	0	0	29410943	0	0	29347949	0	/info.php.old
1	0	0	3	13	0	29409114	29406808	0	29409114	29318988	0	/.vscode/sftp.json
1	0	0	0	2	0	0	29410943	0	0	29407967	0	/config/app.yml
1	0	0	0	4	0	0	29418544	0	0	29407967	0	/credentials.json
1	0	0	0	1	0	0	29418544	0	0	29418544	0	/modules/stripe.js
1	0	0	2	3	0	29409114	29418545	0	29409114	29406808	0	/graphql
1	0	0	0	1	0	0	29410943	0	0	29410943	0	/admin/php.php
1	0	0	0	1	0	0	29416687	0	0	29416687	0	/database.json
1	0	0	0	1	0	0	29418544	0	0	29418544	0	/admin/settings.js
1	0	0	0	1	0	0	29416687	0	0	29416687	0	/app.json
1	0	0	0	3	0	0	29416686	0	0	29408432	0	/configuration
1	0	0	0	1	0	0	29418544	0	0	29418544	0	/assets/js/config.js
1	0	0	0	2	0	0	29388057	0	0	29347950	0	/scripts/info.php.save
1	0	0	0	1	0	0	29416686	0	0	29416686	0	/config/environment.rb
1	0	0	0	2	0	0	29418544	0	0	29334240	0	/config/storage.yml
1	0	0	0	2	0	0	29418544	0	0	29334240	0	/config/parameters.yml
1	0	0	0	2	0	0	29388057	0	0	29347949	0	/vendor/.env.save
1	0	0	0	1	0	0	29410943	0	0	29410943	0	/static/info.php
1	0	0	0	2	0	0	29418033	0	0	29410943	0	/3.php
1	0	0	0	1	0	0	29416686	0	0	29416686	0	/config/master.key
1	0	0	2	2	0	29409114	29406808	0	29409114	29406808	0	/v3/api-docs
1	0	0	0	3	0	0	29410943	0	0	29347950	0	/www/phpinfo.php
1	0	0	0	1	0	0	29418544	0	0	29418544	0	/package-lock.json
1	0	0	0	2	0	0	29410943	0	0	29347950	0	/scripts/phpinfo.php
1	0	0	0	1	0	0	29418545	0	0	29418545	0	/api/payment
1	0	0	0	1	0	0	29418544	0	0	29418544	0	/stripe.yml
1	0	0	0	4	0	0	29418033	0	0	29347949	0	/i.php
1	0	0	0	1	0	0	29410943	0	0	29410943	0	/var/log/apache2/error.log
1	0	0	0	1	0	0	29410943	0	0	29410943	0	/wp-config.php.save
1	0	0	0	2	0	0	29408488	0	0	29408432	0	/mailgun
1	0	0	0	2	0	0	29418544	0	0	29416686	0	/package.json
1	0	0	0	2	0	0	29388056	0	0	29347948	0	/api/.env.bak
1	0	0	0	2	0	0	29418032	0	0	29410943	0	/database.sql
1	0	0	0	1	0	0	29418544	0	0	29418544	0	/payments.json
1	0	0	0	1	0	0	29416685	0	0	29416685	0	/.config/stripe/config.toml
1	0	0	0	1	0	0	29416687	0	0	29416687	0	/frontend/env.json
1	0	0	0	1	0	0	29418544	0	0	29418544	0	/build/static/js/bundle.js
1	0	0	0	2	0	0	29388057	0	0	29347950	0	/public/info.php.save
1	0	0	0	1	0	0	29418544	0	0	29418544	0	/config/local.js
1	0	0	0	1	0	0	29416686	0	0	29416686	0	/aws/config.properties
1	0	0	0	1	0	0	29334237	0	0	29334237	0	/new/.env.staging
1	0	0	0	1	0	0	29418544	0	0	29418544	0	/payment.config.json
1	0	0	0	6	0	0	29418544	0	0	29407967	0	/settings.json
1	0	0	0	2	0	0	29418543	0	0	29334240	0	/.env_sample
1	0	0	0	1	0	0	29418544	0	0	29418544	0	/stripe.log
1	0	0	0	1	0	0	29410943	0	0	29410943	0	/public/test.php
1	0	0	0	1	0	0	29416687	0	0	29416687	0	/local.json
1	0	0	0	4	0	0	29418543	0	0	29334240	0	/.env.prod
1	0	0	0	1	0	0	29418544	0	0	29418544	0	/config/production.js
1	0	0	0	6	0	0	29418544	0	0	29334240	0	/admin/.env
1	0	0	0	11	0	0	29349242	0	0	29319081	0	/js/twint_ch.js
1	0	0	0	3	0	0	29410943	0	0	29347949	0	/includes/.env
1	0	0	0	2	0	0	29410943	0	0	29407967	0	/v1/.env
1	0	0	0	1	0	0	29418544	0	0	29418544	0	/billing.js
1	0	0	0	2	0	0	29408489	0	0	29408432	0	/brevo.php
1	0	0	0	6	0	0	29418543	0	0	29347948	0	/.env.backup
1	0	0	0	1	0	0	29418544	0	0	29418544	0	/routes/checkout.js
1	0	0	0	1	0	0	29416686	0	0	29416686	0	/stripe_api.json
1	0	0	0	1	0	0	29410943	0	0	29410943	0	/backup/info.php
1	0	0	2	2	0	29409114	29406808	0	29409114	29406808	0	/swagger-ui.html
1	0	0	0	2	0	0	29388057	0	0	29347950	0	/dev/phpinfo.php.save
1	4	4	2	0	29406808	29409114	0	29337131	29409114	0	0	/?rest_route=/wp/v2/users/
1	0	0	0	2	0	0	29418033	0	0	29410943	0	/var/www/html/error_log
1	0	0	0	3	0	0	29410943	0	0	29347950	0	/test/phpinfo.php
1	0	0	2	4	0	29409114	29406808	0	29409114	29337131	0	/_all_dbs
1	0	0	0	2	0	0	29418544	0	0	29410943	0	/server/.env
1	0	0	0	2	0	0	29418544	0	0	29334240	0	/config.env
1	0	0	0	2	0	0	29418544	0	0	29334240	0	/backend/config/settings.yml
1	0	0	0	1	0	0	29418544	0	0	29418544	0	/openapi.json
1	0	0	0	3	0	0	29418544	0	0	29334240	0	/api/config.js
1	0	0	0	2	0	0	29418544	0	0	29416687	0	/yarn.lock
1	0	0	0	1	0	0	29416686	0	0	29416686	0	/.aws/secrets
1	0	0	0	2	0	0	29408488	0	0	29408432	0	/admin
1	0	0	0	1	0	0	29416687	0	0	29416687	0	/app.ini
1	0	0	0	91	0	0	29448700	0	0	29318990	0	/favicon.ico
1	0	0	0	2	0	0	29418544	0	0	29334240	0	/user/controllers/index.js
1	0	0	0	1	0	0	29418544	0	0	29418544	0	/config/stripe.json
1	0	0	0	2	0	0	29408489	0	0	29408432	0	/info
1	0	0	0	1	0	0	29418544	0	0	29418544	0	/config/credentials.json
1	0	0	0	2	0	0	29418033	0	0	29410943	0	/k8s-config.yml
1	0	0	0	6	0	0	29418543	0	0	29334236	0	/api/.env
1	0	0	0	3	0	0	29436871	0	0	29435893	0	/vendor/laravel-filemanager/js/script.js
1	0	0	0	2	0	0	29418033	0	0	29410943	0	/php-info.php
1	0	0	0	2	0	0	29388057	0	0	29347949	0	/test.php.swp
1	0	0	0	3	0	0	29418544	0	0	29334240	0	/backend/.env
1	0	0	0	4	0	0	29410943	0	0	29347949	0	/lib/.env
1	0	0	0	2	0	0	29418033	0	0	29410943	0	/site-backup.zip
1	0	0	0	3	0	0	29410943	0	0	29347949	0	/test.php.tmp
1	0	0	0	2	0	0	29388057	0	0	29347950	0	/site/info.php.save
1	0	0	0	1	0	0	29410943	0	0	29410943	0	/web/test.php
1	0	0	0	1	0	0	29416686	0	0	29416686	0	/config/routes.rb
1	0	0	2	2	0	29409114	29406808	0	29409114	29406808	0	/graphql/api
1	0	0	0	1	0	0	29410943	0	0	29410943	0	/var/log/nginx/error.log
1	0	0	0	1	0	0	29416042	0	0	29416042	0	/_fragment?_path=what%3D-1%26_controller%3Dphpinfo&_hash=62cK5RhHcJBW8JI1YHqradfGDi4RmCBsiZzZ65A0UBs%3D
1	0	0	0	1	0	0	29410943	0	0	29410943	0	/.config
1	0	0	0	4	0	0	29418033	0	0	29407590	0	/.docker/config.json
1	0	0	0	1	0	0	29334240	0	0	29334240	0	/helper/EmailHelper.js
1	0	0	0	2	0	0	29388056	0	0	29347949	0	/includes/.env.old
1	0	0	0	7	0	0	29418544	0	0	29407967	0	/secrets.json
1	0	0	0	1	0	0	29418544	0	0	29418544	0	/controllers/stripe.js
1	47	47	0	0	29320192	0	0	29319062	0	0	141069	/crash-assistant/
1	0	0	0	4	0	0	29418033	0	0	29347949	0	/php.php
1	0	0	0	1	0	0	29334240	0	0	29334240	0	/my_env/palash.py
1	0	0	0	2	0	0	29418544	0	0	29334240	0	/server/config/database.js
1	2	2	0	0	29319033	0	0	29319030	0	0	1464	/crash-assistant/issues/1/
1	0	0	0	1	0	0	29418544	0	0	29418544	0	/payments.config.js
1	0	0	0	1	0	0	29418544	0	0	29418544	0	/public/js/bundle.js
1	0	0	0	3	0	0	29410943	0	0	29347949	0	/info.php.bak
1	0	0	0	2	0	0	29388056	0	0	29347948	0	/.env.dev
1	0	0	0	2	0	0	29418544	0	0	29334240	0	/main/.env
1	0	0	0	6	0	0	29418033	0	0	29407967	0	/aws.json
1	0	0	0	1	0	0	29418544	0	0	29418544	0	/services/.env
1	0	0	0	2	0	0	29418544	0	0	29334240	0	/config/settings.prod
1	0	0	0	3	0	0	29410943	0	0	29347949	0	/assets/.env
1	0	0	0	1	0	0	29334240	0	0	29334240	0	/config/aws.yml
1	0	0	0	1	0	0	29418544	0	0	29418544	0	/controllers/checkout.js
1	0	0	0	1	0	0	29418544	0	0	29418544	0	/api/.env.production
1	0	0	0	1	0	0	29418544	0	0	29418544	0	/services/checkout.js
1	0	0	0	1	0	0	29418544	0	0	29418544	0	/config/production.json
1	0	0	0	1	0	0	29410943	0	0	29410943	0	/settings/config.php
1	0	0	0	1	0	0	29416686	0	0	29416686	0	/local.settings.json
1	0	0	0	1	0	0	29418544	0	0	29418544	0	/config/payments.js
1	0	0	0	3	0	0	29418033	0	0	29407967	0	/php_error.log
1	0	0	0	1	0	0	29416687	0	0	29416687	0	/database.properties
1	0	0	0	3	0	0	29410943	0	0	29347950	0	/includes/info.php
1	0	0	0	3	0	0	29418545	0	0	29334240	0	/admin/config
1	0	0	0	1	0	0	29410943	0	0	29410943	0	/dev/test.php
1	0	0	0	1	0	0	29418544	0	0	29418544	0	/api/checkout.js
1	0	0	0	2	0	0	29388056	0	0	29347949	0	/lib/.env.old
1	0	0	0	2	0	0	29388056	0	0	29347949	0	/application/.env.save
1	0	0	0	1	0	0	29418544	0	0	29418544	0	/payment.py
1	0	0	0	1	0	0	29416686	0	0	29416686	0	/local_settings.py
1	0	0	0	3	0	0	29416686	0	0	29408432	0	/env
1	0	0	0	1	0	0	29334240	0	0	29334240	0	/my_env/newsletter.py
1	0	0	0	2	0	0	29418033	0	0	29410943	0	/backup.zip
1	0	0	0	1	0	0	29418544	0	0	29418544	0	/api-keys.js
1	0	0	0	1	0	0	29416686	0	0	29416686	0	/.env.php
1	0	0	0	1	0	0	29334240	0	0	29334240	0	/debug/default/view
1	0	0	0	1	0	0	29418544	0	0	29418544	0	/services/payment.js
1	0	0	0	2	0	0	29418545	0	0	29319000	0	/.htaccess
1	0	0	0	1	0	0	29418544	0	0	29418544	0	/assets/js/bundle.js
1	0	0	0	2	0	0	29418544	0	0	29334240	0	/index.js
1	0	0	0	4	0	0	29418544	0	0	29334240	0	/application/.env
1	0	0	0	1	0	0	29418544	0	0	29418544	0	/api/config/stripe.js
1	0	0	0	3	0	0	29416686	0	0	29408432	0	/app.config.js
1	0	0	0	1	0	0	29418544	0	0	29418544	0	/appsettings.Production.json
1	0	0	0	1	0	0	29418544	0	0	29418544	0	/backend/.env.local
1	0	0	0	2	0	0	29418544	0	0	29334240	0	/.circleci/configs/development.yml
1	0	0	0	1	0	0	29418544	0	0	29418544	0	/js/payment.js
1	0	0	0	1	0	0	29418544	0	0	29418544	0	/config/stripe.yml
1	0	0	0	1	0	0	29410943	0	0	29410943	0	/files/phpinfo.php
1	0	0	0	1	0	0	29418545	0	0	29418545	0	/vendor/stripe/
1	0	0	0	3	0	0	29436871	0	0	29435893	0	/public/_ignition/execute-solution
1	0	0	0	2	0	0	29388057	0	0	29347949	0	/themes/.env.save
1	0	0	0	3	0	0	29418033	0	0	29407967	0	/secrets.yml
1	0	0	0	2	0	0	29388057	0	0	29347949	0	/php_info.php~
1	0	0	0	1	0	0	29418544	0	0	29418544	0	/payment.log
1	0	0	0	1	0	0	29418543	0	0	29418543	0	/live/.env
1	0	0	0	1	0	0	29418545	0	0	29418545	0	/static/config.json
1	0	0	0	1	0	0	29410943	0	0	29410943	0	/test/test.php
1	0	0	0	7	0	0	29418033	0	0	29347949	0	/phpversion.php
1	0	0	0	2	0	0	29418544	0	0	29334240	0	/apis/config/config.js
1	1	1	0	0	29334240	0	0	29334240	0	0	0	/?phpinfo=1
1	0	0	0	1	0	0	29418544	0	0	29418544	0	/config/live.js
1	0	0	0	3	0	0	29410943	0	0	29347949	0	/phpinfo.php.save
1	0	0	0	1	0	0	29418544	0	0	29418544	0	/backend/.env.production
1	0	0	1	0	0	29319030	0	0	29319030	0	0	/crash-assistant/issues/1
1	0	0	0	4	0	0	29418033	0	0	29347949	0	/serverinfo.php
1	0	0	0	1	0	0	29418544	0	0	29418544	0	/config/local.json
1	0	0	0	1	0	0	29418543	0	0	29418543	0	/.env.private
1	0	0	0	5	0	0	29421153	0	0	29350813	0	/.git/config?45.148.10.160
1	0	0	0	2	0	0	29388057	0	0	29347950	0	/test/info.php.save
1	0	0	0	2	0	0	29418033	0	0	29410943	0	/p.php
1	0	0	0	1	0	0	29418544	0	0	29418544	0	/stripe-secret.js
1	0	0	0	3	0	0	29418544	0	0	29334237	0	/new/.env.production
1	0	0	0	7	0	0	29418545	0	0	29347948	0	/.env.test
1	0	0	0	1	0	0	29418544	0	0	29418544	0	/config/billing.js
1	0	0	0	1	0	0	29418544	0	0	29418544	0	/api/.env.local
1	0	0	0	2	0	0	29418033	0	0	29410943	0	/probe.php
1	0	0	0	1	0	0	29418545	0	0	29418545	0	/api/stripe/config
1	0	0	0	1	0	0	29418544	0	0	29418544	0	/js/checkout.js
1	0	0	0	1	0	0	29418544	0	0	29418544	0	/payment.config.js
1	0	0	0	4	0	0	29418033	0	0	29347949	0	/check.php
1	0	0	0	1	0	0	29410943	0	0	29410943	0	/includes/config.php
1	0	0	0	1	0	0	29416687	0	0	29416687	0	/local.ini
1	0	0	0	1	0	0	29418545	0	0	29418545	0	/out/
1	0	0	0	3	0	0	29416686	0	0	29408432	0	/admin.php
1	0	0	0	2	0	0	29388057	0	0	29347950	0	/includes/phpinfo.php.save
1	0	0	0	4	0	0	29418033	0	0	29347949	0	/server.php
1	0	0	0	3	0	0	29436871	0	0	29435893	0	/_ignition/execute-solution
1	0	0	0	1	0	0	29418545	0	0	29418545	0	/api/payment/config
1	0	0	0	1	0	0	29418544	0	0	29418544	0	/server/config/payment.js
1	0	0	0	6	0	0	29418543	0	0	29347948	0	/.env.save
1	0	0	0	3	0	0	29418544	0	0	29334240	0	/appsettings.json
1	0	0	0	1	0	0	29418544	0	0	29418544	0	/payment.js
1	0	0	0	2	0	0	29418544	0	0	29334240	0	/partner/config/config.js
1	0	0	0	3	0	0	29418543	0	0	29334236	0	/portal/.env
1	0	0	0	1	0	0	29418544	0	0	29418544	0	/vite.config.js
1	0	0	0	3	0	0	29410943	0	0	29347949	0	/phpinfo.php.old
1	0	0	0	2	0	0	29418544	0	0	29334240	0	/config/constants.js
1	0	0	0	7	0	0	29418543	0	0	29334240	0	/.env.old
1	0	0	0	1	0	0	29416686	0	0	29416686	0	/config/application.rb
1	0	0	0	1	0	0	29416686	0	0	29416686	0	/manage.py
1	0	0	0	3	0	0	29416686	0	0	29408432	0	/aws/config
1	0	0	0	2	0	0	29418544	0	0	29334240	0	/main.js
1	0	0	0	1	0	0	29418544	0	0	29418544	0	/build/main.js
1	0	0	0	4	0	0	29418033	0	0	29407590	0	/.dockerenv
1	0	0	2	2	0	29409114	29406808	0	29409114	29406808	0	/swagger/v1/swagger.json
1	0	0	0	2	0	0	29418544	0	0	29334240	0	/api/config/config.yml
1	0	0	0	2	0	0	29418033	0	0	29410943	0	/docker-compose.override.yml
1	0	0	0	5	0	0	29418545	0	0	29408432	0	/wp-config.php
1	0	0	0	1	0	0	29418545	0	0	29418545	0	/settings/stripe
1	0	0	0	1	0	0	29418544	0	0	29418544	0	/stripe_config.js
1	0	0	0	5	0	0	29418544	0	0	29334240	0	/application.properties
1	0	0	0	6	0	0	29418544	0	0	29334240	0	/core/.env
1	0	0	0	2	0	0	29408489	0	0	29408432	0	/brevo
1	0	0	0	2	0	0	29410943	0	0	29407967	0	/psnlink/.env
1	0	0	0	1	0	0	29410943	0	0	29410943	0	/admin/config.php
1	0	0	0	1	0	0	29418545	0	0	29418545	0	/checkout/config
1	0	0	1	9	0	29409114	29340251	0	29409114	29318988	0	/actutor/env
1	0	0	0	2	0	0	29388056	0	0	29347949	0	/includes/.env.bak
1	0	0	0	1	0	0	29334240	0	0	29334240	0	/my_env/chakaash.py
1	0	0	2	11	0	29409114	29418544	0	29409114	29334240	0	/config.json
1	0	0	0	1	0	0	29334240	0	0	29334240	0	/main.yml
1	0	0	0	3	0	0	29418033	0	0	29407967	0	/errors.log
1	0	0	0	1	0	0	29418544	0	0	29418544	0	/stripe-keys.js
1	0	0	2	4	0	29409114	29406808	0	29409114	29337131	0	/about
1	0	0	2	14	0	29409114	29418544	0	29409114	29334240	0	/info.php
1	0	0	0	3	0	0	29416686	0	0	29408432	0	/settings
1	0	0	0	7	0	0	29435474	0	0	29422937	0	/api/action
1	0	0	0	3	0	0	29410943	0	0	29347950	0	/web/phpinfo.php
1	0	0	0	1	0	0	29418544	0	0	29418544	0	/js/config.js
1	0	0	0	2	0	0	29388057	0	0	29347949	0	/modules/.env.save
1	0	0	0	2	0	0	29418544	0	0	29334240	0	/api/shared/config/config.env
1	0	0	0	2	0	0	29410943	0	0	29407967	0	/en/.env
1	0	0	0	7	0	0	29418543	0	0	29347948	0	/.env.staging
1	0	0	0	1	0	0	29334240	0	0	29334240	0	/server-info
1	0	0	0	2	0	0	29388057	0	0	29347949	0	/storage/.env.old
1	0	0	0	1	0	0	29418544	0	0	29418544	0	/middleware/stripe.js
1	0	0	0	4	0	0	29418033	0	0	29407590	0	/auth.json
1	0	0	2	4	0	29409114	29406808	0	29409114	29337131	0	/ecp/Current/exporttool/microsoft.exchange.ediscovery.exporttool.application
1	0	0	0	3	0	0	29410943	0	0	29347950	0	/cgi-bin/phpinfo.php
1	0	0	0	1	0	0	29418544	0	0	29418544	0	/routes/payment.js
1	0	0	0	2	0	0	29388056	0	0	29347948	0	/.env.dist
1	0	0	0	2	0	0	29388056	0	0	29347949	0	/lib/.env.bak
1	0	0	0	4	0	0	29418544	0	0	29408432	0	/composer.json
1	0	0	0	2	0	0	29418033	0	0	29410943	0	/logs/application.log
1	0	0	0	1	0	0	29418544	0	0	29418544	0	/composer.lock
1	0	0	0	2	0	0	29408488	0	0	29408432	0	/credentials
1	0	0	0	1	0	0	29418544	0	0	29418544	0	/logs/app.log
1	0	0	0	5	0	0	29416686	0	0	29407967	0	/config.php
1	0	0	0	1	0	0	29418544	0	0	29418544	0	/public/js/stripe.js
1	0	0	0	1	0	0	29416686	0	0	29416686	0	/env.local
1	0	0	0	1	0	0	29418544	0	0	29418544	0	/dist/bundle.js
1	0	0	2	4	0	29409114	29406808	0	29409114	29337131	0	/server
1	0	0	0	1	0	0	29416687	0	0	29416687	0	/client/config.js
1	0	0	0	2	0	0	29388057	0	0	29347949	0	/test.php~
1	0	0	0	3	0	0	29418033	0	0	29407967	0	/.azure/credentials
1	0	0	0	1	0	0	29416686	0	0	29416686	0	/config/database.json
1	0	0	0	1	0	0	29334240	0	0	29334240	0	/server-info.php
1	0	0	0	1	0	0	29334240	0	0	29334240	0	/configs/s3_config.json
1	0	0	0	2	0	0	29408489	0	0	29408432	0	/mailgun.php
1	0	0	0	2	0	0	29418544	0	0	29334240	0	/api/shared/.env
1	0	0	0	2	0	0	29388057	0	0	29347950	0	/test/phpinfo.php.save
1	0	0	0	1	0	0	29418544	0	0	29418544	0	/stripe-config.js
1	0	0	0	1	0	0	29418544	0	0	29418544	0	/.stripe
1	0	0	0	8	0	0	29418032	0	0	29334236	0	/phpinfo
1	0	0	0	1	0	0	29410943	0	0	29410943	0	/log/error.log
1	0	0	0	2	0	0	29408488	0	0	29408432	0	/env.yaml
1	0	0	0	2	0	0	29388057	0	0	29347950	0	/cgi-bin/info.php.save
1	0	0	0	1	0	0	29416686	0	0	29416686	0	/stripe.ini
1	0	0	0	2	0	0	29388056	0	0	29347948	0	/admin/.env.old
1	0	0	0	4	0	0	29418033	0	0	29347949	0	/php_version.php
1	0	0	0	1	0	0	29416686	0	0	29416686	0	/config/initializers/secret_token.rb
1	5	5	0	0	29319097	0	0	29319034	0	0	4924	/crash-assistant/issues/
1	0	0	0	1	0	0	29416686	0	0	29416686	0	/django.env
1	0	0	0	1	0	0	29418544	0	0	29418544	0	/assets/js/stripe.js
1	4	4	0	0	29333519	0	0	29324745	0	0	0	/?149.57.180.128
1	0	0	0	1	0	0	29418544	0	0	29418544	0	/config/payments.json
1	0	0	0	1	0	0	29418544	0	0	29418544	0	/public/js/app.js
1	0	0	0	1	0	0	29410943	0	0	29410943	0	/wp-config.php.old
1	0	0	0	1	0	0	29416686	0	0	29416686	0	/aws_keys.py
1	0	0	0	1	0	0	29418544	0	0	29418544	0	/server/config/stripe.js
1	0	0	0	2	0	0	29418033	0	0	29410943	0	/dump.sql
1	0	0	0	1	0	0	29410943	0	0	29410943	0	/www/test.php
1	0	0	0	2	0	0	29388056	0	0	29347949	0	/includes/.env.save
1	0	0	0	3	0	0	29418544	0	0	29334240	0	/settings.py
1	0	0	0	1	0	0	29416686	0	0	29416686	0	/aws/access-keys.js
1	0	0	0	2	0	0	29388057	0	0	29347950	0	/cgi-bin/phpinfo.php.save
1	0	0	0	2	0	0	29418544	0	0	29334240	0	/config/settings.json
1	0	0	0	1	0	0	29416686	0	0	29416686	0	/settings.rb
1	0	0	0	1	0	0	29418544	0	0	29418544	0	/test.js
1	0	0	0	1	0	0	29418544	0	0	29418544	0	/Jenkinsfile
1	0	0	0	1	0	0	29334240	0	0	29334240	0	/dashboard/phpinfo.php
1	0	0	0	1	0	0	29418545	0	0	29418545	0	/admin/stripe
1	0	0	0	3	0	0	29416686	0	0	29407968	0	/config/secrets.yml
1	0	0	0	3	0	0	29334238	0	0	29334238	0	/env.backup
1	0	0	0	1	0	0	29410943	0	0	29410943	0	/files/info.php
1	0	0	0	3	0	0	29410943	0	0	29347950	0	/admin/info.php
1	0	0	0	1	0	0	29416686	0	0	29416686	0	/stripe-credentials.json
1	0	0	0	1	0	0	29418545	0	0	29418545	0	/admin/settings
1	0	0	0	3	0	0	29410943	0	0	29347950	0	/includes/phpinfo.php
1	0	0	0	1	0	0	29334240	0	0	29334240	0	/getcpuutil.php-bakworking
1	0	0	0	2	0	0	29418544	0	0	29334240	0	/config/settings.local
1	0	0	0	1	0	0	29416687	0	0	29416687	0	/public/config.js
1	0	0	0	1	0	0	29418544	0	0	29418544	0	/lambda/.env
1	0	0	0	3	0	0	29410943	0	0	29347949	0	/phpinfo.php.bak
1	0	0	0	9	0	0	29418543	0	0	29334240	0	/.env.bak
1	0	0	0	5	0	0	29418544	0	0	29334237	0	/new/.env
1	0	0	5	182	0	29409287	29449722	0	29409232	29319118	0	/robots.txt
1	0	0	0	5	0	0	29418033	0	0	29347948	0	/.env.sample
1	0	0	0	1	0	0	29418545	0	0	29418545	0	/build/
1	0	0	0	2	0	0	29418544	0	0	29410943	0	/frontend/.env
1	0	0	0	1	0	0	29418544	0	0	29418544	0	/config/payment.js
1	0	0	0	2	0	0	29418544	0	0	29334240	0	/nginx/.env
1	0	0	0	1	0	0	29416686	0	0	29416686	0	/stripe.properties
1	0	0	0	1	0	0	29319160	0	0	29319160	0	/crash-assistant/undefined
1	0	0	0	1	0	0	29410943	0	0	29410943	0	/old/phpinfo.php
1	0	0	0	2	0	0	29408489	0	0	29408432	0	/php
1	0	0	0	3	0	0	29334238	0	0	29334237	0	/aws-secret.yaml
1	0	0	0	1	0	0	29418545	0	0	29418545	0	/api/billing/config
1	0	0	0	3	0	0	29410943	0	0	29347949	0	/php_info.php.old
1	0	0	0	6	0	0	29418544	0	0	29334240	0	/public/.env
1	0	0	0	2	0	0	29388057	0	0	29347950	0	/web/phpinfo.php.save
1	0	0	0	1	0	0	29416686	0	0	29416686	0	/env.prod
1	0	0	0	3	0	0	29436871	0	0	29435893	0	/vendor/phpunit/phpunit/src/Util/PHP/eval-stdin.php
1	0	0	0	1	0	0	29418544	0	0	29418544	0	/controllers/billing.js
1	0	0	2	2	0	29409114	29406808	0	29409114	29406808	0	/v2/api-docs
1	0	0	0	3	0	0	29410943	0	0	29347949	0	/info.php.save
1	0	0	0	2	0	0	29410943	0	0	29407967	0	/exapi/.env
1	0	0	0	3	0	0	29418033	0	0	29407967	0	/gcp-credentials.json
1	0	0	2	2	0	29409114	29406808	0	29409114	29406808	0	/api/gql
1	0	0	0	2	0	0	29418543	0	0	29418543	0	/stripe/.env
1	0	0	0	1	0	0	29418545	0	0	29418545	0	/public/stripe.json
1	0	0	0	2	0	0	29410943	0	0	29407967	0	/sitemaps/.env
1	0	0	0	2	0	0	29388056	0	0	29347948	0	/app/.env.save
1	0	0	0	1	0	0	29334240	0	0	29334240	0	/secured/phpinfo.php
1	0	0	0	4	0	0	29418033	0	0	29347949	0	/info2.php
1	0	0	0	3	0	0	29410943	0	0	29347950	0	/public/phpinfo.php
1	0	0	0	1	0	0	29418544	0	0	29418544	0	/lib/stripe.js
1	0	0	0	1	0	0	29416686	0	0	29416686	0	/config/credentials.yml.enc
1	0	0	0	1	0	0	29410943	0	0	29410943	0	/assets/phpinfo.php
1	0	0	0	2	0	0	29388057	0	0	29347950	0	/www/phpinfo.php.save
1	0	0	0	2	0	0	29418544	0	0	29416686	0	/api/stripe.js
1	0	0	0	1	0	0	29418544	0	0	29418544	0	/config/payment.json
1	0	0	2	4	0	29409114	29418544	0	29409114	29334240	0	/swagger.json
1	0	0	2	2	0	29409114	29406808	0	29409114	29406808	0	/api-docs/swagger.json
1	0	0	0	1	0	0	29416686	0	0	29416686	0	/stripe/secrets.json
1	0	0	0	2	0	0	29332034	0	0	29327224	0	/robots.txt?79.217.216.128
1	0	0	0	1	0	0	29418544	0	0	29418544	0	/settings.js
1	0	0	0	1	0	0	29418544	0	0	29418544	0	/jenkins.yml
1	0	0	0	3	0	0	29418033	0	0	29407967	0	/.gcloud/credentials
1	0	0	0	1	0	0	29416687	0	0	29416687	0	/src/config/api.js
1	0	0	0	1	0	0	29418544	0	0	29418544	0	/billing.json
1	0	0	0	2	0	0	29418544	0	0	29416686	0	/stripe-keys.json
1	0	0	0	2	0	0	29418544	0	0	29416686	0	/secrets.py
1	0	0	0	2	0	0	29388057	0	0	29347949	0	/storage/.env.bak
1	0	0	2	4	0	29409114	29406808	0	29409114	29337131	0	/s/1333e26373e2231313e24373/_/
1	0	0	0	1	0	0	29418544	0	0	29418544	0	/checkout.json
1	0	0	0	1	0	0	29418544	0	0	29418544	0	/static/js/runtime-main.js
1	0	0	0	1	0	0	29416686	0	0	29416686	0	/secrets.rb
1	0	0	0	3	0	0	29418033	0	0	29407967	0	/.env.remote
1	0	0	0	1	0	0	29418544	0	0	29418544	0	/js/bundle.js
1	0	0	0	1	0	0	29416686	0	0	29416686	0	/.env.django
1	0	0	0	1	0	0	29418544	0	0	29418544	0	/static/js/2.chunk.js
1	0	0	0	3	0	0	29410943	0	0	29347950	0	/site/phpinfo.php
1	0	0	0	3	0	0	29410943	0	0	29347949	0	/php_info.php.save
1	0	0	0	2	0	0	29408488	0	0	29408432	0	/mailgun.json
1	0	0	0	1	0	0	29418545	0	0	29418545	0	/api/checkout/config
1	0	0	0	2	0	0	29418544	0	0	29334240	0	/config/config.json
1	0	0	0	2	0	0	29418543	0	0	29334240	0	/.env.stage
1	0	0	0	3	0	0	29334239	0	0	29334239	0	/lara/info.php
1	0	0	0	1	0	0	29416687	0	0	29416687	0	/config/client.js
1	0	0	0	1	0	0	29416686	0	0	29416686	0	/aws-credentials.json
1	0	0	0	5	0	0	29418544	0	0	29407590	0	/docker-compose.yml
1	0	0	0	2	0	0	29418033	0	0	29410943	0	/app/logs/dev.log
1	0	0	0	1	0	0	29418544	0	0	29418544	0	/keys.py
1	0	0	0	1	0	0	29418545	0	0	29418545	0	/api/stripe/keys
1	0	0	0	6	0	0	29418545	0	0	29321803	0	/sitemap.xml
1	0	0	0	2	0	0	29388056	0	0	29347949	0	/public/.env.old
1	0	0	0	3	0	0	29418544	0	0	29410943	0	/.dockerignore
1	0	0	0	2	0	0	29410943	0	0	29407967	0	/v2/.env
1	0	0	3	0	0	29319076	0	0	29319062	0	0	/crash-assistant
1	15	0	0	0	29409287	0	0	29364392	0	0	114570	/cgi-sys/suspendedpage.cgi
1	0	0	0	2	0	0	29408489	0	0	29408432	0	/brevo.json
1	0	0	0	1	0	0	29416686	0	0	29416686	0	/stripe-config.yaml
1	0	0	0	1	0	0	29416686	0	0	29416686	0	/django/secrets.json
1	0	0	0	1	0	0	29418545	0	0	29418545	0	/.next/static/
1	0	0	0	2	0	0	29418033	0	0	29410943	0	/info_php.php
1	0	0	0	1	0	0	29416686	0	0	29416686	0	/aws-env.json
1	0	0	0	1	0	0	29418544	0	0	29418544	0	/backend/config.js
1	0	0	0	2	0	0	29418543	0	0	29418543	0	/payment/.env
1	0	0	0	2	0	0	29388056	0	0	29347948	0	/admin/.env.bak
1	0	0	0	1	0	0	29418544	0	0	29418544	0	/build/js/main.js
1	0	0	0	2	0	0	29418544	0	0	29334240	0	/public/js/main.js
1	0	0	0	1	0	0	29418544	0	0	29418544	0	/stripe-secret.json
1	0	0	2	3	0	29409114	29418544	0	29409114	29406808	0	/api/swagger.json
1	0	0	0	5	0	0	29418033	0	0	29347949	0	/php_info.php
1	0	0	0	3	0	0	29410943	0	0	29347950	0	/public/info.php
1	0	0	0	1	0	0	29410943	0	0	29410943	0	/wp-config.php~
1	0	0	0	1	0	0	29410943	0	0	29410943	0	/.wp-config.php.swp
1	0	0	0	3	0	0	29418545	0	0	29334240	0	/wp-config.php.bak
1	0	0	1	0	0	29319033	0	0	29319033	0	0	/crash-assistant/issues
1	0	0	0	2	0	0	29418544	0	0	29334240	0	/helper.js
1	0	0	0	1	0	0	29416686	0	0	29416686	0	/.ruby-version
1	0	0	0	1	0	0	29418544	0	0	29418544	0	/config/private.js
1	0	0	0	2	0	0	29418544	0	0	29334240	0	/app/config/parameters.yml
1	0	0	0	1	0	0	29418544	0	0	29418544	0	/src/config.js
1	0	0	0	2	0	0	29388056	0	0	29347949	0	/application/.env.old
1	0	0	0	1	0	0	29416687	0	0	29416687	0	/secrets.ini
1	0	0	0	4	0	0	29410943	0	0	29347949	0	/vendor/.env
1	0	0	0	2	0	0	29418544	0	0	29416686	0	/secrets.js
1	0	0	0	1	0	0	29410943	0	0	29410943	0	/database/.env
1	0	0	0	3	0	0	29410943	0	0	29347950	0	/scripts/info.php
1	0	0	0	2	0	0	29418033	0	0	29410943	0	/2.php
1	0	0	0	4	0	0	29418033	0	0	29407590	0	/.secrets
1	0	0	0	7	0	0	29418543	0	0	29334237	0	/app/.env
1	0	0	0	1	0	0	29418544	0	0	29418544	0	/server/config.js
1	0	0	0	1	0	0	29418544	0	0	29418544	0	/next.config.js
1	0	0	0	2	0	0	29388057	0	0	29347949	0	/modules/.env.old
1	0	0	0	1	0	0	29418544	0	0	29418544	0	/var/log/app.log
1	0	0	0	1	0	0	29418545	0	0	29418545	0	/config.bak
1	0	0	0	1	0	0	29334240	0	0	29334240	0	/cloud/Scraper.js
1	0	0	0	1	0	0	29334237	0	0	29334237	0	/_phpinfo.php
1	0	0	0	1	0	0	29410943	0	0	29410943	0	/config/mail.php
1	0	0	0	4	0	0	29418544	0	0	29334240	0	/site/.env
1	0	0	0	1	0	0	29418544	0	0	29418544	0	/logs/stripe.log
1	0	0	0	3	0	0	29334239	0	0	29334239	0	/xampp/phpinfo.php
1	0	0	0	3	0	0	29418544	0	0	29408432	0	/keys.js
1	0	0	0	11	0	0	29349242	0	0	29319081	0	/css/support_parent.css
1	0	0	0	1	0	0	29416687	0	0	29416687	0	/node.config.json
1	0	0	0	1	0	0	29334240	0	0	29334240	0	/mail/.env
1	0	0	0	1	0	0	29416686	0	0	29416686	0	/Gemfile.lock
1	0	0	0	2	0	0	29410943	0	0	29407967	0	/uploads/.env
1	0	0	0	3	0	0	29410943	0	0	29347949	0	/php_info.php.bak
1	0	0	0	2	0	0	29388057	0	0	29347949	0	/php_info.php.backup
1	0	0	2	2	0	29409114	29406808	0	29409114	29406808	0	/swagger/swagger-ui.html
1	0	0	0	1	0	0	29416687	0	0	29416687	0	/env.properties
1	0	0	2	2	0	29409114	29406808	0	29409114	29406808	0	/api
1	0	0	0	1	0	0	29418544	0	0	29418544	0	/admin/config.js
1	0	0	0	1	0	0	29418545	0	0	29418545	0	/src/utils/stripe.js
1	0	0	0	3	0	0	29410943	0	0	29347950	0	/web/info.php
1	0	0	0	2	0	0	29418033	0	0	29410943	0	/config.zip
1	0	0	0	44	0	0	29447016	0	0	29340599	0	/robots.txt?45.148.10.160
1	0	0	0	1	0	0	29416687	0	0	29416687	0	/aws.properties
1	0	0	0	2	0	0	29388057	0	0	29347949	0	/plugins/.env.save
1	0	0	0	1	0	0	29378216	0	0	29378216	0	/.gitignore?45.148.10.160
1	0	0	0	2	0	0	29418033	0	0	29410943	0	/infophp.php
1	0	0	0	1	0	0	29416686	0	0	29416686	0	/.aws/config.bak
1	0	0	0	2	0	0	29418544	0	0	29334240	0	/local/.env
1	0	0	0	1	0	0	29410943	0	0	29410943	0	/htdocs/info.php
1	0	0	0	2	0	0	29418544	0	0	29416687	0	/config/secrets.json
1	0	0	0	3	0	0	29418033	0	0	29407967	0	/tokens.json
1	0	0	0	4	0	0	29418544	0	0	29347948	0	/src/.env
1	0	0	0	1	0	0	29418544	0	0	29418544	0	/config/config.js
1	0	0	0	2	0	0	29388057	0	0	29347950	0	/public/phpinfo.php.save
1	0	0	0	4	0	0	29418544	0	0	29334240	0	/web/.env
1	0	0	0	1	0	0	29410943	0	0	29410943	0	/info.php.txt
1	0	0	0	1	0	0	29418545	0	0	29418545	0	/app/api/payment/route.js
1	0	0	0	1	0	0	29418544	0	0	29418544	0	/controllers/payment.js
1	0	0	0	1	0	0	29418544	0	0	29418544	0	/utils/stripe.js
1	0	0	0	4	0	0	29418033	0	0	29347949	0	/pi.php
1	0	0	0	1	0	0	29416686	0	0	29416686	0	/aws/config.ini
1	0	0	0	2	0	0	29410943	0	0	29407967	0	/app.config
1	0	0	0	2	0	0	29418544	0	0	29334238	0	/conf/.env
1	0	0	0	3	0	0	29410943	0	0	29347950	0	/dev/info.php
1	0	0	0	1	0	0	29416686	0	0	29416686	0	/app/settings/production.py
1	0	0	0	1	0	0	29418544	0	0	29418544	0	/application.yaml
1	0	0	0	4	0	0	29418544	0	0	29407967	0	/error.log
1	0	0	0	2	0	0	29418544	0	0	29334240	0	/static/js/main.141b0494.js
1	0	0	0	1	0	0	29416687	0	0	29416687	0	/user.properties
1	0	0	0	1	0	0	29418545	0	0	29418545	0	/config.backup
1	0	0	0	2	0	0	29388056	0	0	29347949	0	/public/.env.bak
1	0	0	0	2	0	0	29418544	0	0	29334239	0	/.vscode/.env
1	0	0	0	2	0	0	29388056	0	0	29347949	0	/system/.env.old
1	0	0	0	6	0	0	29418544	0	0	29407967	0	/config.yml
1	0	0	0	2	0	0	29388057	0	0	29347950	0	/includes/info.php.save
1	0	0	0	1	0	0	29334240	0	0	29334240	0	/.AWS_/credentials
1	0	0	0	1	0	0	29418544	0	0	29418544	0	/payment-config.js
1	0	0	0	3	0	0	29410943	0	0	29347949	0	/test.php.old
1	0	0	0	1	0	0	29418544	0	0	29418544	0	/dist/main.js
1	0	0	0	1	0	0	29418544	0	0	29418544	0	/helpers/payment.js
1	0	0	0	1	0	0	29418544	0	0	29418544	0	/config/settings.js
1	0	0	0	1	0	0	29418544	0	0	29418544	0	/docs/swagger.json
1	0	0	0	1	0	0	29418544	0	0	29418544	0	/js/stripe.js
1	0	0	0	1	0	0	29418544	0	0	29418544	0	/checkout.py
1	0	0	0	2	0	0	29408488	0	0	29408432	0	/env.json
1	0	0	0	1	0	0	29334240	0	0	29334240	0	/karma.conf.json
1	0	0	0	1	0	0	29334239	0	0	29334239	0	/laravel/info.php
1	0	0	0	1	0	0	29416686	0	0	29416686	0	/.stripe/keys
1	0	0	0	1	0	0	29416686	0	0	29416686	0	/stripe/secrets.yml
1	0	0	0	2	0	0	29388056	0	0	29347949	0	/assets/.env.save
1	0	0	0	1	0	0	29416687	0	0	29416687	0	/.npmrc
1	0	0	0	1	0	0	29334240	0	0	29334240	0	/kyc/.env
1	0	0	0	7	0	0	29435474	0	0	29422937	0	/apps
1	0	0	0	1	0	0	29418544	0	0	29418544	0	/routes/stripe.js
1	0	0	0	3	0	0	29418545	0	0	29407967	0	/web.config
1	0	0	0	3	0	0	29410943	0	0	29347950	0	/test/info.php
1	0	0	0	2	0	0	29418033	0	0	29410943	0	/db_backup.sql
1	0	0	2	2	0	29409114	29406808	0	29409114	29406808	0	/swagger/
1	0	0	0	1	0	0	29418544	0	0	29418544	0	/dist/app.js
1	0	0	0	1	0	0	29416686	0	0	29416686	0	/.aws/credentials.json
1	0	0	0	1	0	0	29410943	0	0	29410943	0	/inc/config.php
1	0	0	0	1	0	0	29418545	0	0	29418545	0	/admin/keys
1	0	0	0	2	0	0	29418033	0	0	29410943	0	/app/etc/env.php
1	0	0	0	2	0	0	29388057	0	0	29347949	0	/info.php~
1	0	0	0	1	0	0	29410943	0	0	29410943	0	/tmp/test.php
1	0	0	0	7	0	0	29418033	0	0	29334240	0	/.aws/credentials
1	0	0	0	2	0	0	29388056	0	0	29347949	0	/application/.env.bak
1	0	0	0	2	0	0	29418033	0	0	29410943	0	/configuration.php
1	0	0	0	2	0	0	29418033	0	0	29410943	0	/.env.2
1	0	0	8	91	0	29409276	29439653	0	29408854	29318988	0	/.git/config
1	4	4	0	0	29337938	0	0	29321803	0	0	0	/?79.217.216.128
1	0	0	0	2	0	0	29418033	0	0	29410943	0	/.env.1
1	0	0	0	1	0	0	29418543	0	0	29418543	0	/.env.live
1	0	0	0	1	0	0	29418544	0	0	29418544	0	/azure-pipelines.yml
1	0	0	0	1	0	0	29416686	0	0	29416686	0	/.env.stripe
1	0	0	0	2	0	0	29388057	0	0	29347949	0	/modules/.env.bak
1	0	0	0	1	0	0	29418544	0	0	29418544	0	/appsettings.Development.json
1	0	0	0	2	0	0	29418033	0	0	29410943	0	/t.php
1	0	0	0	3	0	0	29418544	0	0	29334237	0	/new/.env.local
1	0	0	0	1	0	0	29418544	0	0	29418544	0	/config/secrets.js
1	0	0	0	1	0	0	29418544	0	0	29418544	0	/modules/payment.js
1	0	0	0	1	0	0	29418545	0	0	29418545	0	/src/services/stripe.js
1	0	0	0	1	0	0	29418544	0	0	29418544	0	/config/keys.json
1	0	0	0	1	0	0	29416686	0	0	29416686	0	/config/settings/local.py
1	0	0	0	2	0	0	29418033	0	0	29410943	0	/security.txt
1	0	0	0	2	0	0	29388057	0	0	29347949	0	/test.php.orig
1	0	0	0	2	0	0	29388057	0	0	29347950	0	/dev/info.php.save
1	0	0	0	1	0	0	29418544	0	0	29418544	0	/checkout.config.js
1	0	0	0	1	0	0	29418544	0	0	29418544	0	/api/billing.js
1	0	0	0	1	0	0	29418545	0	0	29418545	0	/api/keys
1	0	0	0	3	0	0	29418544	0	0	29407967	0	/application.yml
1	0	0	0	1	0	0	29416686	0	0	29416686	0	/aws/secrets.yaml
1	0	0	0	3	0	0	29418544	0	0	29334240	0	/server.js
1	0	0	0	1	0	0	29418544	0	0	29418544	0	/billing.config.js
1	0	0	0	4	0	0	29418033	0	0	29347949	0	/phptest.php
1	0	0	0	1	0	0	29418544	0	0	29418544	0	/api/config/config.json
1	0	0	0	2	0	0	29418544	0	0	29334240	0	/api/shared/config/.env
1	0	0	0	1	0	0	29416687	0	0	29416687	0	/system.ini
1	0	0	0	7	0	0	29435474	0	0	29422937	0	/api/actions
1	0	0	0	2	0	0	29388057	0	0	29347949	0	/info.php.swp
1	0	0	2	4	0	29409114	29406808	0	29409114	29337131	0	/v2/_catalog
1	0	0	0	7	0	0	29418543	0	0	29334240	0	/.env.example
1	0	0	0	1	0	0	29418544	0	0	29418544	0	/checkout.js
1	0	0	0	7	0	0	29435474	0	0	29422937	0	/_next/data
1	0	0	0	4	0	0	29418033	0	0	29407590	0	/apikeys.json
1	0	0	0	2	0	0	29418544	0	0	29334240	0	/api/config.env
1	0	0	0	3	0	0	29410943	0	0	29347950	0	/site/info.php
1	0	0	0	1	0	0	29334240	0	0	29334240	0	/mytest/astech_robot.js
1	0	0	0	1	0	0	29418544	0	0	29418544	0	/config/env/.env
1	0	0	0	1	0	0	29334240	0	0	29334240	0	/api/objects/codes.php.save
1	0	0	0	2	0	0	29388056	0	0	29347949	0	/lib/.env.save
1	0	0	0	3	0	0	29410943	0	0	29347950	0	/admin/phpinfo.php
1	0	0	0	1	0	0	29418544	0	0	29418544	0	/build/static/js/main.js
1	0	0	0	1	0	0	29418544	0	0	29418544	0	/.gitlab-ci.yml
1	0	0	0	3	0	0	29410943	0	0	29347949	0	/info.php.tmp
1	0	0	0	1	0	0	29418544	0	0	29418544	0	/credentials.js
1	0	0	0	1	0	0	29418545	0	0	29418545	0	/app/api/stripe/route.js
1	0	0	0	3	0	0	29410943	0	0	29334238	0	/cron/.env
1	0	0	0	2	0	0	29388057	0	0	29347949	0	/storage/.env.save
1	0	0	0	3	0	0	29418545	0	0	29410943	0	/api/config
1	0	0	0	2	0	0	29388056	0	0	29347948	0	/api/.env.save
1	0	0	0	1	0	0	29416687	0	0	29416687	0	/.properties
1	0	0	0	4	0	0	29449649	0	0	29338710	0	/.well-known/security.txt
1	20	20	1	0	29448645	29364392	0	29336271	29364392	0	0	/?45.148.10.160
1	0	0	0	2	0	0	29416686	0	0	29416686	0	/stripe.env
1	0	0	0	1	0	0	29418544	0	0	29418544	0	/backend/config/stripe.js
1	0	0	0	5	0	0	29418033	0	0	29347949	0	/debug.php
1	0	0	0	1	0	0	29416686	0	0	29416686	0	/database.yml
1	0	0	0	4	0	0	29418033	0	0	29347949	0	/diagnostic.php
1	0	0	0	3	0	0	29418544	0	0	29407967	0	/settings.yml
1	0	0	0	1	0	0	29334240	0	0	29334240	0	/s3.js
1	0	0	0	1	0	0	29334240	0	0	29334240	0	/app_dev.php/_profiler/phpinfo
1	0	0	0	1	0	0	29334240	0	0	29334240	0	/server_info.php
1	0	0	0	6	0	0	29418274	0	0	29367023	0	/.env?45.148.10.160
1	0	0	0	3	0	0	29418544	0	0	29334238	0	/docker/app/.env
1	0	0	0	1	0	0	29418544	0	0	29418544	0	/src/keys.js
1	0	0	0	2	0	0	29418544	0	0	29334240	0	/admin/controllers/merchant.js
1	0	0	0	2	0	0	29418544	0	0	29334240	0	/static/js/main.e85f7a37.js
1	0	0	0	1	0	0	29418544	0	0	29418544	0	/stripe.config.json
1	0	0	0	2	0	0	29418033	0	0	29410943	0	/sites/default/settings.php
1	0	0	0	1	0	0	29418545	0	0	29418545	0	/.next/server/pages/api/
1	0	0	0	1	0	0	29410943	0	0	29410943	0	/conf/config.php
1	0	0	0	1	0	0	29416687	0	0	29416687	0	/php.ini
1	0	0	2	4	0	29409114	29406808	0	29409114	29337131	0	/login.action
1	0	0	0	2	0	0	29334238	0	0	29334238	0	/awstats/.env
1	0	0	0	1	0	0	29334240	0	0	29334240	0	/api/shared/config.env
1	0	0	0	1	0	0	29416686	0	0	29416686	0	/stripe/credentials
1	0	0	0	2	0	0	29388056	0	0	29347948	0	/src/.env.old
1	0	0	0	2	0	0	29388057	0	0	29347950	0	/www/info.php.save
1	0	0	0	1	0	0	29416686	0	0	29416686	0	/config/env.js
1	0	0	0	2	0	0	29388056	0	0	29347949	0	/system/.env.bak
1	0	0	0	1	0	0	29416686	0	0	29416686	0	/master.key.bak
1	0	0	0	2	0	0	29418544	0	0	29416686	0	/config.py
1	0	0	0	1	0	0	29416687	0	0	29416687	0	/js/secrets.json
1	0	0	0	1	0	0	29418544	0	0	29418544	0	/.stripe.json
1	0	0	0	1	0	0	29418544	0	0	29418544	0	/services/stripe.js
1	0	0	0	2	0	0	29388057	0	0	29347950	0	/web/info.php.save
1	0	0	0	1	0	0	29418544	0	0	29418544	0	/config/keys.js
1	0	0	0	3	0	0	29410943	0	0	29347949	0	/test.php.bak
1	0	0	0	2	0	0	29418544	0	0	29334240	0	/development/.env
1	0	0	0	2	0	0	29388057	0	0	29347949	0	/vendor/.env.old
1	0	0	0	1	0	0	29416686	0	0	29416686	0	/aws-config.js
1	368	368	8	6	29449777	29409237	29438176	29318988	29364405	29337131	8896	/
1	0	0	0	1	0	0	29416686	0	0	29416686	0	/config.rb
1	0	0	0	2	0	0	29418033	0	0	29410943	0	/testphp.php
1	0	0	0	2	0	0	29410943	0	0	29407967	0	/kubernetes/.env
1	0	0	0	1	0	0	29418544	0	0	29418544	0	/assets/js/main.js
1	0	0	0	2	0	0	29418032	0	0	29410943	0	/backup.sql
1	0	0	0	3	0	0	29418544	0	0	29407967	0	/config/config.yml
1	0	0	0	1	0	0	29418544	0	0	29418544	0	/.git/HEAD
1	0	0	0	4	0	0	29418544	0	0	29334240	0	/apps/.env
1	0	0	0	1	0	0	29418544	0	0	29418544	0	/stripe-config.json
1	0	0	0	1	0	0	29416686	0	0	29416686	0	/stripe/config.js
1	0	0	0	1	0	0	29410943	0	0	29410943	0	/htdocs/phpinfo.php
1	0	0	0	2	0	0	29408489	0	0	29408432	0	/sendgrid/config
1	0	0	0	5	0	0	29418544	0	0	29347948	0	/config/.env
1	0	0	0	1	0	0	29418545	0	0	29418545	0	/public/config.json
1	0	0	0	2	0	0	29388057	0	0	29347949	0	/themes/.env.old
1	0	0	0	1	0	0	29418545	0	0	29418545	0	/.well-known/payment
1	0	0	0	1	0	0	29418545	0	0	29418545	0	/assets/config.json
1	0	0	0	2	0	0	29418544	0	0	29334240	0	/controller/api/post.js
1	0	0	0	2	0	0	29418033	0	0	29410943	0	/.env.dev.local
1	0	0	0	2	0	0	29418543	0	0	29334240	0	/prod/.env
1	0	0	0	1	0	0	29410943	0	0	29410943	0	/uploads/phpinfo.php
1	0	0	0	2	0	0	29418544	0	0	29334240	0	/helpers/utility.js
1	0	0	0	1	0	0	29418544	0	0	29418544	0	/js/app.js
1	0	0	0	1	0	0	29418544	0	0	29418544	0	/lib/payment.js
1	0	0	0	3	0	0	29410943	0	0	29347950	0	/www/info.php
1	0	0	0	2	0	0	29388056	0	0	29347948	0	/app/.env.old
1	0	0	0	1	0	0	29416687	0	0	29416687	0	/secrets.properties
1	0	0	0	1	0	0	29418544	0	0	29418544	0	/helpers/stripe.js
1	0	0	0	2	0	0	29410943	0	0	29407967	0	/cronlab/.env
1	0	0	0	3	0	0	29418543	0	0	29334237	0	/dev/.env
1	0	0	0	2	0	0	29418033	0	0	29410943	0	/app/etc/local.xml
1	0	0	0	1	0	0	29418544	0	0	29418544	0	/webpack.config.js
3	2	2	0	0	29415780	0	0	29415020	0	0	0	https://www.google.com/
3	1	0	0	0	29409114	0	0	29409114	0	0	7638	https://www.mc-mods.magentaweb.org/actutor/env
3	1	0	0	0	29409114	0	0	29409114	0	0	7638	https://www.mc-mods.magentaweb.org/@vite/env
3	2	0	0	0	29409270	0	0	29409237	0	0	15276	https://www.mc-mods.magentaweb.org/robots.txt
3	1	0	0	0	29409114	0	0	29409114	0	0	7638	https://www.mc-mods.magentaweb.org/.env
3	0	0	0	23	0	0	29442442	0	0	29318990	0	https://mc-mods.magentaweb.org/
3	1	0	0	21	29409114	0	29443664	29409114	0	29318990	7638	https://www.mc-mods.magentaweb.org/
3	1	0	0	0	29409114	0	0	29409114	0	0	7638	https://www.mc-mods.magentaweb.org/.git/config
3	1	0	0	0	29409114	0	0	29409114	0	0	7638	https://www.mc-mods.magentaweb.org/.vscode/sftp.json
3	3	0	0	0	29409287	0	0	29409232	0	0	22914	https://mc-mods.magentaweb.org/robots.txt
3	0	0	0	2	0	0	29319160	0	0	29319069	0	https://mc-mods.magentaweb.org/crash-assistant/
4	0	0	0	1	0	0	29416042	0	0	29416042	0	Mozilla/5.0 (Windows NT 10.0; Win64; x64) AppleWebKit/537.36 (KHTML, like Gecko) Chrome/86.0.4240.75 Safari/537.36
4	0	0	0	1	0	0	29415688	0	0	29415688	0	Mozilla/5.0 (Knoppix; Linux i686) AppleWebKit/537.36 (KHTML, like Gecko) Chrome/133.0.0.0 Safari/537.36
4	0	0	0	1	0	0	29402525	0	0	29402525	0	curl/8.4.0
4	1	1	0	0	29339769	0	0	29339769	0	0	0	Mozilla/5.0 (Macintosh; Intel Mac OS X 10_14_3) AppleWebKit/537.36 (KHTML, like Gecko) Chrome/75.0.3770.100 Safari/537.36
4	1	1	0	0	29408734	0	0	29408734	0	0	0	Mozilla/5.0 (X11; Linux x86_64) AppleWebKit/537.36 (KHTML, like Gecko) Chrome/71.0.3578.98 Safari/537.36
4	0	0	0	1	0	0	29338646	0	0	29338646	0	Mozilla/4.0 (compatible; MSIE 6.0; Windows CE; IEMobile 7.11) XV6800
4	0	0	0	1	0	0	29407503	0	0	29407503	0	Mozilla/5.0 (Linux; Android 9; VTR-AL00 Build/HUAWEIVTR-AL00; wv) AppleWebKit/537.36 (KHTML, like Gecko) Version/4.0 Chrome/66.0.3359.126 MQQBrowser/6.2 TBS/044807 Mobile Safari/537.36 MMWEBID/6475 MicroMessenger/7.0.6.1460(0x27000634) Process/tools NetType/4G Language/zh_CN
4	1	1	0	0	29448697	0	0	29448697	0	0	0	Mozilla/5.0 (Windows NT 10.0; Win64; x64) AppleWebKit/537.36 (KHTML, like Gecko) Chrome/121.0.0.0 Safari/537.36
4	2	2	0	0	29414947	0	0	29337194	0	0	0	Mozilla/5.0 (Macintosh; Intel Mac OS X 10_15_7) AppleWebKit/537.36 (KHTML, like Gecko) Chrome/116.0.0.0 Safari/537.36
4	12	12	0	2	29381442	0	29319121	29319118	0	29319118	0	Mozilla/5.0 AppleWebKit/537.36 (KHTML, like Gecko; compatible; GPTBot/1.2; +https://openai.com/gptbot)
4	1	1	0	0	29407727	0	0	29407727	0	0	0	Python/3.10 aiohttp/3.13.2
4	3	3	0	0	29388405	0	0	29348424	0	0	0	Python/3.10 aiohttp/3.13.1
4	1	1	0	0	29348218	0	0	29348218	0	0	0	Python/3.10 aiohttp/3.13.0
4	1	1	0	0	29413139	0	0	29413139	0	0	0	Mozilla/5.0 (compatible; Yahoo! Slurp China; http://misc.yahoo.com.cn/help.html)
4	1	1	0	0	29389031	0	0	29389031	0	0	0	Mozilla/5.0 (Symbian/3; Series60/5.2 NokiaN8-00/014.002; Profile/MIDP-2.1 Configuration/CLDC-1.1; en-us) AppleWebKit/525 (KHTML, like Gecko) Version/3.0 BrowserNG/7.2.6.4 3gpp-gba
4	0	0	0	1	0	0	29416129	0	0	29416129	0	Mozilla/5.0 (Windows NT 6.3; Win64; x64) AppleWebKit/537.36 (KHTML, like Gecko) Chrome/65.0.3325.162 Safari/537.36
4	1	1	0	0	29409316	0	0	29409316	0	0	0	Mozilla/5.0 (Linux; Android 9; SAMSUNG SM-G975F Build/PPR1.180610.011) AppleWebKit/537.36 (KHTML, like Gecko) SamsungBrowser/9.4 Chrome/67.0.3396.87 Mobile Safari/537.36
4	1	1	0	0	29337214	0	0	29337214	0	0	0	Mozilla/5.0 (iPhone; CPU iPhone OS 17_5_1 like Mac OS X) AppleWebKit/605.1.15 (KHTML, like Gecko) Version/17.5 Mobile/15E148 Safari/604.1
4	0	0	0	1	0	0	29347320	0	0	29347320	0	Mozilla/5.0 (Macintosh; Intel Mac OS X 10_13_3) AppleWebKit/537.36 (KHTML, like Gecko) Chrome/76.0.3809.100 Safari/537.36
4	0	0	1	0	0	29409041	0	0	29409041	0	0	Mozilla/5.0 (Macintosh; Intel Mac OS X 10_14_6) AppleWebKit/537.36 (KHTML, like Gecko) Chrome/75.0.3770.100 YaBrowser/19.7.0.1990 Yowser/2.5 Safari/537.36
4	0	0	0	1	0	0	29439653	0	0	29439653	0	Mozilla/5.0 (Windows NT 10.0; WOW64) AppleWebKit/537.36 (KHTML, like Gecko) Chrome/75.0.3770.143 YaBrowser/19.7.1.114 Yowser/2.5 Safari/537.36
4	3	3	0	3	29410664	0	29410664	29318993	0	29318993	623	Mozilla/5.0 (Windows NT 10.0; Win64; x64) AppleWebKit/537.36 (KHTML, like Gecko) Chrome/137.0.0.0 Safari/537.36
4	1	1	0	0	29415780	0	0	29415780	0	0	0	Mozilla/5.0 (Linux; Android 14; Pixel 8) AppleWebKit/537.36 (KHTML, like Gecko) Chrome/123.0.0.0 Mobile Safari/537.36
4	1	1	0	0	29388542	0	0	29388542	0	0	0	Mozilla/5.0 (X11; Fedora; Linux x86_64) AppleWebKit/537.36 (KHTML, like Gecko) Chrome/73.0.3683.86 Safari/537.36
4	0	0	0	1	0	0	29387631	0	0	29387631	0	Mozilla/5.0 (Macintosh; Intel Mac OS X 10_13_6) AppleWebKit/608.2.11 (KHTML, like Gecko) Version/13 Safari/608.2.11
4	1	1	0	0	29415020	0	0	29415020	0	0	0	Mozilla/5.0 (Macintosh; Intel Mac OS X 14_0) AppleWebKit/537.36 (KHTML, like Gecko) Chrome/123.0.0.0 Safari/537.36
4	4	4	70	68	29406808	29409114	29406808	29406808	29409114	29337131	0	Mozilla/5.0 (l9scan/2.0.1333e26373e2231313e24373; +https://leakix.net)
4	1	1	0	1	29330312	0	29330312	29330312	0	29330312	0	Mozilla/5.0 (Macintosh; Intel Mac OS X 10_15_7) AppleWebKit/537.36 (KHTML, like Gecko) Chrome/96.0.4664.110 Safari/537.36
4	1	1	0	0	29408469	0	0	29408469	0	0	0	Mozilla/5.0 (Macintosh; Intel Mac OS X 10_14_5) AppleWebKit/605.1.15 (KHTML, like Gecko) Version/12.1.1 Safari/605.1.15
4	0	0	0	1	0	0	29352374	0	0	29352374	0	Mozilla/5.0 (Windows NT 6.3; Win64; x64; rv:78.0) Gecko/20100101 Firefox/78.0
4	0	0	0	1	0	0	29341395	0	0	29341395	0	Mozilla/5.0 (compatible; MSIE 10.6; Windows NT 6.1; Trident/5.0; InfoPath.2; SLCC1; .NET CLR 3.0.4506.2152; .NET CLR 3.5.30729; .NET CLR 2.0.50727) 3gpp-gba UNTRUSTED/1.0
4	27	27	3	3	29319328	29319062	29319030	29319000	29319030	29319000	45828	Mozilla/5.0 (Windows NT 10.0; Win64; x64) AppleWebKit/537.36 (KHTML, like Gecko) Chrome/138.0.0.0 Safari/537.36 OPR/122.0.0.0
4	0	0	0	1	0	0	29339839	0	0	29339839	0	Mozilla/5.0 (Kubuntu; Linux i686; rv:122.0) Gecko/20100101 Firefox/122.0
4	1	1	0	0	29425753	0	0	29425753	0	0	0	Mozilla/5.0 (compatible; VertexWP/1.0; +https://vertexwp.com/bot)
4	0	0	0	1	0	0	29338860	0	0	29338860	0	Mozilla/5.0 (Linux; Android 6.0; LG-D850 Build/MRA58K) AppleWebKit/537.36 (KHTML, like Gecko) Chrome/53.0.2785.97 Mobile Safari/537.36
4	0	0	0	1	0	0	29439313	0	0	29439313	0	Mozilla/5.0 (X11; Linux x86_64) AppleWebKit/537.36 (KHTML, like Gecko) Chrome/74.0.3729.131 Safari/537.36
4	1	1	0	0	29325937	0	0	29325937	0	0	0	Mozilla/5.0 (Macintosh; Intel Mac OS X 8_2_1) AppleWebKit/585.50 (KHTML, like Gecko) Chrome/73.0.2200 Safari/537.36
4	2	2	0	0	29432251	0	0	29432251	0	0	0	Mozilla/5.0 (Windows NT 10.0; Win64; x64) AppleWebKit/537.36
4	3	3	0	0	29417826	0	0	29390578	0	0	0	Mozilla/5.0 (Windows NT 10.0; Win64; x64) AppleWebKit/537.36 (KHTML, like Gecko) Chrome/120.0.0.0 Safari/537.36
4	2	2	0	0	29448697	0	0	29327404	0	0	0	Mozilla/5.0 (Windows NT 10.0; Win64; x64) AppleWebKit/537.36 (KHTML, like Gecko) Chrome/119.0.0.0 Safari/537.36
4	1	1	0	0	29353249	0	0	29353249	0	0	0	Mozilla/5.0 (iPhone; CPU iPhone OS 12_3 like Mac OS X) AppleWebKit/605.1.15 (KHTML, like Gecko) CriOS/75.0.3770.103 Mobile/15E148 Safari/605.1
4	0	0	0	1	0	0	29411255	0	0	29411255	0	Mozilla/5.0 (Windows NT 6.1; WOW64; Trident/7.0; rv:11.0) like Gecko
4	0	0	0	1	0	0	29328374	0	0	29328374	0	Mozilla/5.0 (iPhone; CPU iPhone OS 12_4 like Mac OS X) AppleWebKit/605.1.15 (KHTML, like Gecko) Mobile/15E148 MicroMessenger/7.0.5(0x17000523) NetType/4G Language/zh_CN
4	0	0	0	1	0	0	29421258	0	0	29421258	0	Mozilla/5.0 (Linux; Android 9; ANE-LX1) AppleWebKit/537.36 (KHTML, like Gecko) Chrome/74.0.3729.157 Mobile Safari/537.36
4	0	0	0	1	0	0	29347440	0	0	29347440	0	Mozilla/5.0 (Windows NT 10.0; WOW64) AppleWebKit/537.36 (KHTML, like Gecko) Chrome/61.0.3163.79 Safari/537.36 Maxthon/5.2.7.2000
4	0	0	0	1	0	0	29347369	0	0	29347369	0	Mozilla/5.0 (Linux; Android 9; SM-G955F) AppleWebKit/537.36 (KHTML, like Gecko) Chrome/76.0.3809.111 Mobile Safari/537.36
4	1	1	0	0	29339649	0	0	29339649	0	0	0	Mozilla/5.0 (Windows NT 6.1; WOW64) AppleWebKit/535.7 (KHTML, like Gecko) Chrome/16.0.912.36 Safari/535.7
4	0	0	1	0	0	29409101	0	0	29409101	0	0	Mozilla/5.0 (Windows NT 6.1; WOW64; rv:12.0) Gecko/20120422 Firefox/12.0 SeaMonkey/2.9
4	0	0	0	2	0	0	29337494	0	0	29337494	0	single-machine-crawler/1.0 (+you@example.com)
4	0	0	0	1	0	0	29410597	0	0	29410597	0	Mozilla/5.0 (Linux; Android 6.0; HTC 2PXH3) AppleWebKit/537.36 (KHTML, like Gecko) Chrome/74.0.3729.157 Mobile Safari/537.36
4	0	0	0	1	0	0	29406810	0	0	29406810	0	Mozilla/5.0 (Macintosh; Intel Mac OS X 10_14_6) AppleWebKit/605.1.15 (KHTML, like Gecko) Version/13.1.2 Safari/605.1.15
4	0	0	0	1	0	0	29328368	0	0	29328368	0	Mozilla/5.0 (X11; Linux x86_64) AppleWebKit/537.36 (KHTML, like Gecko) Chrome/72.0.3626.119 Safari/537.36
4	0	0	0	1	0	0	29323967	0	0	29323967	0	Gregarius/0.5.2 ( http://devlog.gregarius.net/docs/ua)
4	0	0	0	3	0	0	29336271	0	0	29336271	0	fasthttp
4	0	0	0	2	0	0	29372616	0	0	29372616	0	Mozilla/5.0 (Windows NT 10.0; Win64; x64) Chrome/141 Safari/537.36
4	0	0	0	1	0	0	29319933	0	0	29319933	0	Mozilla/5.0 (X11; Linux armv7l) AppleWebKit/537.36 (KHTML, like Gecko) Raspbian Chromium/72.0.3626.121 Chrome/72.0.3626.121 Safari/537.36
4	0	0	0	3	0	0	29418093	0	0	29337131	0	Mozilla/5.0 (X11; Linux x86_64) AppleWebKit/537.36 (KHTML, like Gecko) Chrome/137.0.0.0 Safari/537.36
4	2	2	0	0	29339563	0	0	29338519	0	0	0	Python/3.10 aiohttp/3.12.15
4	1	1	0	0	29408201	0	0	29408201	0	0	0	Mozilla/5.0 (Windows NT 6.1) AppleWebKit/537.36 (KHTML, like Gecko) Chrome/76.0.3809.62 YaBrowser/19.9.0.918 (beta) Yowser/2.5 Safari/537.36
4	1	1	0	0	29337193	0	0	29337193	0	0	0	Mozilla/5.0 (compatible; certwatch/1.5)
4	4	4	0	4	29318990	0	29318990	29318990	0	29318990	2492	Mozilla/5.0 (iPhone; CPU iPhone OS 18_5 like Mac OS X) AppleWebKit/605.1.15 (KHTML, like Gecko) CriOS/138.0.7204.156 Mobile/15E148 Safari/604.1
4	6	6	0	0	29435377	0	0	29321019	0	0	0	Mozilla/5.0 (compatible; InternetMeasurement/1.0; +https://internet-measurement.com/)
4	0	0	0	6	0	0	29421452	0	0	29342762	0	Mozilla/5.0 (X11; Linux x86_64)
4	0	0	0	1	0	0	29415467	0	0	29415467	0	Mozilla/5.0 (Windows NT 10.0; WOW64) AppleWebKit/537.36 (KHTML, like Gecko) Chrome/72.0.3626.122 Safari/537.36 Vivaldi/2.3.1440.61
4	0	0	0	1	0	0	29348295	0	0	29348295	0	ELinks (0.4pre5; Linux 2.6.10-ac7 i686; 80x33)
4	6	6	0	11	29441564	0	29446379	29367616	0	29367023	0	Mozilla/5.0 (Windows NT 10.0; Win64; x64) AppleWebKit/537.36 (KHTML, like Gecko) Chrome/134.0.0.0 Safari/537.3
4	0	0	1	0	0	29408854	0	0	29408854	0	0	Mozilla/5.0 (Macintosh; Intel Mac OS X 10_13_6) AppleWebKit/537.36 (KHTML, like Gecko) Chrome/70.0.3538.102 Safari/537.36
4	0	0	0	1	0	0	29341619	0	0	29341619	0	Mozilla/5.0 (Macintosh; Intel Mac OS X 10_8_2) AppleWebKit/537.4 (KHTML like Gecko) Chrome/22.0.1229.79 Safari/537.4
4	0	0	0	105	0	0	29407968	0	0	29407589	0	python-httpx/0.22.0
4	1	1	0	0	29408026	0	0	29408026	0	0	0	Mozilla/5.0 (Macintosh; Intel Mac OS X 10_10_5) AppleWebKit/600.8.9 (KHTML, like Gecko) Version/8.0.8 Safari/600.8.9
4	0	0	0	1	0	0	29319815	0	0	29319815	0	Mozilla/5.0 (compatible; bingbot/2.0  http://www.bing.com/bingbot.htm)
4	0	0	0	1	0	0	29344590	0	0	29344590	0	Mozilla/5.0 (Linux; Android 7.0; SM-G930F) AppleWebKit/537.36 (KHTML, like Gecko) Chrome/76.0.3809.111 Mobile Safari/537.36
4	1	1	0	1	29319113	0	29319113	29319113	0	29319113	0	Mozilla/5.0 (Windows NT 10.0; Win64; x64) AppleWebKit/537.36 (KHTML, like Gecko) Chrome/70.0.3538.102 Safari/537.36 Edge/18.19582
4	1	1	0	0	29336271	0	0	29336271	0	0	0	Mozilla/5.0 (Macintosh; Intel Mac OS X 10_14_6) AppleWebKit/537.36 (KHTML, like Gecko) Chrome/76.0.3809.132 Safari/537.36
4	0	0	0	1	0	0	29341221	0	0	29341221	0	Mozilla/5.0 (Linux; Android 8.0.0; SM-G935U) AppleWebKit/537.36 (KHTML, like Gecko) Chrome/76.0.3809.111 Mobile Safari/537.36
4	1	1	0	1	29347746	0	29418658	29347746	0	29418658	0	Mozilla/5.0 (X11; Linux x86_64) AppleWebKit/537.36 (KHTML, like Gecko) Chrome/78.0.3889.0 Safari/537.36
4	0	0	0	1	0	0	29418093	0	0	29418093	0	Mozilla/5.0 (X11; Linux x86_64) AppleWebKit/537.36 (KHTML, like Gecko) Chrome/136.0.0.0 Safari/537.36
4	20	19	1	0	29418033	29409002	0	29347948	29409002	0	7638	Mozilla/5.0 (Windows NT 10.0; Win64; x64) Chrome/91.0.4472.124
4	0	0	1	0	0	29409276	0	0	29409276	0	0	Mozilla/5.0 (Windows NT 6.1; Win64; x64) AppleWebKit/537.36 (KHTML, like Gecko) Chrome/71.0.3578.98 Safari/537.36
4	0	0	0	96	0	0	29449661	0	0	29321123	0	Mozilla/5.0 (Macintosh; Intel Mac OS X 10_15_7) AppleWebKit/537.36 (KHTML, like Gecko) Chrome/131.0.0.0 Safari/537.36; compatible; OAI-SearchBot/1.0; +https://openai.com/searchbot
4	1	1	0	0	29415299	0	0	29415299	0	0	0	Mozilla/5.0 (Macintosh; Intel Mac OS X 10_14_0) AppleWebKit/537.36 (KHTML, like Gecko) Chrome/77.0.3864.0 Safari/537.36
4	1	1	0	0	29337938	0	0	29337938	0	0	0	Mozilla/5.0 (X11; Linux x86_64) AppleWebKit/537.36 (KHTML, like Gecko) HeadlessChrome/136.0.0.0 Safari/537.36
4	0	0	0	2	0	0	29350067	0	0	29345853	0	Mozilla/5.0 (Windows NT 10.0; Win64; x64) AppleWebKit/537.36 (KHTML, like Gecko) Chrome/126.0.0.0 Safari/537.36
4	0	0	0	1	0	0	29350877	0	0	29350877	0	Mozilla/5.0 (X11; Linux x86_64) AppleWebKit/537.36 (KHTML, like Gecko) Chrome/70.0.3538.67 Safari/537.36
4	6	6	0	0	29425035	0	0	29387167	0	0	0	Mozilla/5.0 (compatible; NetcraftSurveyAgent/1.0; +info@netcraft.com)
4	6	6	0	1	29406944	0	29406847	29321330	0	29406847	0	Mozilla/5.0 (X11; Ubuntu; Linux x86_64; rv:134.0) Gecko/20100101 Firefox/134.0
4	4	4	0	517	29408489	0	29416822	29408432	0	29380248	0	python-httpx/0.28.1
4	2	2	0	0	29337132	0	0	29319710	0	0	0	Mozilla/5.0 (Windows NT 10.0; Win64; x64) AppleWebKit/537.36 (KHTML, like Gecko) Chrome/117.0.0.0 Safari/537.36
4	2	2	0	0	29337131	0	0	29337131	0	0	0	Mozilla/5.0 (Linux; Android 6.0; HTC One M9 Build/MRA876937) AppleWebKit/537.36 (KHTML, like Gecko) Chrome/52.0.1248.98 Mobile Safari/537.3
4	14	14	0	28	29435474	0	29435474	29422937	0	29422937	0	Mozilla/5.0 (Windows NT 10.0; Win64; x64) AppleWebKit/537.36 (KHTML, like Gecko) Chrome/60.0.3112.113 Safari/537.36 Assetnote/1.0.0
4	0	0	0	1	0	0	29410096	0	0	29410096	0	Mozilla/5.0 (Windows NT 10.0; Win64; x64; rv:52.0) Gecko/20100101 Firefox/52.0
4	1	1	0	0	29389906	0	0	29389906	0	0	0	Mozilla/5.0 (Macintosh; Intel Mac OS X 10_15_7) AppleWebKit/537.36 (KHTML, like Gecko) Chrome/138.0.0.0 Safari/537.36
4	0	0	0	1	0	0	29350813	0	0	29350813	0	Mozilla/5.0 (X11; Linux x86_64; rv:15.0) Gecko/20120724 Debian Iceweasel/15.02
4	7	7	0	0	29449777	0	0	29430308	0	0	0	Mozilla/5.0 (X11; Linux i686; rv:124.0) Gecko/20100101 Firefox/124.0
4	0	0	0	1	0	0	29410499	0	0	29410499	0	Mozilla/5.0 (Linux; Android 7.0; Moto G (5) Plus Build/NPNS25.137-35-5) AppleWebKit/537.36 (KHTML, like Gecko) Chrome/60.0.3112.107 Mobile Safari/537.36
4	0	0	0	1	0	0	29418274	0	0	29418274	0	Mozilla/5.0 (Linux; Android 9; MIX 2S Build/PKQ1.180729.001; wv) AppleWebKit/537.36 (KHTML, like Gecko) Version/4.0 Chrome/66.0.3359.126 MQQBrowser/6.2 TBS/044807 Mobile Safari/537.36 MMWEBID/8952 MicroMessenger/7.0.6.1460(0x27000679) Process/tools NetType/4G Language/zh_CN
4	0	0	0	1	0	0	29347596	0	0	29347596	0	Mozilla/5.0 (Macintosh; U; PPC Mac OS X 10.5; en-US; rv:1.9.2.15) Gecko/20110303 Firefox/3.6.15
4	0	0	0	1	0	0	29338711	0	0	29338711	0	SonyEricssonT650i/R7AA Browser/NetFront/3.3 Profile/MIDP-2.0 Configuration/CLDC-1.1
4	2	2	0	0	29319083	0	0	29319083	0	0	0	Mozilla/5.0 (X11; Linux x86_64; rv:83.0) Gecko/20100101 Firefox/83.0
4	0	0	0	1	0	0	29396082	0	0	29396082	0	Mozilla/5.0 (Windows NT 6.1; rv:12.0) Gecko/20120403211507 Firefox/12.0
4	0	0	0	1	0	0	29388027	0	0	29388027	0	Mozilla/5.0 (X11; Linux i686) AppleWebKit/537.36 (KHTML, like Gecko) Chrome/53.0.2785.101 Safari/537.36 OPR/40.0.2308.62
4	12	12	0	21	29436871	0	29436871	29435893	0	29435893	0	Mozilla/5.0 (Windows NT 10.0; Win64; x64) AppleWebKit/537.36 (KHTML, like Gecko) Chrome/125.0.0.0 Safari/537.36
4	5	5	0	0	29421834	0	0	29331626	0	0	0	Mozilla/5.0 (Windows NT 10.0; Win64; x64) AppleWebKit/537.36 (KHTML, like Gecko) Chrome/58.0.3029.110 Safari/537.3
4	0	0	0	1	0	0	29411560	0	0	29411560	0	Mozilla/5.0 (Windows NT 6.1; WOW64) AppleWebKit/537.36 (KHTML, like Gecko) Chrome/75.0.3770.80 Safari/537.36
4	1	1	0	0	29340924	0	0	29340924	0	0	0	Mozilla/5.0 (Linux; Android 8.0.0; SM-J737A) AppleWebKit/537.36 (KHTML, like Gecko) Chrome/75.0.3770.143 Mobile Safari/537.36
4	26	26	1	2	29319158	29319069	29319160	29319069	29319069	29319069	94748	Mozilla/5.0 (Macintosh; Intel Mac OS X 10_15_7) AppleWebKit/605.1.15 (KHTML, like Gecko) Version/26.0 Safari/605.1.15
4	4	4	0	0	29440634	0	0	29388570	0	0	0	cypex.ai/scanning Mozilla/5.0 (Macintosh; Intel Mac OS X 10_15_7) Chrome/126.0.0.0 Safari/537.36
4	0	0	0	1	0	0	29410688	0	0	29410688	0	Mozilla/5.0 (Macintosh; Intel Mac OS X 10_15_7) AppleWebKit/605.1.15 (KHTML, like Gecko) Version/17.5 Safari/605.1.15
4	4	4	0	0	29414873	0	0	29319710	0	0	0	Mozilla/5.0 (X11; Linux x86_64) AppleWebKit/537.36 (KHTML, like Gecko) Chrome/117.0.0.0 Safari/537.36
4	5	5	0	0	29414947	0	0	29337194	0	0	0	Mozilla/5.0 (Windows NT 10.0; Win64; x64) AppleWebKit/537.36 (KHTML, like Gecko) Chrome/116.0.0.0 Safari/537.36
4	1	1	0	0	29321803	0	0	29321803	0	0	0	Mozilla/5.0 (X11; Linux x86_64) AppleWebKit/572.41 (KHTML, like Gecko) Chrome/78.0.2873 Safari/537.36
4	4	4	0	4	29444021	0	29444021	29381284	0	29381284	0	Mozilla/5.0 (compatible; wpbot/1.3; +https://forms.gle/ajBaxygz9jSR8p8G9)
4	1	1	0	1	29319113	0	29319113	29319113	0	29319113	0	Mozilla/5.0 (Linux; Android 8.0.0; SM-G965U Build/R16NW) AppleWebKit/537.36 (KHTML, like Gecko) Chrome/63.0.3239.111 Mobile Safari/537.36
4	6	4	2	0	29421576	29364405	0	29321178	29364392	0	15276	Scrapy/2.13.3 (+https://scrapy.org)
4	25	25	0	35	29448700	0	29448700	29319027	0	29319027	0	Mozilla/5.0 (compatible; CensysInspect/1.1; +https://about.censys.io/)
4	0	0	0	1	0	0	29352374	0	0	29352374	0	Mozilla/5.0 (Macintosh; Intel Mac OS X 14_3_1) AppleWebKit/605.1.15 (KHTML, like Gecko) Version/17.3.1 Safari/605.1.15
4	1	1	0	0	29426494	0	0	29426494	0	0	0	Mozilla/5.0 (Windows NT 10.0; Win64; x64; rv:140.0) Gecko/20100101 Firefox/140.0
4	2	2	0	2	29417645	0	29417645	29417639	0	29417639	0	Mozilla/5.0 AppleWebKit/537.36 (KHTML, like Gecko; compatible; ClaudeBot/1.0; +claudebot@anthropic.com)
4	6	6	0	47	29411087	0	29425753	29337131	0	29321803	0	Go-http-client/1.1
4	5	0	5	109	29409287	29409287	29449722	29409232	29409232	29383854	38190	Mozilla/5.0 (Macintosh; Intel Mac OS X 10_15_7) AppleWebKit/537.36 (KHTML, like Gecko) Chrome/131.0.0.0 Safari/537.36; compatible; OAI-SearchBot/1.3; robots.txt; +https://openai.com/searchbot
4	0	0	0	1	0	0	29409950	0	0	29409950	0	Mozilla/5.0 (X11; U; Linux i586; en-US; rv:1.7.3) Gecko/20040924 Epiphany/1.4.4 (Ubuntu)
4	1	1	0	0	29347413	0	0	29347413	0	0	0	Mozilla/5.0 (Windows NT 10.0; WOW64) AppleWebKit/537.36 (KHTML, like Gecko) Chrome/75.0.3770.143 YaBrowser/19.7.2.470 Yowser/2.5 Safari/537.36
4	34	33	1	0	29449208	29409237	0	29391514	29409237	0	7638	Mozilla/5.0 AppleWebKit/537.36 (KHTML, like Gecko; compatible; GPTBot/1.3; +https://openai.com/gptbot)
4	0	0	0	1	0	0	29387954	0	0	29387954	0	Mozilla/5.0 (iPhone; CPU iPhone OS 12_3_2 like Mac OS X) AppleWebKit/605.1.15 (KHTML, like Gecko) Version/12.1.1 Mobile/15E148 Safari/604.1
4	0	0	0	1	0	0	29339912	0	0	29339912	0	Mozilla/5.0 (Linux; Android 8.0.0; HTC U11 plus) AppleWebKit/537.36 (KHTML, like Gecko) Chrome/76.0.3809.111 Mobile Safari/537.36
4	1	1	0	0	29388099	0	0	29388099	0	0	0	Mozilla/5.0 (Windows NT 10.0; Win64; x64) AppleWebKit/537.36 (KHTML, like Gecko) Chrome/77.0.3865.35 Safari/537.36
4	0	0	0	1	0	0	29344348	0	0	29344348	0	Mozilla/5.0 (Linux; Android 9; Pixel 2) AppleWebKit/537.36 (KHTML, like Gecko) Chrome/76.0.3809.89 Mobile Safari/537.36
4	0	0	0	367	0	0	29388057	0	0	29347948	0	python-httpx/0.24.1
4	7	7	0	0	29413418	0	0	29319321	0	0	0	Mozilla/5.0 (X11; Linux x86_64) AppleWebKit/537.36 (KHTML, like Gecko) Chrome/116.0.0.0 Safari/537.36
4	1	1	0	0	29415822	0	0	29415822	0	0	0	Mozilla/5.0 (X11; Ubuntu; Linux x86_64) AppleWebKit/605.1.15 (KHTML, like Gecko) Version/11.0 Safari/605.1.15 Epiphany/605.1.15
4	7	7	0	2	29448976	0	29449649	29325320	0	29338710	0	Hello from Palo Alto Networks, find out more about our scans in https://docs-cortex.paloaltonetworks.com/r/1/Cortex-Xpanse/Scanning-activity
4	0	0	0	3	0	0	29438176	0	0	29384901	0	RecordedFuture Global Inventory Crawler
4	8	8	0	8	29423382	0	29423382	29324745	0	29324745	0	Mozilla/5.0 (X11; Linux x86_64; rv:139.0) Gecko/20100101 Firefox/139.0
4	1	1	0	0	29337192	0	0	29337192	0	0	0	Mozilla/5.0 (Macintosh; Intel Mac OS X 13_5) AppleWebKit/537.36 (KHTML, like Gecko) Chrome/125.0.6422.141 Safari/537.36
4	0	0	0	1	0	0	29406810	0	0	29406810	0	PHP/8.1 (curl/7.88.1)
4	0	0	0	1	0	0	29387415	0	0	29387415	0	Mozilla/5.0 (ZZ; Linux i686) AppleWebKit/537.36 (KHTML, like Gecko) Chrome/132.0.0.0 Safari/537.36
4	3	3	0	0	29358198	0	0	29328872	0	0	0	Mozilla/5.0 zgrab/0.x
4	0	0	0	1	0	0	29319848	0	0	29319848	0	Mozilla/5.0 (X11; Linux x86_64) AppleWebKit/537.36 (KHTML, like Gecko) Chrome/67.0.3396.62 Safari/537.36
4	1	1	1	0	29319076	29319076	0	29319076	29319076	0	3683	Mozilla/5.0 AppleWebKit/537.36 (KHTML, like Gecko); compatible; ChatGPT-User/1.0; +https://openai.com/bot
4	1	1	0	0	29327562	0	0	29327562	0	0	0	Mozilla/5.0 (Macintosh; Intel Mac OS X 10_15_7) AppleWebKit/537.36 (KHTML, like Gecko) Chrome/136.0.0.0 Safari/537.36
4	0	0	0	105	0	0	29418033	0	0	29418032	0	python-httpx/0.27.0
4	0	0	1	0	0	29409125	0	0	29409125	0	0	Mozilla/5.0 (Linux; Android 9; ONEPLUS A6013) AppleWebKit/537.36 (KHTML, like Gecko) Chrome/76.0.3809.111 Mobile Safari/537.36
4	0	0	0	1	0	0	29341365	0	0	29341365	0	Mozilla/5.0 (Macintosh; Intel Mac OS X 10_14_3) AppleWebKit/537.36 (KHTML, like Gecko) Chrome/75.0.3770.142 Safari/537.36
4	2	2	0	2	29375340	0	29375339	29374016	0	29374016	0	Mozilla/5.0 (X11; Linux x86_64) AppleWebKit/537.36 (KHTML, like Gecko) Chrome/81.0.4044.129 Safari/537.36
4	0	0	0	1	0	0	29339874	0	0	29339874	0	Mozilla/5.0 (Linux; Android 8.0.0; moto e5 plus Build/OPPS27.91-122-3) AppleWebKit/537.36 (KHTML, like Gecko) Chrome/66.0.3359.126 Mobile Safari/537.36
4	1	1	0	0	29325834	0	0	29325834	0	0	0	Mozilla/5.0 (Windows NT 9_2_1; Win64; x64) AppleWebKit/576.45 (KHTML, like Gecko) Chrome/65.0.2039 Safari/537.36
4	0	0	0	1	0	0	29407415	0	0	29407415	0	Mozilla/5.0 (X11; U; Linux i686; en-US; rv:1.8.0.7) Gecko/20060909 Firefox/1.5.0.7 MG(Novarra-Vision/6.9)
4	0	0	0	1	0	0	29410616	0	0	29410616	0	Mozilla/5.0 (Knoppix; Linux i686) AppleWebKit/537.36 (KHTML, like Gecko) Chrome/126.0.0.0 Safari/537.36
4	0	0	0	1	0	0	29339818	0	0	29339818	0	Mozilla/5.0 (Macintosh; Intel Mac OS X 10_15_7) AppleWebKit/537.36 (KHTML, like Gecko) Chrome/118.0.0.0 Safari/537.36
4	29	29	0	0	29362725	0	0	29319108	0	0	0	Mozilla/5.0 (X11; Linux i686; rv:109.0) Gecko/20100101 Firefox/120.0
4	4	4	0	3	29406816	0	29406816	29318995	0	29318995	1246	Mozilla/5.0 (iPhone; CPU iPhone OS 16_6_1 like Mac OS X) AppleWebKit/605.1.15 (KHTML, like Gecko) Version/16.5 Mobile/15E148 Safari/604.1
4	11	11	0	33	29349242	0	29349242	29319081	0	29319081	0	Mozilla/5.0 (Linux; Android 6.0; Nexus 5 Build/MRA58N) AppleWebKit/537.36 (KHTML, like Gecko) Chrome/130.0.0.0 Mobile Safari/537.36
4	1	1	0	0	29337206	0	0	29337206	0	0	0	Mozilla/5.0 (Linux; Android 14; Pixel 8 Pro) AppleWebKit/537.36 (KHTML, like Gecko) Chrome/126.0.6478.107 Mobile Safari/537.36
4	0	0	0	1	0	0	29351682	0	0	29351682	0	Mozilla/5.0 (X11; Linux x86_64) AppleWebKit/537.36 (KHTML, like Gecko) Chrome/43.0.2357.93 Safari/537.36
4	1	1	0	0	29384960	0	0	29384960	0	0	0	Mozilla/5.0 (Windows NT 6.3; Win64; x64) AppleWebKit/537.36 (KHTML, like Gecko) Chrome/100.0.4896.60 Safari/537.36
4	0	0	0	1	0	0	29321130	0	0	29321130	0	Mozilla/5.0 (Linux; Android 9; Pixel 2 XL) AppleWebKit/537.36 (KHTML, like Gecko) Chrome/76.0.3809.111 Mobile Safari/537.36
4	0	0	0	1	0	0	29339946	0	0	29339946	0	Opera/9.30 (Nintendo Wii; U; ; 2047-7; en)
4	2	2	0	0	29319191	0	0	29319191	0	0	0	Mozilla/5.0 (Windows NT 10.0; Win64; x64) AppleWebKit/537.36 (KHTML, like Gecko) Chrome/140.0.0.0 Safari/537.36
4	1	1	0	0	29414390	0	0	29414390	0	0	0	Mozilla/5.0 (Macintosh; Intel Mac OS X 10_13_6) AppleWebKit/537.36 (KHTML, like Gecko) Chrome/74.0.3729.157 Safari/537.36
4	5	5	0	562	29418545	0	29418545	29334236	0	29334236	0	Mozilla/5.0 (Windows NT 6.1; Win64; x64; rv:47.0) Gecko/20100101 Firefox/47.0
4	2	2	0	2	29319083	0	29319083	29319083	0	29319083	0	Mozilla/5.0 (Macintosh; Intel Mac OS X 10_9_2) AppleWebKit/537.36 (KHTML, like Gecko) Chrome/33.0.1750.152 Safari/537.36
4	0	0	0	1	0	0	29369737	0	0	29369737	0	Mozilla/5.0 (Macintosh; Intel Mac OS X 10_14_6) AppleWebKit/537.36 (KHTML, like Gecko) Chrome/73.0.3683.75 Safari/537.36
4	2	2	0	2	29319083	0	29319083	29319083	0	29319083	0	Mozilla/5.0 (X11; Linux x86_64) AppleWebKit/537.36 (KHTML, like Gecko) Chrome/132.0.0.0 Safari/537.36
4	0	0	0	2	0	0	29352834	0	0	29349806	0	Mozilla/5.0 AppleWebKit/537.36 (KHTML, like Gecko; compatible; GPTBot/1.0; +https://openai.com/gptbot)
4	15	9	6	45	29409114	29409114	29340251	29318988	29409114	29318988	48320	Mozilla/5.0 (Macintosh; Intel Mac OS X 10.15; rv:139.0) Gecko/20100101 Firefox/139.0
4	0	0	0	1	0	0	29433533	0	0	29433533	0	Mozilla/5.0 (Linux; Android 8.1.0; MI 5X Build/OPM1.171019.019) AppleWebKit/537.36 (KHTML, like Gecko) Chrome/67.0.3396.87 Mobile Safari/537.36
4	1	1	0	0	29388035	0	0	29388035	0	0	0	Mozilla/5.0 (Linux; Android 5.1.1; vivo Y31L.RastaMod\xe2\x84\xa2_Version) AppleWebKit/537.36 (KHTML, like Gecko) Chrome/75.0.3770.143 Mobile Safari/537.36
4	0	0	0	8	0	0	29381442	0	0	29366066	0	Mozilla/5.0 (Macintosh; Intel Mac OS X 10_15_7) AppleWebKit/537.36 (KHTML, like Gecko) Chrome/131.0.0.0 Safari/537.36; compatible; OAI-SearchBot/1.0; robots.txt; +https://openai.com/searchbot
4	0	0	0	1	0	0	29348291	0	0	29348291	0	Mozilla/5.0 (Linux; Android 6.0.1; SM-J700F) AppleWebKit/537.36 (KHTML, like Gecko) Chrome/75.0.3770.143 Mobile Safari/537.36
4	1	1	0	0	29320192	0	0	29320192	0	0	3995	Mozilla/5.0 (Macintosh; Intel Mac OS X 10_15_7) AppleWebKit/605.1.15 (KHTML, like Gecko)
4	0	0	0	1	0	0	29411184	0	0	29411184	0	Mozilla/5.0 (Windows NT 10.0; Win64; x64; rv:109.0) Gecko/20100101 Firefox/111.0
4	0	0	0	1	0	0	29340115	0	0	29340115	0	SonyEricssonZ800/R1Y Browser/SEMC-Browser/4.1 Profile/MIDP-2.0 Configuration/CLDC-1.1 UP.Link/6.3.0.0.0
4	0	0	0	1	0	0	29433532	0	0	29433532	0	Mozilla/5.0 (Linux; U; Android 0.5; en-us) AppleWebKit/522  (KHTML, like Gecko) Safari/419.3
4	0	0	0	1	0	0	29422333	0	0	29422333	0	Mozilla/5.0 (Windows NT 10.0; WOW64) AppleWebKit/537.36 (KHTML, like Gecko) Maxthon/5.0.4.3000 Chrome/47.0.2526.73 Safari/537.36
4	0	0	0	1	0	0	29415308	0	0	29415308	0	Adobe Application Manager 2.0
4	8	8	0	0	29413418	0	0	29319321	0	0	0	Mozilla/5.0 (Macintosh; Intel Mac OS X 10_15_7) AppleWebKit/537.36 (KHTML, like Gecko) Chrome/117.0.0.0 Safari/537.36
4	1	1	0	0	29410088	0	0	29410088	0	0	0	Mozilla/5.0 (Linux; Android 9; CLT-L29) AppleWebKit/537.36 (KHTML, like Gecko) Chrome/76.0.3809.111 Mobile Safari/537.36
4	1	1	0	0	29331062	0	0	29331062	0	0	0	Mozilla/5.0 (Windows NT 10.0; Win64; x64) AppleWebKit/537.37 (KHTML, like Gecko) Chrome/118.0.0.0 Safari/537.36
4	0	0	0	1	0	0	29422867	0	0	29422867	0	Mozilla/5.0 (Windows NT 5.1) AppleWebKit/537.36 (KHTML, like Gecko) Chrome/36.0.1985.67 Safari/537.36
4	0	0	0	1	0	0	29320982	0	0	29320982	0	osee2unifiedRelease/1466 osee2unifiedReleaseVersion/6.9.1 Mozilla/5.0 (iPhone; CPU iPhone OS 12_4 like Mac OS X) AppleWebKit/605.1.15 (KHTML, like Gecko) Mobile/15E148
4	1	1	0	0	29342795	0	0	29342795	0	0	0	Mozilla/5.0 (compatible; UGAResearchAgent/1.0; Please visit: NISLabUGA.github.io)
4	20	20	0	20	29443664	0	29443664	29321648	0	29321648	0	Mozilla/5.0 (X11; Linux x86_64) AppleWebKit/537.36 (KHTML, like Gecko) Chrome/139.0.0.0 Safari/537.36
4	2	2	0	0	29433934	0	0	29433934	0	0	0	Mozilla/5.0 (Windows NT 10.0; Win64; x64) AppleWebKit/537.36 (KHTML, like Gecko) Chrome/104.0.0.0 Safari/537.36
4	1	1	0	0	29400410	0	0	29400410	0	0	0	Mozilla/5.0 (X11; Linux x86_64) AppleWebKit/537.36 (KHTML like Gecko) Chrome/36.0.1985.125 Safari/537.36
4	0	0	0	1	0	0	29396374	0	0	29396374	0	Googlebot/2.1 ( http://www.googlebot.com/bot.html)
4	1	1	0	0	29331626	0	0	29331626	0	0	0	Mozilla/5.0 (X11; Linux x86_64) AppleWebKit/537.36 (KHTML, like Gecko) HeadlessChrome/140.0.7339.16 Safari/537.36
4	1	1	0	0	29431165	0	0	29431165	0	0	0	Mozilla/5.0 (Windows NT 10.0; Win64; x64) AppleWebKit/537.36 (KHTML, like Gecko) Chrome/81.0.4044.122 Safari/537.36
4	4	4	0	4	29406817	0	29406817	29318995	0	29318995	1246	Mozilla/5.0 (iPhone; CPU iPhone OS 17_3 like Mac OS X) AppleWebKit/605.1.15 (KHTML, like Gecko) CriOS/116.0.5845.177 Mobile/15E148 Safari/604.1
4	0	0	0	1	0	0	29339991	0	0	29339991	0	Mozilla/5.0 (Linux; Android 7.1.2; Redmi 4X) AppleWebKit/537.36 (KHTML, like Gecko) Chrome/76.0.3809.111 Mobile Safari/537.36
5	0	0	36	0	0	29409114	0	0	29409114	0	0	159.65.18.197
5	1	1	0	0	29421576	0	0	29421576	0	0	0	34.147.88.45
5	0	0	0	1	0	0	29338646	0	0	29338646	0	54.165.223.34
5	1	1	0	0	29449208	0	0	29449208	0	0	0	74.7.243.248
5	1	1	0	0	29433928	0	0	29433928	0	0	0	74.7.243.247
5	0	0	0	2	0	0	29411184	0	0	29410616	0	2.57.122.173
5	1	1	0	0	29391359	0	0	29391359	0	0	0	195.178.110.156
5	1	1	0	1	29341008	0	29341009	29341008	0	29341009	0	139.59.25.127
5	3	3	0	390	29418545	0	29418545	29418543	0	29418543	0	195.178.110.155
5	0	0	0	1	0	0	29409968	0	0	29409968	0	173.244.49.9
5	1	1	0	0	29394699	0	0	29394699	0	0	0	74.7.243.242
5	1	1	0	0	29414947	0	0	29414947	0	0	0	104.252.191.64
5	1	1	0	0	29421387	0	0	29421387	0	0	0	74.7.242.6
5	5	5	0	8	29441564	0	29446379	29374808	0	29374515	0	204.76.203.25
5	1	1	0	0	29434186	0	0	29434186	0	0	0	74.7.243.236
5	5	5	0	0	29410895	0	0	29398608	0	0	0	74.7.242.4
5	0	0	0	1	0	0	29406847	0	0	29406847	0	91.196.152.66
5	2	2	0	0	29337206	0	0	29337206	0	0	0	46.202.140.154
5	0	0	0	2	0	0	29319933	0	0	29319848	0	196.251.88.64
5	1	1	0	0	29448697	0	0	29448697	0	0	0	160.22.214.87
5	0	0	0	1	0	0	29402525	0	0	29402525	0	2a06:98c0:3600::103
5	1	1	0	0	29319118	0	0	29319118	0	0	0	20.171.207.218
5	1	1	0	0	29319710	0	0	29319710	0	0	0	104.164.126.122
5	1	1	0	1	29318990	0	29318990	29318990	0	29318990	623	185.246.174.211
5	1	1	0	181	29388056	0	29388057	29388056	0	29388056	0	3.122.231.56
5	1	1	0	1	29437412	0	29437412	29437412	0	29437412	0	199.45.155.71
5	2	2	0	0	29435489	0	0	29434447	0	0	0	16.147.7.175
5	1	1	0	0	29331062	0	0	29331062	0	0	0	85.235.205.186
5	1	1	0	0	29427985	0	0	29427985	0	0	0	74.7.243.217
5	1	1	0	0	29424599	0	0	29424599	0	0	0	74.7.243.214
5	1	1	0	0	29423259	0	0	29423259	0	0	0	34.247.40.14
5	3	3	0	0	29331626	0	0	29331626	0	0	0	146.70.185.32
5	1	1	0	93	29407968	0	29407968	29407968	0	29407967	0	13.125.247.210
5	4	3	1	0	29409237	29409237	0	29397781	29409237	0	7638	74.7.227.1
5	1	1	0	0	29442033	0	0	29442033	0	0	0	147.185.132.85
5	2	2	0	0	29324038	0	0	29319507	0	0	0	51.81.46.212
5	1	1	0	1	29442568	0	29442568	29442568	0	29442568	0	18.246.255.46
5	1	1	0	1	29392772	0	29392772	29392772	0	29392772	0	199.45.154.156
5	3	3	0	18	29337131	0	29337131	29337131	0	29337131	0	165.227.84.14
5	1	1	0	1	29408423	0	29408423	29408423	0	29408423	0	45.134.212.97
5	2	2	0	0	29412568	0	0	29412568	0	0	0	103.4.250.50
5	1	1	0	3	29321803	0	29321803	29321803	0	29321803	0	165.154.172.111
5	2	2	0	0	29348218	0	0	29340924	0	0	0	193.32.162.223
5	1	1	0	0	29425319	0	0	29425319	0	0	0	74.7.242.57
5	1	1	0	0	29336747	0	0	29336747	0	0	0	20.171.207.145
5	0	0	0	2	0	0	29418093	0	0	29418093	0	165.231.182.135
5	1	1	0	0	29337193	0	0	29337193	0	0	0	91.99.15.244
5	2	2	0	0	29431165	0	0	29426494	0	0	0	100.30.248.17
5	1	1	0	182	29347948	0	29347950	29347948	0	29347948	0	13.238.219.181
5	1	1	0	1	29416812	0	29416812	29416812	0	29416812	0	54.193.115.207
5	1	1	0	1	29411598	0	29411598	29411598	0	29411598	0	199.45.154.134
5	0	0	0	1	0	0	29336750	0	0	29336750	0	4.227.36.94
5	4	4	0	0	29440634	0	0	29388570	0	0	0	3.140.182.19
5	0	0	0	2	0	0	29351595	0	0	29321123	0	104.210.140.143
5	0	0	0	6	0	0	29445699	0	0	29333230	0	104.210.140.142
5	1	1	0	0	29413832	0	0	29413832	0	0	0	74.7.242.45
5	0	0	0	10	0	0	29425815	0	0	29327224	0	104.210.140.141
5	0	0	0	8	0	0	29423105	0	0	29340599	0	104.210.140.139
5	0	0	0	1	0	0	29338710	0	0	29338710	0	147.185.132.37
5	0	0	0	6	0	0	29437756	0	0	29334439	0	104.210.140.140
5	1	1	0	2	29343483	0	29343484	29343483	0	29343484	0	199.45.154.128
5	0	0	0	4	0	0	29449661	0	0	29336916	0	104.210.140.138
5	2	2	0	4	29433603	0	29433603	29433603	0	29433603	0	34.244.231.81
5	0	0	0	1	0	0	29330312	0	0	29330312	0	123.160.223.75
5	1	1	0	0	29319111	0	0	29319111	0	0	0	23.27.145.97
5	0	0	0	6	0	0	29444385	0	0	29347898	0	104.210.140.137
5	1	1	0	0	29330312	0	0	29330312	0	0	0	123.160.223.74
5	0	0	0	8	0	0	29441728	0	0	29328413	0	104.210.140.136
5	0	0	0	6	0	0	29447016	0	0	29339318	0	104.210.140.135
5	1	1	0	2	29319073	0	29319073	29319073	0	29319073	0	199.45.154.125
5	0	0	0	6	0	0	29391939	0	0	29346702	0	104.210.140.134
5	0	0	0	4	0	0	29439072	0	0	29341788	0	104.210.140.133
5	0	0	0	9	0	0	29448339	0	0	29330805	0	104.210.140.132
5	2	2	0	0	29339769	0	0	29339649	0	0	0	54.201.41.91
5	0	0	0	3	0	0	29428453	0	0	29376235	0	104.210.140.131
5	1	1	0	1	29408187	0	29408187	29408187	0	29408187	0	165.22.228.6
5	0	0	0	6	0	0	29397377	0	0	29323593	0	104.210.140.130
5	0	0	0	7	0	0	29419057	0	0	29322400	0	104.210.140.129
5	0	0	0	3	0	0	29386749	0	0	29332034	0	104.210.140.128
5	0	0	0	1	0	0	29337131	0	0	29337131	0	155.133.15.34
5	2	2	0	0	29319321	0	0	29319321	0	0	0	103.4.250.16
5	3	3	0	55	29408432	0	29408432	29408432	0	29408432	0	35.90.120.27
5	1	1	0	0	29329463	0	0	29329463	0	0	0	23.27.145.85
5	0	0	0	1	0	0	29421452	0	0	29421452	0	44.251.239.249
5	1	1	0	0	29417933	0	0	29417933	0	0	0	74.7.242.28
5	1	1	0	1	29381284	0	29381284	29381284	0	29381284	0	35.88.17.147
5	1	1	0	0	29320769	0	0	29320769	0	0	0	23.27.145.83
5	1	1	0	3	29325937	0	29325937	29325937	0	29325937	0	123.58.213.118
5	0	0	0	1	0	0	29418751	0	0	29418751	0	35.196.63.73
5	3	3	0	0	29389906	0	0	29337938	0	0	0	44.193.254.10
5	1	1	0	0	29406944	0	0	29406944	0	0	0	51.254.49.101
5	1	1	0	0	29321391	0	0	29321391	0	0	0	51.254.49.100
5	0	0	0	1	0	0	29319121	0	0	29319121	0	4.227.36.66
5	1	1	0	0	29319108	0	0	29319108	0	0	0	23.27.145.75
5	0	0	0	1	0	0	29416321	0	0	29416321	0	35.87.214.203
5	3	3	0	0	29446198	0	0	29439893	0	0	0	74.7.242.15
5	2	2	0	0	29414390	0	0	29413139	0	0	0	45.148.10.80
5	1	1	0	0	29321043	0	0	29321043	0	0	0	185.247.137.249
5	1	1	0	1	29318995	0	29318995	29318995	0	29318995	623	58.68.199.123
5	0	0	0	1	0	0	29383856	0	0	29383856	0	74.7.228.60
5	0	0	0	1	0	0	29420881	0	0	29420881	0	74.7.228.58
5	1	1	0	1	29411001	0	29411001	29411001	0	29411001	0	147.182.250.58
5	15	9	6	45	29409114	29409114	29340251	29318988	29409114	29318988	48320	96.41.38.202
5	1	1	0	0	29414873	0	0	29414873	0	0	0	103.196.9.49
5	1	1	0	0	29339573	0	0	29339573	0	0	0	23.27.145.63
5	1	1	0	1	29443664	0	29443664	29443664	0	29443664	0	159.65.178.5
5	0	0	0	1	0	0	29422558	0	0	29422558	0	74.7.228.54
5	53	53	4	5	29319328	29319069	29319160	29319000	29319030	29319000	140576	79.217.216.128
5	1	1	0	2	29342965	0	29342965	29342965	0	29342965	0	66.132.153.128
5	1	1	0	2	29349221	0	29349221	29349221	0	29349221	0	66.132.153.127
5	1	1	0	0	29339728	0	0	29339728	0	0	0	23.27.145.57
5	1	1	0	2	29319027	0	29319027	29319027	0	29319027	0	66.132.153.125
5	0	0	0	1	0	0	29413832	0	0	29413832	0	74.7.228.50
5	1	1	0	1	29383204	0	29383204	29383204	0	29383204	0	44.248.114.185
5	1	1	0	1	29448700	0	29448700	29448700	0	29448700	0	66.132.153.122
5	1	1	0	1	29445960	0	29445961	29445960	0	29445961	0	66.132.153.119
5	1	1	0	2	29340662	0	29340662	29340662	0	29340662	0	66.132.153.118
5	0	0	0	1	0	0	29447523	0	0	29447523	0	74.7.228.42
5	1	1	0	3	29325834	0	29325835	29325834	0	29325835	0	101.36.106.89
5	0	0	0	1	0	0	29381440	0	0	29381440	0	74.7.228.39
5	0	0	0	2	0	0	29339839	0	0	29339818	0	196.251.70.47
5	0	0	0	1	0	0	29319118	0	0	29319118	0	4.227.36.37
5	0	0	0	1	0	0	29394114	0	0	29394114	0	74.7.228.40
5	1	1	0	0	29449777	0	0	29449777	0	0	0	52.200.109.58
5	1	1	0	2	29319084	0	29319084	29319084	0	29319084	0	66.132.153.113
5	0	0	0	2	0	0	29429971	0	0	29429893	0	74.7.228.37
5	0	0	0	1	0	0	29421155	0	0	29421155	0	52.37.253.147
5	1	1	0	1	29444021	0	29444021	29444021	0	29444021	0	34.222.206.54
5	1	1	0	0	29424786	0	0	29424786	0	0	0	34.244.112.231
5	0	0	0	1	0	0	29417973	0	0	29417973	0	74.7.228.28
5	1	1	0	2	29333519	0	29333520	29333519	0	29333519	0	167.94.138.197
5	1	1	0	2	29365047	0	29365047	29365047	0	29365047	0	167.94.138.195
5	1	1	0	2	29321962	0	29321962	29321962	0	29321962	0	167.94.138.194
5	1	1	0	0	29322048	0	0	29322048	0	0	0	23.27.145.31
5	1	1	0	0	29387418	0	0	29387418	0	0	0	54.76.148.251
5	0	0	2	8	0	29409276	29396374	0	29409125	29328368	0	93.123.109.7
5	0	0	0	1	0	0	29366068	0	0	29366068	0	74.7.228.22
5	0	0	0	4	0	0	29449722	0	0	29449208	0	74.7.244.57
5	1	1	0	1	29410664	0	29410664	29410664	0	29410664	0	206.217.206.6
5	2	0	2	0	29364405	29364405	0	29364392	29364392	0	15276	34.90.66.217
5	1	1	0	0	29421708	0	0	29421708	0	0	0	185.247.137.6
5	0	0	0	1	0	0	29424599	0	0	29424599	0	74.7.244.53
5	0	0	0	1	0	0	29415949	0	0	29415949	0	34.186.33.177
5	1	1	0	0	29327562	0	0	29327562	0	0	0	104.236.97.37
5	0	0	0	4	0	0	29369737	0	0	29344348	0	213.209.157.93
5	1	1	0	0	29421576	0	0	29421576	0	0	0	34.91.129.93
5	1	1	0	0	29325320	0	0	29325320	0	0	0	198.235.24.248
5	1	1	0	1	29421854	0	29421854	29421854	0	29421854	0	104.236.76.64
5	1	1	0	0	29321019	0	0	29321019	0	0	0	87.236.176.237
5	0	0	0	2	0	0	29337494	0	0	29337494	0	160.177.4.108
5	1	1	0	2	29339175	0	29339175	29339175	0	29339175	0	167.94.138.171
5	1	1	0	1	29401905	0	29401905	29401905	0	29401905	0	198.199.120.233
5	0	0	0	4	0	0	29415467	0	0	29411255	0	213.209.157.81
5	1	1	0	1	29387416	0	29387416	29387416	0	29387416	0	13.251.59.57
5	1	1	0	0	29337132	0	0	29337132	0	0	0	104.164.173.64
5	0	0	0	1	0	0	29430870	0	0	29430870	0	74.7.244.33
5	1	1	0	1	29386664	0	29386664	29386664	0	29386664	0	167.94.138.161
5	2	2	0	0	29414947	0	0	29414947	0	0	0	154.28.229.237
5	0	0	0	8	0	0	29446198	0	0	29436623	0	74.7.244.24
5	4	4	0	7	29436638	0	29436638	29436638	0	29436638	0	134.199.153.245
5	1	1	0	0	29333206	0	0	29333206	0	0	0	198.235.24.218
5	0	0	0	1	0	0	29416221	0	0	29416221	0	18.237.178.203
5	0	0	0	2	0	0	29449592	0	0	29449565	0	74.7.244.14
5	1	1	0	1	29413969	0	29413969	29413969	0	29413969	0	64.225.63.50
5	1	1	0	1	29369474	0	29369474	29369474	0	29369474	0	162.142.125.221
5	1	1	0	1	29406817	0	29406817	29406817	0	29406817	0	45.148.106.133
5	1	1	0	0	29441636	0	0	29441636	0	0	0	162.142.125.218
5	2	2	0	0	29413418	0	0	29413418	0	0	0	154.28.229.215
5	0	0	0	1	0	0	29396528	0	0	29396528	0	93.123.109.175
5	1	1	0	1	29387436	0	29387436	29387436	0	29387436	0	13.49.49.44
5	2	2	0	0	29337214	0	0	29337214	0	0	0	31.97.153.61
5	1	1	0	1	29407304	0	29407304	29407304	0	29407304	0	162.142.125.209
5	1	1	0	0	29319191	0	0	29319191	0	0	0	64.15.129.114
5	1	1	0	0	29319321	0	0	29319321	0	0	0	154.28.229.207
5	2	2	0	0	29381442	0	0	29377658	0	0	0	74.7.227.245
5	1	1	0	1	29322560	0	29322560	29322560	0	29322560	0	139.59.58.69
5	1	1	0	1	29324745	0	29324745	29324745	0	29324745	0	134.209.146.143
5	2	2	0	0	29412568	0	0	29412568	0	0	0	154.28.229.193
5	0	0	0	4	0	0	29348295	0	0	29339946	0	194.26.192.110
5	1	1	0	0	29350571	0	0	29350571	0	0	0	198.235.24.180
5	1	1	0	0	29319191	0	0	29319191	0	0	0	64.15.129.101
5	0	0	0	1	0	0	29427985	0	0	29427985	0	74.7.175.187
5	1	1	0	0	29349334	0	0	29349334	0	0	0	52.90.11.247
5	1	1	0	0	29387167	0	0	29387167	0	0	0	3.255.254.41
5	5	5	0	15	29322173	0	29322173	29319081	0	29319081	0	185.203.132.199
5	2	2	0	0	29432251	0	0	29432251	0	0	0	34.124.135.103
5	1	1	0	0	29435377	0	0	29435377	0	0	0	87.236.176.152
5	0	0	0	1	0	0	29426529	0	0	29426529	0	74.7.175.180
5	4	4	0	7	29435893	0	29435893	29435893	0	29435893	0	209.38.89.131
5	0	0	0	2	0	0	29435685	0	0	29434186	0	74.7.175.175
5	1	1	0	1	29363313	0	29363313	29363313	0	29363313	0	207.154.253.6
5	0	0	0	1	0	0	29410688	0	0	29410688	0	93.123.109.132
5	1	1	0	1	29416822	0	29416822	29416822	0	29416822	0	13.58.240.52
5	0	0	0	2	0	0	29406810	0	0	29406810	0	46.105.92.110
5	0	0	0	2	0	0	29416039	0	0	29415972	0	74.7.175.166
5	1	1	0	0	29391514	0	0	29391514	0	0	0	74.7.227.193
5	0	0	0	2	0	0	29372616	0	0	29372616	0	41.143.173.79
5	6	6	0	18	29349242	0	29349242	29329091	0	29329091	0	157.143.122.60
5	1	1	0	1	29425753	0	29425753	29425753	0	29425753	0	57.131.35.166
5	0	0	36	0	0	29409114	0	0	29409114	0	0	46.101.1.225
5	2	2	0	2	29319113	0	29319113	29319113	0	29319113	0	54.245.42.191
5	0	0	0	2	0	0	29432767	0	0	29431914	0	74.7.175.157
5	1	0	1	0	29409002	29409002	0	29409002	29409002	0	7638	13.38.130.107
5	1	1	0	1	29323669	0	29323669	29323669	0	29323669	0	178.62.65.33
5	1	1	0	0	29391805	0	0	29391805	0	0	0	74.7.227.183
5	0	0	0	1	0	0	29415414	0	0	29415414	0	74.7.175.152
5	0	0	0	3	0	0	29448267	0	0	29448085	0	74.7.175.149
5	3	3	0	55	29408489	0	29408489	29408489	0	29408488	0	3.101.134.142
5	1	1	1	0	29319076	29319076	0	29319076	29319076	0	3683	68.221.75.22
5	1	1	0	0	29378872	0	0	29378872	0	0	0	87.236.176.119
5	0	0	0	1	0	0	29349806	0	0	29349806	0	172.182.204.68
5	2	2	0	0	29381440	0	0	29377656	0	0	0	74.7.227.174
5	0	0	0	2	0	0	29413458	0	0	29413324	0	74.7.175.144
5	0	0	0	1	0	0	29342762	0	0	29342762	0	180.252.134.148
5	0	0	0	4	0	0	29433533	0	0	29422333	0	185.177.72.75
5	1	1	0	1	29403693	0	29403693	29403693	0	29403693	0	138.197.174.152
5	1	1	0	1	29441546	0	29441546	29441546	0	29441546	0	162.142.125.125
5	1	1	0	0	29448976	0	0	29448976	0	0	0	205.210.31.234
5	2	2	0	0	29368897	0	0	29366066	0	0	0	74.7.227.162
5	1	1	0	0	29321391	0	0	29321391	0	0	0	51.254.49.96
5	2	2	0	0	29319710	0	0	29319710	0	0	0	154.28.229.120
5	2	2	0	0	29337194	0	0	29337194	0	0	0	103.196.9.192
5	1	1	0	0	29406840	0	0	29406840	0	0	0	91.231.89.125
5	1	1	0	0	29425035	0	0	29425035	0	0	0	18.201.79.12
5	1	1	0	0	29337194	0	0	29337194	0	0	0	103.196.9.200
5	2	2	0	0	29389031	0	0	29388542	0	0	0	34.221.197.72
5	1	1	0	0	29412568	0	0	29412568	0	0	0	107.172.195.66
5	2	2	0	0	29321331	0	0	29321330	0	0	0	91.231.89.121
5	4	4	0	0	29448085	0	0	29437176	0	0	0	74.7.227.149
5	1	1	0	0	29335261	0	0	29335261	0	0	0	198.235.24.100
5	6	6	0	66	29406808	0	29406808	29406808	0	29406808	0	142.93.129.190
5	1	1	0	1	29415716	0	29415716	29415716	0	29415716	0	165.227.230.28
5	0	0	1	5	0	29408854	29416129	0	29408854	29387954	0	45.144.212.58
5	1	1	0	0	29448697	0	0	29448697	0	0	0	171.97.228.230
5	1	1	0	0	29406816	0	0	29406816	0	0	0	54.237.238.249
5	1	1	0	1	29409913	0	29409913	29409913	0	29409913	0	161.35.39.227
5	1	1	0	12	29407590	0	29407590	29407590	0	29407589	0	13.39.48.29
5	1	1	0	0	29413418	0	0	29413418	0	0	0	154.28.229.94
5	1	1	0	1	29387428	0	29387428	29387428	0	29387428	0	15.229.47.106
5	1	1	0	0	29422941	0	0	29422941	0	0	0	63.32.169.193
5	1	1	0	1	29442442	0	29442442	29442442	0	29442442	0	164.92.220.175
5	0	0	0	2	0	0	29439653	0	0	29439313	0	45.144.212.43
5	1	1	0	0	29417973	0	0	29417973	0	0	0	74.7.241.38
5	1	1	0	1	29321989	0	29321989	29321989	0	29321989	0	64.227.143.60
5	1	1	0	1	29423382	0	29423382	29423382	0	29423382	0	68.183.200.147
5	1	1	0	105	29418033	0	29418033	29418033	0	29418032	0	54.194.134.250
5	1	1	0	0	29337192	0	0	29337192	0	0	0	34.12.82.109
5	0	0	0	2	0	0	29438176	0	0	29390191	0	98.88.137.2
5	0	0	0	2	0	0	29339912	0	0	29339874	0	185.177.72.8
5	1	1	0	0	29430870	0	0	29430870	0	0	0	74.7.241.30
5	1	1	0	0	29395146	0	0	29395146	0	0	0	74.7.241.26
5	1	1	0	1	29318990	0	29318990	29318990	0	29318990	623	104.232.199.154
5	0	0	0	1	0	0	29417767	0	0	29417767	0	34.213.234.20
5	2	2	0	0	29370014	0	0	29366068	0	0	0	74.7.227.110
5	1	1	0	0	29430240	0	0	29430240	0	0	0	74.7.241.23
5	1	1	0	0	29362725	0	0	29362725	0	0	0	149.57.180.187
5	1	1	0	0	29342795	0	0	29342795	0	0	0	128.192.12.126
5	2	2	0	0	29339563	0	0	29338519	0	0	0	93.123.109.60
5	2	2	0	0	29347746	0	0	29347413	0	0	0	44.244.173.157
5	1	1	0	1	29341924	0	29341924	29341924	0	29341924	0	159.65.38.58
5	1	1	0	1	29412970	0	29412970	29412970	0	29412970	0	161.35.39.183
5	1	1	0	0	29349384	0	0	29349384	0	0	0	205.210.31.163
5	1	1	0	1	29318990	0	29318990	29318990	0	29318990	623	103.196.9.132
5	1	1	0	1	29387509	0	29387509	29387509	0	29387509	0	13.236.93.237
5	2	2	0	0	29319583	0	0	29319582	0	0	0	154.28.229.49
5	1	1	0	0	29322295	0	0	29322295	0	0	0	149.57.180.173
5	1	1	0	0	29336750	0	0	29336750	0	0	0	20.171.207.87
5	2	2	0	4	29426245	0	29426245	29426245	0	29426245	0	51.20.65.255
5	1	1	0	0	29433934	0	0	29433934	0	0	0	3.85.231.242
5	1	1	0	0	29322281	0	0	29322281	0	0	0	149.57.180.153
5	2	2	0	2	29375340	0	29375339	29374016	0	29374016	0	91.92.241.199
5	1	1	0	0	29319582	0	0	29319582	0	0	0	103.4.251.51
5	1	1	0	0	29319121	0	0	29319121	0	0	0	20.171.207.62
5	1	1	0	0	29327404	0	0	29327404	0	0	0	159.203.165.65
5	1	1	0	0	29420881	0	0	29420881	0	0	0	74.7.227.22
5	1	1	0	0	29338642	0	0	29338642	0	0	0	198.235.24.15
5	2	2	0	0	29421834	0	0	29421834	0	0	0	119.3.49.128
5	1	1	0	1	29318995	0	29318995	29318995	0	29318995	623	89.19.43.91
5	1	1	0	0	29433934	0	0	29433934	0	0	0	18.206.89.243
5	0	0	0	2	0	0	29352374	0	0	29352374	0	68.183.231.190
5	0	0	0	1	0	0	29449649	0	0	29449649	0	205.210.31.83
5	2	2	0	0	29390786	0	0	29390578	0	0	0	54.209.176.124
5	1	1	0	0	29376182	0	0	29376182	0	0	0	185.247.137.64
5	2	2	0	4	29422937	0	29422937	29422937	0	29422937	0	51.20.64.112
5	1	1	0	0	29413324	0	0	29413324	0	0	0	74.7.227.10
5	1	1	0	0	29319322	0	0	29319322	0	0	0	149.57.180.128
5	1	1	0	0	29329227	0	0	29329227	0	0	0	149.57.180.127
5	1	1	0	0	29339406	0	0	29339406	0	0	0	149.57.180.124
5	1	1	0	1	29339131	0	29339131	29339131	0	29339131	0	167.172.185.57
5	0	0	0	1	0	0	29428049	0	0	29428049	0	74.7.241.171
5	1	1	0	0	29325167	0	0	29325167	0	0	0	23.27.145.215
5	0	0	0	1	0	0	29381442	0	0	29381442	0	74.7.230.4
5	1	1	0	0	29324951	0	0	29324951	0	0	0	23.27.145.209
5	0	0	0	1	0	0	29417933	0	0	29417933	0	74.7.241.162
5	0	0	0	7	0	0	29445843	0	0	29437176	0	74.7.241.161
5	0	0	0	1	0	0	29432781	0	0	29432781	0	74.7.241.158
5	2	2	0	4	29423067	0	29423067	29423067	0	29423067	0	52.67.56.250
5	4	4	0	7	29436871	0	29436871	29436871	0	29436871	0	170.64.129.112
5	0	0	0	1	0	0	29416973	0	0	29416973	0	34.82.211.237
5	0	0	0	1	0	0	29336747	0	0	29336747	0	4.227.36.107
5	2	2	0	4	29433072	0	29433072	29433072	0	29433072	0	18.171.56.92
5	1	1	0	1	29381815	0	29381815	29381815	0	29381815	0	165.227.239.10
5	1	1	0	0	29412568	0	0	29412568	0	0	0	103.4.251.239
5	1	1	0	247	29410943	0	29410943	29410943	0	29410943	0	18.118.110.96
5	1	1	0	0	29322251	0	0	29322251	0	0	0	23.27.145.183
5	1	1	0	1	29321648	0	29321648	29321648	0	29321648	0	68.183.212.49
5	1	1	0	1	29401227	0	29401227	29401227	0	29401227	0	167.94.146.50
5	1	1	0	1	29338001	0	29338001	29338001	0	29338001	0	143.110.165.165
5	1	1	0	2	29336358	0	29336358	29336358	0	29336358	0	167.94.146.48
5	1	1	0	0	29331491	0	0	29331491	0	0	0	205.210.31.47
5	2	2	0	0	29321178	0	0	29321178	0	0	0	35.204.250.192
5	2	2	0	4	29435474	0	29435474	29435474	0	29435474	0	43.207.42.67
5	0	0	0	1	0	0	29421153	0	0	29421153	0	34.125.217.144
5	0	0	0	1	0	0	29422192	0	0	29422192	0	74.7.241.132
5	1	1	0	1	29380248	0	29380248	29380248	0	29380248	0	40.192.59.0
5	0	0	0	2	0	0	29435897	0	0	29433928	0	74.7.241.131
5	0	0	0	1	0	0	29366066	0	0	29366066	0	74.7.230.51
5	1	1	0	1	29380286	0	29380286	29380286	0	29380286	0	13.247.189.45
5	0	0	0	1	0	0	29425364	0	0	29425364	0	74.7.230.49
5	1	1	0	0	29362594	0	0	29362594	0	0	0	23.27.145.164
5	2	0	2	17	29409270	29409270	29410804	29409237	29409237	29397781	15276	74.7.230.48
5	1	1	0	0	29335818	0	0	29335818	0	0	0	147.185.132.171
5	0	0	0	1	0	0	29426924	0	0	29426924	0	74.7.230.45
5	1	1	0	0	29322341	0	0	29322341	0	0	0	23.27.145.160
5	1	1	0	1	29318995	0	29318995	29318995	0	29318995	623	172.111.15.48
5	0	0	0	2	0	0	29416042	0	0	29415688	0	139.64.164.4
5	0	0	0	2	0	0	29425463	0	0	29425319	0	74.7.230.43
5	1	1	0	0	29339405	0	0	29339405	0	0	0	23.27.145.153
5	0	0	0	2	0	0	29341619	0	0	29341395	0	213.209.157.253
5	1	1	0	0	29400410	0	0	29400410	0	0	0	52.10.48.190
5	1	1	0	0	29320192	0	0	29320192	0	0	3995	89.0.156.108
5	0	0	0	1	0	0	29430240	0	0	29430240	0	74.7.230.34
5	0	0	0	4	0	0	29416068	0	0	29415919	0	74.7.230.33
5	0	0	0	2	0	0	29350067	0	0	29345853	0	45.148.10.247
5	1	1	0	3	29367616	0	29379889	29367616	0	29367023	0	176.65.148.212
5	0	0	0	2	0	0	29389852	0	0	29389852	0	45.148.10.246
5	1	1	0	3	29336271	0	29336271	29336271	0	29336271	0	47.237.77.209
5	0	0	0	6	0	0	29347596	0	0	29320982	0	213.209.157.244
5	1	1	0	0	29329228	0	0	29329228	0	0	0	149.57.180.75
5	1	1	0	154	29416687	0	29416687	29416687	0	29416685	0	35.78.112.174
5	1	1	0	0	29329430	0	0	29329430	0	0	0	23.27.145.142
5	0	0	0	2	0	0	29419453	0	0	29394699	0	74.7.230.26
5	1	1	0	1	29343057	0	29343057	29343057	0	29343057	0	64.225.10.1
5	0	0	0	4	0	0	29393742	0	0	29391805	0	74.7.230.22
5	2	2	0	0	29388099	0	0	29388035	0	0	0	54.198.84.173
5	0	0	0	1	0	0	29383854	0	0	29383854	0	74.7.230.20
5	0	0	0	1	0	0	29395146	0	0	29395146	0	74.7.230.18
5	0	0	0	1	0	0	29388272	0	0	29388272	0	34.106.202.77
5	1	1	0	1	29318993	0	29318993	29318993	0	29318993	623	185.92.210.254
5	1	1	0	0	29325153	0	0	29325153	0	0	0	149.57.180.65
5	3	0	3	16	29409287	29409287	29412459	29409232	29409232	29397739	22914	74.7.230.14
5	0	0	0	1	0	0	29369930	0	0	29369930	0	34.74.80.181
5	6	6	0	4	29319083	0	29319083	29319083	0	29319083	0	52.16.245.145
5	0	0	0	1	0	0	29384901	0	0	29384901	0	13.219.121.241
5	2	2	0	0	29408734	0	0	29408201	0	0	0	54.91.241.242
5	1	1	0	0	29319364	0	0	29319364	0	0	0	149.57.180.60
5	0	0	0	2	0	0	29387631	0	0	29387415	0	18.234.116.177
5	1	1	0	1	29387446	0	29387446	29387446	0	29387446	0	35.177.130.158
5	0	0	0	1	0	0	29419399	0	0	29419399	0	74.7.230.11
5	1	1	0	1	29406817	0	29406817	29406817	0	29406817	0	193.142.132.33
5	0	0	0	4	0	0	29393106	0	0	29391514	0	74.7.230.10
5	1	1	0	1	29381406	0	29381407	29381406	0	29381407	0	206.168.34.57
5	0	0	0	1	0	0	29319815	0	0	29319815	0	18.232.138.149
5	1	1	0	1	29343757	0	29343757	29343757	0	29343757	0	209.97.191.57
5	0	0	2	4	0	29409101	29410597	0	29409041	29347320	0	195.178.110.223
5	1	1	0	0	29353249	0	0	29353249	0	0	0	213.209.157.216
5	1	1	0	0	29435688	0	0	29435688	0	0	0	206.168.34.54
5	0	0	0	2	0	0	29380051	0	0	29377658	0	74.7.228.8
5	0	0	0	1	0	0	29388317	0	0	29388317	0	74.7.228.6
5	2	2	0	0	29337132	0	0	29337131	0	0	0	104.252.191.120
5	0	0	0	2	0	0	29340115	0	0	29323967	0	45.139.104.204
5	1	1	0	1	29387501	0	29387501	29387501	0	29387501	0	35.178.184.84
5	1	1	0	0	29333762	0	0	29333762	0	0	0	149.57.180.41
5	0	0	0	3	0	0	29421387	0	0	29377656	0	74.7.228.1
5	1	1	0	1	29318995	0	29318995	29318995	0	29318995	623	172.111.15.192
5	2	2	0	0	29330527	0	0	29319248	0	0	0	135.148.100.196
5	1	1	0	0	29320824	0	0	29320824	0	0	0	23.27.145.106
5	1	1	0	0	29322311	0	0	29322311	0	0	0	149.57.180.37
5	6	6	0	0	29415822	0	0	29408026	0	0	0	195.178.110.54
5	1	1	0	0	29324951	0	0	29324951	0	0	0	149.57.180.33
5	3	3	0	0	29358198	0	0	29328872	0	0	0	3.146.111.124
5	0	0	0	1	0	0	29352834	0	0	29352834	0	132.196.86.147
5	1	1	0	1	29383725	0	29383725	29383725	0	29383725	0	165.22.119.228
5	8	8	0	0	29415780	0	0	29348424	0	0	0	195.178.110.201
5	1	1	0	1	29318990	0	29318990	29318990	0	29318990	623	104.168.71.159
5	1	1	0	0	29322045	0	0	29322045	0	0	0	149.57.180.26
5	1	1	0	1	29362037	0	29362037	29362037	0	29362037	0	159.65.149.101
5	2	2	0	4	29423195	0	29423195	29423195	0	29423195	0	18.228.199.171
5	2	2	0	2	29417645	0	29417645	29417639	0	29417639	0	216.73.216.112
5	1	1	0	0	29417826	0	0	29417826	0	0	0	44.220.48.213
5	4	4	0	0	29448645	0	0	29430308	0	0	0	34.221.21.250
5	1	1	0	0	29319295	0	0	29319295	0	0	0	149.57.180.19
5	0	0	0	5	0	0	29421258	0	0	29407415	0	45.139.104.171
5	3	3	0	18	29337131	0	29337131	29337131	0	29337131	0	167.172.158.128
5	1	1	0	1	29406816	0	29406816	29406816	0	29406816	0	172.111.15.162
5	1	1	0	1	29341948	0	29341948	29341948	0	29341948	0	128.199.0.175
5	4	4	0	172	29334240	0	29334240	29334236	0	29334236	0	45.148.10.160
z	0	400	400	29449777	0
z	3	14	14	29319000	8896
z	4	57	42	29409287	262027
c	200	459	29449777
c	301	5	29319076
c	302	92	29409287
c	304	12	29319328
c	403	3	29418545
c	404	2314	29449722
c	499	7	29438176
