CACHE type 5 produced by analog 6.0/Unix. Do not modify or delete!
T	0	0	1200	637	271	2049	4738855504
D	29322080	29449767
20362	160	34	13	58090
20362	161	4	4	3884
20362	162	7	7	11736
20362	166	2	2	1942
20362	167	17	2	32412
20362	168	2	2	7079
20362	171	1	1	1169
20362	172	97	35	246963
20362	177	1	0	1695
20362	180	9	1	20985
20362	187	1	1	1169
20362	189	1	1	1169
20362	196	6	6	7014
20362	198	1	1	1169
20362	199	1	1	1169
20362	207	1	1	1169
20362	214	2	2	2338
20362	220	2	2	2338
20362	241	1	1	1169
20362	242	1	1	1169
20362	264	1	1	1169
20362	266	1	1	1169
20362	282	1	1	1169
20363	22	1	1	1169
20363	36	1	1	1169
20363	39	1	1	1169
20363	66	1	1	1169
20363	102	1	1	1169
20363	103	1	1	1169
20363	104	1	1	1169
20363	115	1	1	1169
20363	120	1	1	1169
20363	127	3	2	3987
20363	128	1	1	1169
20363	143	1	1	1169
20363	159	1	0	1695
20363	185	1	1	1169
20363	187	1	1	1169
20363	189	1	1	1169
20363	195	1	1	1169
20363	215	2	2	2338
20363	243	2	2	2338
20364	32	1	1	0
20364	72	5	2	12205
20364	172	1	1	1169
20364	198	1	1	1169
20364	241	1	1	1341
20364	243	1	1	1341
20364	247	1	1	1341
20364	261	1	1	1341
20364	266	1	1	1341
20365	116	4	4	3575
20365	123	4	4	18645
20365	124	8	0	624856
20365	125	11	7	389309
20365	126	4	0	312428
20365	127	10	2	626132
20365	128	2	2	1276
20365	129	2	2	1618
20365	131	1	1	638
20365	134	2	1	33175
20365	135	1	1	4278
20365	137	6	0	1340488
20365	138	3	0	670244
20365	179	1	1	1689
20366	73	1	1	1689
20366	102	7	3	95067869
20366	103	8	3	35531217
20366	104	7	1	223245
20366	105	5	0	164168
20366	106	2	2	5735
20366	113	10	1	54323542
20366	114	13	0	82942751
20366	115	22	0	344252514
20366	116	32	0	691706427
20366	127	7	0	98162260
20366	128	1	0	0
20366	137	2	1	2635
20366	138	1	1	1867
20366	140	3	3	9716
20366	141	1	1	1867
20366	143	1	1	784
20366	144	1	1	1867
20366	145	1	1	5910
20366	152	2	0	57388
20366	162	1	0	57388
20366	163	2	0	57388
20366	164	4	0	188628
20366	166	2	0	114776
20366	167	9	0	76851704
20366	168	1	1	1867
20366	204	1	1	1867
20366	206	1	1	1867
20366	219	1	1	1867
20366	247	2	2	3734
20366	267	1	1	1867
20367	49	2	0	19948644
20367	52	1	0	19548754
20367	73	1	0	57388
20367	102	2	0	73852
20367	149	2	0	73852
20367	163	2	2	3734
20367	171	2	0	39097508
20368	38	2	2	3734
20369	109	1	1	1867
20369	117	1	1	1867
20369	162	1	1	1867
20369	163	1	1	1867
20370	160	2	0	3678
20370	162	1	0	1839
20370	170	2	2	3325
20370	204	1	1	1577
20370	205	1	1	1581
20371	15	1	1	1668
20371	100	1	1	1678
20371	175	1	1	1609
20371	176	1	1	1614
20372	34	5	4	21217
20374	78	1	1	1136
20374	79	2	1	216826
20375	63	1	0	215768
20382	96	8	8	13336
20384	101	4	0	19234713
20388	84	1	1	1648
20388	225	3	3	4956
20388	228	1	1	1661
20388	229	1	1	1619
20388	233	6	6	9637
20388	251	1	1	1554
20389	17	1	1	1552
20389	22	1	1	1645
20389	24	1	1	1648
20389	40	1	1	1645
20389	88	1	1	1547
20389	115	1	1	1643
20389	120	1	1	1570
20389	122	1	1	1574
20389	126	1	1	1669
20389	196	1	1	1648
20389	252	1	1	1654
20389	262	1	1	1657
20390	1	1	1	1625
20390	117	1	1	1689
20390	118	1	1	1671
20390	168	1	1	1670
20391	13	1	1	1645
20391	45	2	0	328405
20391	46	2	0	0
20391	128	1	1	1612
20391	158	9	2	10154542
20391	170	2	0	1198188412
20391	177	1	1	1647
20392	43	2	0	2900598
20392	63	2	0	1198188412
20392	220	2	2	3224
20392	261	1	1	1610
20392	262	1	1	1613
20393	99	2	0	2900598
20393	100	1	0	1450299
20393	273	2	0	73852
20394	13	1	1	1653
20394	89	8	0	85018292
20394	90	4	0	31705450
20394	172	3	2	582800
20394	173	8	1	4061285
20394	174	6	0	1740054
20394	176	2	2	3358
20394	177	1	1	1676
20394	178	194	147	27452167
20394	179	9	6	1748213
20394	180	2	0	580018
20394	233	2	0	1160036
20395	69	1	1	1642
20395	70	1	1	1647
20395	74	1	1	1628
20397	196	1	1	1611
20397	202	1	1	1614
20398	48	2	0	37282
20398	51	2	0	473498
20398	54	1	0	22209
20398	57	3	0	929935
20398	276	2	2	3158
20399	31	1	1	1652
20399	92	1	0	453863
20400	32	6	4	155936
20400	33	1	0	68643
20400	127	1	0	159311
20401	50	1	1	1549
20402	52	1	1	1617
20402	113	1	1	1633
20402	247	1	1	1643
20402	249	1	1	1646
20403	53	1	0	91043
20403	54	2	1	92688
20403	246	1	1	1617
20403	269	1	1	1647
20403	287	1	1	1615
20404	119	1	1	1663
20404	223	1	1	1619
20404	267	1	1	1644
20405	172	1	1	1667
20405	180	1	1	1651
20405	205	1	1	1642
20405	206	1	1	1647
20407	114	1	1	1613
20407	205	1	1	1611
20407	258	1	1	1615
20408	64	1	1	1667
20410	179	5	0	230294662
20410	230	1	1	1613
20411	37	1	1	1647
20411	104	1	1	1643
20411	261	1	1	1612
20412	60	1	0	429387
20412	127	1	1	1652
20413	131	1	1	1646
20414	227	1	1	1642
20415	91	1	0	429387
20415	92	1	0	0
20415	123	2	0	858774
20415	182	1	1	1647
20415	244	1	1	1616
20416	280	1	1	1642
20417	38	1	0	376179
20417	141	1	1	1617
20417	152	1	1	1638
20417	194	1	1	1647
20419	10	1	1	1642
20419	29	1	1	1660
20419	31	1	1	1660
20419	45	1	0	0
20419	47	2	0	752358
20419	51	1	1	1644
20420	99	1	1	1647
20420	117	1	0	376179
20420	159	2	0	752358
20421	30	1	0	0
20421	72	1	1	1659
20421	89	1	0	376179
20421	108	1	0	376179
20421	144	1	1	1642
20423	116	1	1	1647
20423	137	1	1	1603
20423	148	6	6	9606
20423	150	4	4	6737
20423	166	1	1	1642
20423	190	1	1	1655
20423	200	1	1	1554
20423	223	1	1	1554
20423	248	1	1	1554
20423	285	1	1	1562
20424	1	1	1	1554
20424	26	1	1	1554
20424	43	1	1	1566
20424	73	1	1	1654
20424	77	1	1	1554
20424	88	1	1	1604
20424	91	1	1	1657
20424	155	1	1	1626
20424	218	1	1	1658
20424	238	1	1	1637
20425	96	1	1	1613
20425	166	1	1	1616
20425	201	1	1	1642
20425	241	1	1	1652
20426	38	1	1	1645
20426	69	6	6	9606
20427	59	1	1	1595
20427	74	1	1	1655
20427	84	1	1	1659
20427	107	1	1	1644
20427	148	3	3	4957
20427	157	7	0	22281006
20427	159	12	0	40074579
20427	160	12	0	40074579
20427	161	4	0	13358193
20427	163	3	3	4975
20427	165	1	1	1616
20427	201	1	1	1676
20427	211	1	1	1682
20427	214	1	1	1643
20427	255	1	1	1675
20427	264	3	3	4971
20427	272	1	1	1687
20427	277	1	1	1653
20428	91	1	1	1603
20428	98	2	2	3206
20428	107	1	1	1608
20428	141	1	1	1666
20428	143	1	1	1669
20428	225	1	1	1672
20428	229	1	1	1700
20428	230	1	1	1657
20428	243	1	1	1604
20428	254	1	1	1605
20428	263	1	1	1610
20429	18	1	1	1614
20429	28	1	1	1604
20429	38	1	1	1646
20429	100	1	1	1642
20429	115	1	0	1413278
20429	178	1	0	1220156
20429	179	1	1	1228602
20429	180	2	2	1230208
20429	185	1	1	1616
20429	280	1	1	1646
20429	281	1	1	1650
20430	57	1	1	1643
20430	58	3	3	4950
20430	64	1	1	1648
20430	72	3	3	4977
20430	165	1	1	1637
20430	224	1	1	1605
20430	257	1	1	1602
20431	10	1	1	1659
20431	26	1	1	1627
20431	58	1	1	1646
20431	65	1	1	1694
20431	103	1	1	1548
20431	159	1	1	1654
20431	175	1	1	1610
20431	208	1	1	1614
20432	69	2	1	1660
20432	96	1	1	1642
20432	148	1	0	429387
20432	149	3	0	1234953
20432	169	2	2	3344
20432	177	2	1	431002
20432	214	1	1	1612
20432	261	1	1	1614
20433	162	1	1	1558
20433	248	1	1	1646
20433	256	1	1	1612
20434	22	1	1	1615
20434	114	1	1	1643
20434	228	1	1	1577
20434	229	1	1	1582
20435	36	1	1	1628
20435	148	2	2	3206
20435	199	1	1	1571
20435	202	1	1	1553
20436	32	1	1	1573
20436	34	1	1	1647
20437	27	1	1	1608
20437	76	2	0	752358
20437	154	2	0	73852
20437	207	1	1	1643
20438	160	1	1	1549
20438	207	1	1	1614
20439	61	1	1	1647
20439	122	1	1	1652
20439	274	1	1	1647
20440	20	1	1	1662
20440	21	5	1	21728688
20440	86	1	1	1643
20440	88	7	0	54120825
20440	89	1	1	1662
20440	218	2	2	3344
20440	242	1	1	1657
20441	131	1	1	1612
20441	139	1	1	1646
20441	150	1	1	1710
20441	190	4	4	4959
20441	282	4	4	4977
20442	52	1	1	1670
20442	85	1	1	1632
20442	117	4	4	4959
20442	133	1	1	1649
20442	152	1	1	1643
20443	41	1	1	1573
20443	82	7	1	32968352
20443	83	2	1	3303
20443	152	1	1	1646
20444	54	1	1	1647
20444	247	1	1	1549
20444	265	1	1	1643
20445	47	1	1	1574
20445	113	1	1	1551
20445	131	1	0	353649
20445	134	1	1	1652
20445	189	1	0	353649
20446	88	1	0	376179
20446	90	1	1	1657
20446	118	1	1	1646
20446	142	1	1	1616
20447	1	1	1	1645
20447	8	1	1	1620
20447	147	1	1	1643
20448	165	1	1	1614
20448	243	1	1	1610
20449	24	1	1	1614
20449	92	2	2	3108
20449	196	1	1	1646
20449	213	6	0	11448363
20449	215	3	0	6021051
20449	216	2	0	4014034
20449	217	1	0	2007017
20449	220	1	0	2007017
20449	222	1	0	2007017
20449	223	3	0	6021051
20449	224	1	0	2007017
20449	225	2	0	4014034
20449	227	1	0	2007017
20449	229	1	0	2007017
20449	233	1	0	2007017
20449	234	1	0	2007017
20449	256	1	0	2007017
20449	259	1	0	2007017
20449	275	1	0	2007017
20450	4	1	0	2007017
20450	23	1	0	2007017
20450	27	1	0	2007017
20450	35	1	0	2007017
20450	39	1	0	2007017
20450	40	4	3	2012018
20450	48	1	0	2007017
20450	51	4	1	6022698
20450	53	1	0	2007017
20450	55	1	0	2007017
20450	58	1	0	2007017
20450	61	1	0	2007017
20450	64	2	0	4014034
20450	69	2	0	4014034
20450	81	1	0	2007017
20450	101	2	0	2007017
20450	102	2	0	2007017
20450	131	1	0	2007017
20450	136	1	0	2007017
20450	138	1	0	2007017
20450	139	2	2	3330
20450	140	1	0	0
20450	175	1	0	2007017
20450	223	1	0	2007017
20450	254	1	1	1643
20450	267	1	0	2007017
20450	282	1	0	2007017
20451	50	11	3	4414619
20451	62	1	1	1552
20451	65	1	0	2007017
1	0	0	0	1	0	0	29416778	0	0	29416778	0	/config/local_env.yml
1	0	0	0	8	0	0	29421801	0	0	29323361	0	/.env.local
1	0	0	0	5	0	0	29417591	0	0	29323362	0	/storage/logs/laravel.log
1	0	0	0	4	0	0	29417591	0	0	29409806	0	/_debug
1	0	0	0	3	0	0	29417591	0	0	29411004	0	/api/v1/config
1	0	0	0	4	0	0	29417904	0	0	29411003	0	/.env.prod.local
1	0	0	0	10	0	0	29417466	0	0	29323362	0	/config.js
1	0	0	0	2	0	0	29416778	0	0	29323362	0	/config/application.yml
1	0	0	0	1	0	0	29411003	0	0	29411003	0	/phpinfo.php.txt
1	0	0	0	4	0	0	29417591	0	0	29409807	0	/Dockerfile
1	0	0	0	2	0	0	29411004	0	0	29409807	0	/core/Datavase/.env
1	5	0	0	0	29324521	0	0	29322080	0	0	8388	/error/400.shtml
1	0	0	0	1	0	0	29416778	0	0	29416778	0	/rails.env
1	0	0	0	1	0	0	29411004	0	0	29411004	0	/modules/.env
1	0	0	0	1	0	0	29323362	0	0	29323362	0	/js/main.js
1	0	0	0	4	0	0	29417591	0	0	29409807	0	/app/logs/prod.log
1	0	0	0	1	0	0	29416778	0	0	29416778	0	/config/stripe.rb
1	0	0	0	1	0	0	29363832	0	0	29363832	0	/gif/ClipWindowsGIF.gif](https://files.magentaweb.org/gif/ClipWindowsGIF.gif)
1	0	0	0	1	0	0	29416778	0	0	29416778	0	/stripe/config
1	3	0	0	5	29322143	0	29335844	29322080	0	29335839	5034	/error/401.shtml
1	0	0	0	1	0	0	29416778	0	0	29416778	0	/config/puma.rb
1	0	0	0	1	0	0	29411004	0	0	29411004	0	/config/database.php
1	0	0	0	1	0	0	29323360	0	0	29323360	0	/mailer/.env
1	0	0	0	1	0	0	29411003	0	0	29411003	0	/upload/phpinfo.php
1	0	0	0	1	0	0	29416778	0	0	29416778	0	/aws-keys.json
1	0	0	0	1	0	0	29323361	0	0	29323361	0	/crm/.env
1	0	0	0	2	0	0	29322093	0	0	29322080	0	/%3FC%3DD%3BO%3DA
1	0	0	0	53	0	0	29446286	0	0	29322080	0	/.env
1	0	0	0	1	0	0	29411003	0	0	29411003	0	/html/info.php
1	0	0	0	2	0	0	29367579	0	0	29366703	0	/.git/info/exclude
1	4	0	0	0	29322183	0	0	29322080	0	0	6660	/error/402.shtml
1	0	0	0	1	0	0	29416778	0	0	29416778	0	/config/cable.yml
1	68	0	0	0	29368526	0	0	29368222	0	0	37121152	/.zip/HTML Help Workshop.zip
1	0	0	0	1	0	0	29368260	0	0	29368260	0	/.zip/auth
1	0	0	0	11	0	0	29362444	0	0	29322276	0	/js/lkk_ch.js
1	0	0	0	4	0	0	29417591	0	0	29409807	0	/.api_keys
1	0	0	0	1	0	0	29411003	0	0	29411003	0	/tmp/phpinfo.php
1	4	0	0	0	29322183	0	0	29322080	0	0	6665	/error/403.shtml
1	0	0	0	4	0	0	29417591	0	0	29409807	0	/s3.yml
1	0	0	0	4	0	0	29417591	0	0	29409807	0	/api_keys.json
1	0	0	0	1	0	0	29409807	0	0	29409807	0	/src/.env.bak
1	0	0	0	1	0	0	29416778	0	0	29416778	0	/api_keys.js
1	0	0	0	2	0	0	29411004	0	0	29409807	0	/configuration.json
1	3	0	0	0	29353468	0	0	29353466	0	0	11390523	/mp3/OPEN.mp3
1	0	0	0	1	0	0	29323360	0	0	29323360	0	/service/email_service.py
1	7	0	0	2	29438338	0	29335839	29322080	0	29335839	11807	/error/404.shtml
1	0	0	0	1	0	0	29411004	0	0	29411004	0	/config/app.php
1	0	0	0	3	0	0	29417592	0	0	29411003	0	/info1.php
1	0	0	0	1	0	0	29323358	0	0	29323358	0	/wp-config
1	0	0	0	1	0	0	29416778	0	0	29416778	0	/config/stripe.js
1	2	0	0	0	29380590	0	0	29380589	0	0	182086	/minecraft/crashreports/crash-2025-11-10_09.27.23-server.txt
1	0	0	0	1	0	0	29323358	0	0	29323358	0	/_profiler/phpinfo/phpinfo.php
1	0	0	0	1	0	0	29416778	0	0	29416778	0	/stripe_keys.py
1	0	0	0	5	0	0	29327754	0	0	29322080	0	/cgi-bin/
1	4	0	0	0	29322183	0	0	29322080	0	0	8069	/error/405.shtml
1	0	0	0	1	0	0	29368260	0	0	29368260	0	/.zip/index.php
1	0	0	0	1	0	0	29416778	0	0	29416778	0	/config.ini
1	0	0	0	4	0	0	29417591	0	0	29409807	0	/keys.json
1	0	0	0	1	0	0	29323360	0	0	29323360	0	/website/.env
1	0	0	0	1	0	0	29411003	0	0	29411003	0	/old/info.php
1	0	0	0	1	0	0	29323362	0	0	29323362	0	/app.py
1	0	0	0	1	0	0	29411003	0	0	29411003	0	/backup/phpinfo.php
1	0	0	0	1	0	0	29323358	0	0	29323358	0	/_profiler/phpinfo/info.php
1	0	0	0	1	0	0	29416778	0	0	29416778	0	/django_settings.json
1	0	0	0	1	0	0	29323361	0	0	29323361	0	/scripts/nodemailer.js
1	4	0	0	0	29322183	0	0	29322080	0	0	8096	/error/406.shtml
1	0	0	0	1	0	0	29416778	0	0	29416778	0	/aws/credentials
1	0	0	0	1	0	0	29409807	0	0	29409807	0	/.env.swp
1	2	0	0	0	29327619	0	0	29327619	0	0	70088976	/mp4/6.mp4
1	0	0	0	1	0	0	29409806	0	0	29409806	0	/app/.env.bak
1	0	0	0	1	0	0	29416778	0	0	29416778	0	/.pythonenv
1	0	0	0	1	0	0	29411003	0	0	29411003	0	/phpinfo.php.tmp
1	0	0	0	4	0	0	29417591	0	0	29409807	0	/oauth.json
1	4	4	0	0	29327727	0	0	29326217	0	0	3800	/fonts/
1	11	11	0	2	29376164	0	29335839	29322080	0	29335839	65010	/error/
1	0	0	0	4	0	0	29417591	0	0	29409807	0	/Thumbs.db
1	0	0	0	1	0	0	29409807	0	0	29409807	0	/.env.tmp
1	3	0	0	0	29363274	0	0	29363265	0	0	169094	/pdf/doogle/DPIA Doogle and Lens Features.pdf
1	0	0	0	1	0	0	29416778	0	0	29416778	0	/aws-keys.env
1	4	0	0	0	29322183	0	0	29322080	0	0	8226	/error/407.shtml
1	0	0	0	1	0	0	29368260	0	0	29368260	0	/.zip/login
1	25	0	0	0	29329336	0	0	29327623	0	0	368493572	/mp4/17.mp4
1	0	0	0	1	0	0	29415577	0	0	29415577	0	/app_dev.php/_profiler/open?file=app/config/config.yml
1	0	0	0	2	0	0	29411004	0	0	29409807	0	/saas/.env
1	0	0	0	4	0	0	29417591	0	0	29409807	0	/aws-config.json
1	0	0	0	1	0	0	29409807	0	0	29409807	0	/assets/.env.old
1	0	0	0	1	0	0	29416778	0	0	29416778	0	/aws/secrets.json
1	0	0	0	9	0	0	29413787	0	0	29322080	0	/@vite/env
1	0	0	0	8	0	0	29417466	0	0	29360763	0	/.git/logs/HEAD
1	0	0	0	4	0	0	29417591	0	0	29409806	0	/.s3cfg
1	4	0	0	0	29322184	0	0	29322080	0	0	8097	/error/408.shtml
1	0	0	0	3	0	0	29417591	0	0	29411004	0	/api/v2/config
1	0	0	0	1	0	0	29409807	0	0	29409807	0	/.env.orig
1	0	0	0	1	0	0	29368256	0	0	29368256	0	/auth.php
1	71	0	0	3	29438333	0	29367810	29327553	0	29367807	535805065	/mp4/1.mp4
1	0	0	0	1	0	0	29323360	0	0	29323360	0	/node/.env_example
1	0	0	0	2	0	0	29411004	0	0	29409806	0	/administrator/.env
1	0	0	0	1	0	0	29416778	0	0	29416778	0	/python.config.json
1	0	0	0	1	0	0	29411003	0	0	29411003	0	/assets/info.php
1	3	0	0	0	29322143	0	0	29322080	0	0	6030	/error/409.shtml
1	3	0	0	0	29322143	0	0	29322080	0	0	5928	/error/410.shtml
1	0	0	2	0	0	29333597	0	0	29333597	0	0	/searching-not-allowed.shtmlsearching-not-allowed.shtmlsearching-not-allowed.shtmlsearching-not-allowed.shtmlsearching-not-allowed.shtmlsearching-not-allowed.shtml
1	0	0	0	2	0	0	29416778	0	0	29323362	0	/app.js
1	1	0	0	0	29418652	0	0	29418652	0	0	1220156	/minecraft/logs/debug.log
1	3	0	0	0	29327621	0	0	29327621	0	0	76381395	/mp4/12.mp4
1	0	0	2	0	0	29333597	0	0	29333597	0	0	/searching-not-allowed.shtmlsearching-not-allowed.shtml
1	0	0	0	1	0	0	29409807	0	0	29409807	0	/public/.env.save
1	0	0	0	3	0	0	29417591	0	0	29411003	0	/1.php
1	0	0	18	0	0	29333599	0	0	29333597	0	0	/searching-not-allowed.shtmlsearching-not-allowed.shtml403.shtml
1	0	0	0	1	0	0	29323360	0	0	29323360	0	/laravel/core/.env
1	3	0	0	0	29322143	0	0	29322080	0	0	6120	/error/411.shtml
1	0	0	0	1	0	0	29323361	0	0	29323361	0	/static/js/2.ca066a4b.chunk.js
1	0	0	0	7	0	0	29327757	0	0	29322080	0	/files/
1	0	0	0	1	0	0	29416778	0	0	29416778	0	/global.json
1	0	0	0	1	0	0	29323362	0	0	29323362	0	/swagger.js
1	0	0	0	1	0	0	29367579	0	0	29367579	0	/.git/ORIG_HEAD
1	0	0	0	1	0	0	29409807	0	0	29409807	0	/config/.env.old
1	0	0	0	1	0	0	29323362	0	0	29323362	0	/apis/controllers/users.js
1	0	0	0	1	0	0	29323362	0	0	29323362	0	/backend/config/development.yml
1	0	0	0	1	0	0	29411003	0	0	29411003	0	/upload/info.php
1	2	0	0	0	29322143	0	0	29322140	0	0	4082	/error/412.shtml
1	2	2	0	0	29322144	0	0	29322141	0	0	11820	/error/?C=S;O=D
1	0	0	0	1	0	0	29323363	0	0	29323363	0	/controller/admin/post.js
1	2	2	0	0	29322143	0	0	29322141	0	0	11820	/error/?C=S;O=A
1	0	0	0	1	0	0	29416778	0	0	29416778	0	/stripe/config.php
1	0	0	0	6	0	0	29413787	0	0	29359886	0	/webjars/swagger-ui/
1	0	0	0	4	0	0	29417591	0	0	29409807	0	/debug.log
1	0	0	0	1	0	0	29416778	0	0	29416778	0	/secrets.yml.enc
1	0	0	0	1	0	0	29411003	0	0	29411003	0	/cgi-bin/info.php
1	0	0	0	1	0	0	29416778	0	0	29416778	0	/config.properties
1	1	1	0	0	29338954	0	0	29338954	0	0	1136	/minecraft/
1	3	0	0	0	29322143	0	0	29322080	0	0	6069	/error/413.shtml
1	0	0	0	6	0	0	29417591	0	0	29323361	0	/test.php
1	0	0	0	1	0	0	29411003	0	0	29411003	0	/static/phpinfo.php
1	0	0	0	1	0	0	29411003	0	0	29411003	0	/uploads/info.php
1	0	0	0	5	0	0	29417591	0	0	29323358	0	/_profiler/phpinfo
1	3	0	0	0	29322143	0	0	29322080	0	0	6096	/error/500.shtml
1	0	0	0	1	0	0	29323360	0	0	29323360	0	/xampp/.env
1	0	0	0	8	0	0	29413787	0	0	29322080	0	/server-status
1	2	0	0	0	29322143	0	0	29322140	0	0	4032	/error/414.shtml
1	1	0	0	0	29328990	0	0	29328990	0	0	16464	/fonts/normal/16Segment.ttf?79.217.216.128
1	0	0	0	1	0	0	29323361	0	0	29323361	0	/.env.production.local
1	0	0	0	1	0	0	29411004	0	0	29411004	0	/storage/.env
1	2	2	0	0	29322143	0	0	29322141	0	0	11820	/error/?C=N;O=D
1	0	0	0	1	0	0	29411003	0	0	29411003	0	/html/phpinfo.php
1	2	2	0	0	29322144	0	0	29322141	0	0	11820	/error/?C=N;O=A
1	2	0	0	0	29322143	0	0	29322140	0	0	4038	/error/501.shtml
1	0	0	0	4	0	0	29417591	0	0	29409806	0	/docker-compose.yaml
1	0	0	0	1	0	0	29416778	0	0	29416778	0	/.env.js
1	0	0	1	0	0	29376164	0	0	29376164	0	0	/json
1	0	0	0	12	0	0	29417591	0	0	29322080	0	/.DS_Store
1	3	0	0	0	29322143	0	0	29322080	0	0	6123	/error/415.shtml
1	0	0	0	1	0	0	29416778	0	0	29416778	0	/config/services.php
1	0	0	0	1	0	0	29416778	0	0	29416778	0	/backend/secrets.js
1	0	0	0	1	0	0	29411003	0	0	29411003	0	/tmp/info.php
1	0	0	0	8	0	0	29413788	0	0	29322080	0	/telescope/requests
1	3	0	0	0	29322143	0	0	29322080	0	0	6069	/error/502.shtml
1	2	0	0	0	29322143	0	0	29322140	0	0	4122	/error/416.shtml
1	0	0	0	1	0	0	29323363	0	0	29323363	0	/controllers/settings.js
1	3	0	0	0	29449690	0	0	29373407	0	0	1361589	/png/Bild_2025-11-05_104742365.png
1	0	0	0	1	0	0	29363265	0	0	29363265	0	/pdf/doogle/LIA
1	0	0	0	1	0	0	29416778	0	0	29416778	0	/secrets.php
1	0	0	0	1	0	0	29368260	0	0	29368260	0	/.zip/login.php
1	0	0	0	4	0	0	29417591	0	0	29409807	0	/azure.json
1	0	0	0	1	0	0	29409806	0	0	29409806	0	/api/.env.old
1	0	0	0	1	0	0	29409807	0	0	29409807	0	/assets/.env.bak
1	0	0	0	1	0	0	29323362	0	0	29323362	0	/shared/config/config.js
1	0	0	0	1	0	0	29411003	0	0	29411003	0	/php_info.php.tmp
1	2	0	0	0	29322143	0	0	29322140	0	0	4024	/error/503.shtml
1	0	0	0	1	0	0	29416778	0	0	29416778	0	/config
1	0	0	0	1	0	0	29409807	0	0	29409807	0	/.env~
1	3	0	0	0	29322143	0	0	29322080	0	0	6063	/error/417.shtml
1	0	0	0	1	0	0	29322080	0	0	29322080	0	/error/%3FC%3DM%3BO%3DA
1	0	0	0	1	0	0	29416778	0	0	29416778	0	/stripe.json
1	0	0	0	7	0	0	29413787	0	0	29322080	0	/debug/default/view?panel=config
1	0	0	0	2	0	0	29411004	0	0	29409806	0	/core/app/.env
1	0	0	0	1	0	0	29409806	0	0	29409806	0	/src/.env.save
1	0	0	0	5	0	0	29417591	0	0	29323357	0	/phpinfo.php
1	3	0	0	0	29322143	0	0	29322080	0	0	6030	/error/504.shtml
1	0	0	0	1	0	0	29323357	0	0	29323357	0	/env/.env
1	0	0	0	3	0	0	29417591	0	0	29411003	0	/info3.php
1	0	0	0	3	0	0	29437068	0	0	29435991	0	/public/vendor/laravel-filemanager/js/script.js
1	0	0	0	1	0	0	29411004	0	0	29411004	0	/themes/.env
1	0	0	0	1	0	0	29323362	0	0	29323362	0	/configs/routes-4aug.js
1	0	0	1	0	0	29326271	0	0	29326271	0	0	/fonts/normal
1	0	0	0	1	0	0	29323362	0	0	29323362	0	/backend/config/default.yml
1	0	0	1	0	0	29326183	0	0	29326183	0	0	/forms/fabricatedchaos?79.217.216.128
1	0	0	0	3	0	0	29411004	0	0	29323360	0	/laravel/.env
1	0	0	0	1	0	0	29411003	0	0	29411003	0	/test.php.save
1	0	0	2	0	0	29333597	0	0	29333597	0	0	/searching-not-allowed.shtmlsearching-not-allowed.shtmlsearching-not-allowed.shtmlsearching-not-allowed.shtmlsearching-not-allowed.shtmlsearching-not-allowed.shtmlsearching-not-allowed.shtmlsearching-not-allowed.shtmlsearching-not-allowed.shtmlsearching-not-allowed.shtml
1	2	0	0	0	29322143	0	0	29322140	0	0	4086	/error/505.shtml
1	0	0	0	4	0	0	29417591	0	0	29409806	0	/kubernetes.yml
1	1	1	0	0	29323234	0	0	29323234	0	0	1169	/?51.81.46.212
1	2	2	0	0	29322143	0	0	29322140	0	0	2338	/?C=M;O=D
1	0	0	0	1	0	0	29411003	0	0	29411003	0	/admin/test.php
1	0	0	0	6	0	0	29421802	0	0	29409806	0	/.aws/config
1	0	0	0	12	0	0	29409585	0	0	29379425	0	/robots.txt?149.57.180.12
1	0	0	0	1	0	0	29378124	0	0	29378124	0	/.gitignore?149.57.180.12
1	0	0	0	1	0	0	29323362	0	0	29323362	0	/configs/routes.js
1	3	3	0	0	29327743	0	0	29322140	0	0	4205	/?C=M;O=A
1	0	0	0	2	0	0	29403596	0	0	29376164	0	/apple-touch-icon.png
1	0	0	0	3	0	0	29416778	0	0	29409807	0	/config/database.yml
1	0	0	0	1	0	0	29411004	0	0	29411004	0	/plugins/.env
1	0	0	0	1	0	0	29368259	0	0	29368259	0	/.zip/HTML%2520Help%2520Workshop.zip
1	2	2	0	0	29322144	0	0	29322141	0	0	11820	/error/?C=D;O=D
1	1	1	0	0	29363831	0	0	29363831	0	0	782	/gif/
1	2	2	0	0	29322143	0	0	29322141	0	0	11820	/error/?C=D;O=A
1	0	0	0	1	0	0	29416778	0	0	29416778	0	/stripe.js
1	3	0	0	0	29322143	0	0	29322080	0	0	6144	/error/506.shtml
1	0	0	0	1	0	0	29409807	0	0	29409807	0	/config/.env.bak
1	0	0	0	1	0	0	29323362	0	0	29323362	0	/gatsby-config.js
1	2	0	0	0	29327619	0	0	29327619	0	0	80521532	/mp4/8.mp4
1	0	0	0	1	0	0	29411004	0	0	29411004	0	/client/.env
1	0	0	0	2	0	0	29411003	0	0	29409806	0	/lab/.env
1	0	0	0	1	0	0	29416778	0	0	29416778	0	/node_modules/.bin/env
1	0	0	0	1	0	0	29409807	0	0	29409807	0	/admin/.env.save
1	0	0	0	7	0	0	29421801	0	0	29409807	0	/.env.production
1	0	0	0	6	0	0	29413787	0	0	29359886	0	/api/graphql
1	2	0	0	5	29340315	0	29340315	29338955	0	29338955	431536	/minecraft/crashreports/crash-2025-10-12_11.59.43-server.txt
1	0	0	0	1	0	0	29323362	0	0	29323362	0	/admin/controllers/partner.js
1	0	0	0	1	0	0	29416778	0	0	29416778	0	/aws/credentials.bak
1	1	0	0	0	29366418	0	0	29366418	0	0	1450299	/gif/ClipWindowsGIF.gif?157.143.122.60
1	2	0	0	0	29322143	0	0	29322140	0	0	4066	/error/507.shtml
1	0	0	0	8	0	0	29413787	0	0	29322080	0	/actuator/env
1	0	0	0	4	0	0	29417591	0	0	29409806	0	/backup.tar.gz
1	0	0	18	4	0	29333599	29333652	0	29333597	29333601	0	/searching-not-allowed.shtmlsearching-not-allowed.shtmlsearching-not-allowed.shtmlsearching-not-allowed.shtmlsearching-not-allowed.shtmlsearching-not-allowed.shtmlsearching-not-allowed.shtmlsearching-not-allowed.shtmlsearching-not-allowed.shtml403.shtml
1	59	0	0	0	29449767	0	0	29447629	0	0	112392952	/png/1und1-lsd-250-0-monate-kostenlos.png
1	0	0	0	6	0	0	29417903	0	0	29409807	0	/.env.development
1	0	0	0	1	0	0	29416778	0	0	29416778	0	/config/local.py
1	0	0	0	2	0	0	29411004	0	0	29409807	0	/tools/.env
1	2	0	0	0	29322143	0	0	29322140	0	0	4038	/error/422.shtml
1	0	0	0	2	0	0	29411004	0	0	29409806	0	/docker/.env
1	0	0	0	1	0	0	29323360	0	0	29323360	0	/js/.env
1	0	0	0	1	0	0	29416778	0	0	29416778	0	/django.ini
1	0	0	0	1	0	0	29409807	0	0	29409807	0	/config/.env.save
1	0	0	0	4	0	0	29417860	0	0	29416064	0	/.git/
1	0	0	0	3	0	0	29416778	0	0	29409807	0	/config.yaml
1	0	0	0	1	0	0	29411004	0	0	29411004	0	/logs/error.log
1	0	0	0	1	0	0	29411003	0	0	29411003	0	/dev/phpinfo.php
1	0	0	18	0	0	29333599	0	0	29333597	0	0	/searching-not-allowed.shtmlsearching-not-allowed.shtmlsearching-not-allowed.shtmlsearching-not-allowed.shtmlsearching-not-allowed.shtmlsearching-not-allowed.shtmlsearching-not-allowed.shtml403.shtml
1	3	0	0	0	29322143	0	0	29322080	0	0	5967	/error/423.shtml
1	0	0	0	1	0	0	29323361	0	0	29323361	0	/admin/server_info.php
1	0	0	0	1	0	0	29411003	0	0	29411003	0	/info.php.old
1	0	0	0	2	0	0	29411004	0	0	29409807	0	/config/app.yml
1	0	0	0	4	0	0	29417591	0	0	29409806	0	/credentials.json
1	0	0	0	2	0	0	29322093	0	0	29322080	0	/files/https:/fonts.googleapis.com/css2%3Ffamily%3DNabla%26family%3DNova+Square%26display%3Dswap
1	0	0	0	9	0	0	29413787	0	0	29322080	0	/.vscode/sftp.json
1	3	0	0	0	29327618	0	0	29327555	0	0	17861488	/mp4/3.mp4
1	0	0	0	6	0	0	29413787	0	0	29359886	0	/graphql
1	0	0	0	1	0	0	29411003	0	0	29411003	0	/admin/php.php
1	0	0	0	1	0	0	29416778	0	0	29416778	0	/database.json
1	3	0	0	0	29322142	0	0	29322080	0	0	6000	/error/510.shtml
1	0	0	0	1	0	0	29416778	0	0	29416778	0	/app.json
1	2	0	0	0	29322143	0	0	29322140	0	0	3574	/error/424.shtml
1	6	6	0	0	29327571	0	0	29326217	0	0	26477	/fonts/normal/
1	0	0	0	1	0	0	29416778	0	0	29416778	0	/configuration
1	2	0	0	0	29327622	0	0	29327622	0	0	55592446	/mp4/14.mp4
1	0	0	0	1	0	0	29416778	0	0	29416778	0	/config/environment.rb
1	0	0	0	1	0	0	29323362	0	0	29323362	0	/config/storage.yml
1	1	0	0	0	29448507	0	0	29448507	0	0	0	/png/1und1-lsd-250-0-monate-kostenlos.png?44.242.249.88
1	0	0	0	3	0	0	29417591	0	0	29411003	0	/3.php
1	0	0	0	1	0	0	29411003	0	0	29411003	0	/static/info.php
1	0	0	0	1	0	0	29416778	0	0	29416778	0	/config/master.key
1	0	0	0	6	0	0	29413787	0	0	29359886	0	/v3/api-docs
1	0	0	0	1	0	0	29411003	0	0	29411003	0	/www/phpinfo.php
1	0	0	3	0	0	29322183	0	0	29322119	0	0	/error
1	0	0	0	1	0	0	29411003	0	0	29411003	0	/scripts/phpinfo.php
1	0	0	0	3	0	0	29417591	0	0	29411003	0	/i.php
1	0	0	0	1	0	0	29411004	0	0	29411004	0	/var/log/apache2/error.log
1	0	0	0	2	0	0	29411004	0	0	29409807	0	/wp-config.php.save
1	0	0	0	1	0	0	29416778	0	0	29416778	0	/package.json
1	0	0	0	1	0	0	29409807	0	0	29409807	0	/api/.env.bak
1	0	0	0	4	0	0	29417591	0	0	29409807	0	/database.sql
1	0	0	0	1	0	0	29416778	0	0	29416778	0	/.config/stripe/config.toml
1	0	0	1	1	0	29338954	29338954	0	29338954	29338954	0	/minecraft
1	0	0	0	1	0	0	29416778	0	0	29416778	0	/frontend/env.json
1	9	9	0	0	29326258	0	0	29326183	0	0	6084	/forms/fabricatedchaos/
1	0	0	2	0	0	29333597	0	0	29333597	0	0	/searching-not-allowed.shtmlsearching-not-allowed.shtmlsearching-not-allowed.shtml
1	11	0	0	0	29430051	0	0	29327562	0	0	164640	/fonts/normal/16Segment.ttf
1	0	0	0	1	0	0	29326237	0	0	29326237	0	/forms/fabricatedchaos,
1	0	0	0	1	0	0	29415930	0	0	29415930	0	/_fragment?_path=what%3D-1%26_controller%3Dphpinfo&_hash=HQCjkBFef6vrJBeK9d3Y9xdJZrMEJCz1tPxxsIGPYQU%3D
1	0	0	0	1	0	0	29416778	0	0	29416778	0	/aws/config.properties
1	0	0	0	1	0	0	29323358	0	0	29323358	0	/new/.env.staging
1	0	0	0	3	0	0	29416778	0	0	29409807	0	/settings.json
1	0	0	0	1	0	0	29323361	0	0	29323361	0	/.env_sample
1	0	0	0	1	0	0	29322080	0	0	29322080	0	/error/%3FC%3DS%3BO%3DA
1	0	0	18	1	0	29333599	29333604	0	29333597	29333604	0	/searching-not-allowed.shtmlsearching-not-allowed.shtmlsearching-not-allowed.shtmlsearching-not-allowed.shtmlsearching-not-allowed.shtml403.shtml
1	0	0	1	0	0	29363831	0	0	29363831	0	0	/gif
1	0	0	0	1	0	0	29411003	0	0	29411003	0	/public/test.php
1	0	0	0	1	0	0	29416778	0	0	29416778	0	/local.json
1	0	0	0	2	0	0	29409807	0	0	29323361	0	/.env.prod
1	0	0	0	10	0	0	29417466	0	0	29323360	0	/admin/.env
1	0	0	0	11	0	0	29362444	0	0	29322276	0	/js/twint_ch.js
1	1	0	0	0	29449691	0	0	29449691	0	0	20851	/png/Bild_2025-11-06_080630864.png
1	0	0	0	2	0	0	29411004	0	0	29409807	0	/v1/.env
1	0	0	0	2	0	0	29411004	0	0	29409807	0	/includes/.env
1	0	0	0	5	0	0	29417904	0	0	29409807	0	/.env.backup
1	0	0	0	1	0	0	29416778	0	0	29416778	0	/stripe_api.json
1	3	3	0	0	29326227	0	0	29326227	0	0	32949	/fonts/static/?C=N;O=D
1	0	0	0	1	0	0	29411003	0	0	29411003	0	/backup/info.php
1	0	0	0	6	0	0	29413787	0	0	29359886	0	/swagger-ui.html
1	0	0	2	0	0	29333597	0	0	29333597	0	0	/searching-not-allowed.shtmlsearching-not-allowed.shtmlsearching-not-allowed.shtmlsearching-not-allowed.shtmlsearching-not-allowed.shtmlsearching-not-allowed.shtmlsearching-not-allowed.shtmlsearching-not-allowed.shtmlsearching-not-allowed.shtml
1	8	8	0	0	29413788	0	0	29322080	0	0	11671	/?rest_route=/wp/v2/users/
1	3	3	0	0	29326227	0	0	29326227	0	0	32949	/fonts/static/?C=N;O=A
1	0	0	2	0	0	29333597	0	0	29333597	0	0	/searching-not-allowed.shtmlsearching-not-allowed.shtmlsearching-not-allowed.shtmlsearching-not-allowed.shtml
1	0	0	0	3	0	0	29417591	0	0	29411004	0	/var/www/html/error_log
1	0	0	1	0	0	29326227	0	0	29326227	0	0	/fonts/static
1	0	0	0	1	0	0	29411003	0	0	29411003	0	/test/phpinfo.php
1	1	0	0	0	29326285	0	0	29326285	0	0	574308	/fonts/normal/CairoPlay-VariableFont_slnt,wght.ttf
1	0	0	0	8	0	0	29413788	0	0	29322080	0	/_all_dbs
1	0	0	0	1	0	0	29411004	0	0	29411004	0	/server/.env
1	0	0	0	1	0	0	29323360	0	0	29323360	0	/config.env
1	1	0	0	0	29376636	0	0	29376636	0	0	159311	/pdf/doogle/LIA Doogle and Lens Features.pdf?149.57.180.12
1	0	0	0	2	0	0	29416778	0	0	29323362	0	/api/config.js
1	0	0	0	1	0	0	29416778	0	0	29416778	0	/yarn.lock
1	0	0	0	1	0	0	29416778	0	0	29416778	0	/.aws/secrets
1	0	0	0	1	0	0	29416778	0	0	29416778	0	/app.ini
1	0	0	0	229	0	0	29449767	0	0	29322081	0	/favicon.ico
1	0	0	0	1	0	0	29368260	0	0	29368260	0	/.zip/panel/
1	0	0	18	0	0	29333599	0	0	29333597	0	0	/searching-not-allowed.shtmlsearching-not-allowed.shtmlsearching-not-allowed.shtmlsearching-not-allowed.shtmlsearching-not-allowed.shtmlsearching-not-allowed.shtmlsearching-not-allowed.shtmlsearching-not-allowed.shtml403.shtml
1	1	0	0	0	29442684	0	0	29442684	0	0	376179	/jpeg/IMG_1723.jpeg?44.218.6.122
1	0	0	0	3	0	0	29417591	0	0	29411004	0	/k8s-config.yml
1	0	0	0	4	0	0	29417904	0	0	29323357	0	/api/.env
1	0	0	0	1	0	0	29353466	0	0	29353466	0	/mp3/OPEN.mp3?157.143.122.60
1	0	0	0	3	0	0	29437068	0	0	29435991	0	/vendor/laravel-filemanager/js/script.js
1	0	0	0	3	0	0	29417591	0	0	29411003	0	/php-info.php
1	0	0	0	1	0	0	29368255	0	0	29368255	0	/panel/
1	5	5	0	1	29412483	0	29413869	29382358	0	29413869	8173	/?149.57.180.12
1	0	0	0	9	0	0	29417466	0	0	29323360	0	/backend/.env
1	0	0	0	1	0	0	29368256	0	0	29368256	0	/panel.php
1	0	0	0	2	0	0	29411003	0	0	29409806	0	/lib/.env
1	0	0	0	4	0	0	29417591	0	0	29409806	0	/site-backup.zip
1	0	0	0	3	0	0	29409525	0	0	29373684	0	/.env?149.57.180.12
1	0	0	0	1	0	0	29411003	0	0	29411003	0	/test.php.tmp
1	1	0	0	0	29393584	0	0	29393584	0	0	429387	/A.jpeg
1	2	0	0	0	29326290	0	0	29326289	0	0	77096	/fonts/normal/Orbitron.ttf
1	0	0	0	1	0	0	29411003	0	0	29411003	0	/web/test.php
1	0	0	0	1	0	0	29416778	0	0	29416778	0	/config/routes.rb
1	0	0	0	6	0	0	29413787	0	0	29359886	0	/graphql/api
1	0	0	0	1	0	0	29411004	0	0	29411004	0	/var/log/nginx/error.log
1	0	0	0	2	0	0	29411004	0	0	29409807	0	/.config
1	0	0	0	4	0	0	29417591	0	0	29409807	0	/.docker/config.json
1	0	0	0	1	0	0	29368255	0	0	29368255	0	/auth
1	0	0	0	5	0	0	29417591	0	0	29409807	0	/secrets.json
1	0	0	57	0	0	29368255	0	0	29368222	0	0	/.zip
1	1	0	0	0	29326285	0	0	29326285	0	0	38548	/fonts/normal/Orbitron-VariableFont_wght.ttf
1	3	0	0	0	29449690	0	0	29373391	0	0	66627	/png/Bild_2025-11-05_103113568.png
1	0	0	0	1	0	0	29324805	0	0	29324805	0	/favicon.ico?79.217.216.128
1	0	0	0	3	0	0	29417591	0	0	29411003	0	/php.php
1	0	0	0	1	0	0	29322080	0	0	29322080	0	/error/%3FC%3DN%3BO%3DD
1	0	0	0	1	0	0	29323361	0	0	29323361	0	/server/config/database.js
1	0	0	0	1	0	0	29411003	0	0	29411003	0	/info.php.bak
1	1	0	0	0	29326285	0	0	29326285	0	0	57388	/fonts/normal/Tomorrow-Regular.ttf
1	0	0	0	2	0	0	29417903	0	0	29409807	0	/.env.dev
1	0	0	0	5	0	0	29417591	0	0	29409807	0	/aws.json
1	0	0	0	1	0	0	29323360	0	0	29323360	0	/main/.env
1	0	0	0	2	0	0	29411004	0	0	29409807	0	/assets/.env
1	0	0	0	1	0	0	29323362	0	0	29323362	0	/config/aws.yml
1	0	0	0	1	0	0	29411004	0	0	29411004	0	/settings/config.php
1	0	0	0	1	0	0	29416778	0	0	29416778	0	/local.settings.json
1	0	0	0	4	0	0	29417591	0	0	29409807	0	/php_error.log
1	0	0	0	1	0	0	29416778	0	0	29416778	0	/database.properties
1	0	0	0	1	0	0	29411003	0	0	29411003	0	/includes/info.php
1	6	0	0	0	29326238	0	0	29326220	0	0	299088	/fonts/static/TurretRoad-Medium.ttf
1	0	0	0	1	0	0	29411003	0	0	29411003	0	/dev/test.php
1	0	0	0	1	0	0	29371519	0	0	29371519	0	/.env?65.94.78.197
1	0	0	0	1	0	0	29416778	0	0	29416778	0	/local_settings.py
1	0	0	0	1	0	0	29416778	0	0	29416778	0	/env
1	2	2	0	0	29326227	0	0	29326217	0	0	21966	/fonts/static/
1	0	0	0	4	0	0	29417591	0	0	29409807	0	/backup.zip
1	0	0	0	1	0	0	29416778	0	0	29416778	0	/.env.php
1	1	1	0	0	29449690	0	0	29449690	0	0	2013	/png/
1	0	0	0	1	0	0	29416778	0	0	29416778	0	/app.config.js
1	0	0	0	1	0	0	29411003	0	0	29411003	0	/files/phpinfo.php
1	0	0	0	3	0	0	29437068	0	0	29435991	0	/public/_ignition/execute-solution
1	0	0	0	4	0	0	29417591	0	0	29409807	0	/secrets.yml
1	1	0	0	0	29353468	0	0	29353468	0	0	7844190	/mp3/CLOSED.mp3
1	0	0	0	1	0	0	29411003	0	0	29411003	0	/test/test.php
1	0	0	0	4	0	0	29417591	0	0	29411003	0	/phpversion.php
1	6	0	0	0	29326238	0	0	29326220	0	0	453624	/fonts/static/Tektur-Regular.ttf
1	0	0	0	1	0	0	29323362	0	0	29323362	0	/apis/config/config.js
1	1	1	0	0	29323362	0	0	29323362	0	0	1169	/?phpinfo=1
1	0	0	0	1	0	0	29411003	0	0	29411003	0	/phpinfo.php.save
1	0	0	0	3	0	0	29417591	0	0	29411003	0	/serverinfo.php
1	2	0	0	0	29364798	0	0	29363890	0	0	1436696990	/.zip/Let'sSchool.zip
1	0	0	0	3	0	0	29417591	0	0	29411003	0	/p.php
1	0	0	0	6	0	0	29417904	0	0	29409806	0	/.env.test
1	0	0	0	1	0	0	29323358	0	0	29323358	0	/new/.env.production
1	0	0	0	1	0	0	29442684	0	0	29442684	0	/jpeg/IMG_1723.jpwg
1	0	0	0	1	0	0	29368260	0	0	29368260	0	/.zip/auth.php
1	0	0	0	1	0	0	29373378	0	0	29373378	0	/png/https://files.magentaweb.org/png/Bild_2025-11-05_100217740.png
1	0	0	0	3	0	0	29417591	0	0	29411003	0	/probe.php
1	0	0	0	2	0	0	29322093	0	0	29322080	0	/cgi-bin/https:/fonts.googleapis.com/css2%3Ffamily%3DNabla%26family%3DNova+Square%26display%3Dswap
1	0	0	0	3	0	0	29417591	0	0	29411003	0	/check.php
1	0	0	0	1	0	0	29411004	0	0	29411004	0	/includes/config.php
1	0	0	0	1	0	0	29416778	0	0	29416778	0	/local.ini
1	0	0	0	2	0	0	29367579	0	0	29366703	0	/.git/refs/remotes/origin/HEAD
1	0	0	0	2	0	0	29416778	0	0	29368255	0	/admin.php
1	0	0	0	3	0	0	29417591	0	0	29411003	0	/server.php
1	0	0	0	3	0	0	29437068	0	0	29435991	0	/_ignition/execute-solution
1	0	0	0	5	0	0	29417903	0	0	29409807	0	/.env.save
1	0	0	0	1	0	0	29323362	0	0	29323362	0	/appsettings.json
1	6	0	0	0	29326238	0	0	29326220	0	0	148008	/fonts/static/Orbitron-Bold.ttf
1	0	0	0	1	0	0	29323357	0	0	29323357	0	/portal/.env
1	0	0	0	1	0	0	29411003	0	0	29411003	0	/phpinfo.php.old
1	1	1	0	0	29338955	0	0	29338955	0	0	1058	/minecraft/crashreports/
1	2	0	0	0	29327623	0	0	29327622	0	0	54373906	/mp4/16.mp4
1	0	0	0	1	0	0	29323362	0	0	29323362	0	/config/constants.js
1	0	0	0	6	0	0	29417903	0	0	29323361	0	/.env.old
1	0	0	0	1	0	0	29416778	0	0	29416778	0	/config/application.rb
1	0	0	0	1	0	0	29416778	0	0	29416778	0	/manage.py
1	0	0	0	1	0	0	29416778	0	0	29416778	0	/aws/config
1	0	0	0	1	0	0	29323362	0	0	29323362	0	/main.js
1	0	0	0	2	0	0	29368103	0	0	29365463	0	/robots.txt?164.90.228.79
1	0	0	0	1	0	0	29368260	0	0	29368260	0	/.zip/admin/
1	0	0	0	4	0	0	29417591	0	0	29409807	0	/.dockerenv
1	0	0	0	6	0	0	29413787	0	0	29359886	0	/swagger/v1/swagger.json
1	0	0	0	3	0	0	29417591	0	0	29411004	0	/docker-compose.override.yml
1	0	0	0	1	0	0	29368256	0	0	29368256	0	/admin/
1	0	0	0	10	0	0	29421802	0	0	29360763	0	/wp-config.php
1	0	0	0	7	0	0	29411004	0	0	29323361	0	/core/.env
1	0	0	0	4	0	0	29416778	0	0	29323362	0	/application.properties
1	0	0	0	2	0	0	29411004	0	0	29409807	0	/psnlink/.env
1	0	0	0	1	0	0	29411004	0	0	29411004	0	/admin/config.php
1	0	0	0	1	0	0	29361606	0	0	29361606	0	/actutor/env
1	0	0	0	1	0	0	29409807	0	0	29409807	0	/includes/.env.bak
1	0	0	0	19	0	0	29421802	0	0	29322080	0	/config.json
1	0	0	0	4	0	0	29417591	0	0	29409806	0	/errors.log
1	0	0	0	7	0	0	29413787	0	0	29322080	0	/about
1	0	0	0	14	0	0	29417591	0	0	29322080	0	/info.php
1	0	0	0	1	0	0	29416778	0	0	29416778	0	/settings
1	0	0	0	2	0	0	29434692	0	0	29422926	0	/api/action
1	0	0	0	1	0	0	29411003	0	0	29411003	0	/web/phpinfo.php
1	6	0	0	0	29326238	0	0	29326220	0	0	973848	/fonts/static/CairoPlay-Regular.ttf
1	0	0	18	0	0	29333599	0	0	29333597	0	0	/searching-not-allowed.shtml403.shtml
1	0	0	0	1	0	0	29323360	0	0	29323360	0	/api/shared/config/config.env
1	2	0	0	0	29327620	0	0	29327620	0	0	55634580	/mp4/11.mp4
1	0	0	0	1	0	0	29368256	0	0	29368256	0	/login
1	0	0	0	2	0	0	29411004	0	0	29409807	0	/en/.env
1	0	0	0	5	0	0	29417903	0	0	29409806	0	/.env.staging
1	0	0	0	1	0	0	29322080	0	0	29322080	0	/error/%3FC%3DD%3BO%3DA
1	0	0	0	1	0	0	29323361	0	0	29323361	0	/server-info
1	0	0	0	1	0	0	29411003	0	0	29411003	0	/cgi-bin/phpinfo.php
1	0	0	0	4	0	0	29417591	0	0	29409807	0	/auth.json
1	0	0	0	8	0	0	29413787	0	0	29322080	0	/ecp/Current/exporttool/microsoft.exchange.ediscovery.exporttool.application
1	0	0	0	1	0	0	29409807	0	0	29409807	0	/.env.dist
1	0	0	0	1	0	0	29416778	0	0	29416778	0	/composer.json
1	0	0	0	4	0	0	29417591	0	0	29409807	0	/logs/application.log
1	1	0	0	0	29326274	0	0	29326274	0	0	28152	/fonts/normal/7 Segment.ttf
1	22	0	2	3	29327727	29333597	29335853	29322115	29333597	29335844	37105	/searching-not-allowed.shtml
1	0	0	0	4	0	0	29421802	0	0	29409807	0	/config.php
1	0	0	0	1	0	0	29416778	0	0	29416778	0	/env.local
1	0	0	0	1	0	0	29416778	0	0	29416778	0	/client/config.js
1	5	0	0	0	29391298	0	0	29391298	0	0	230294662	/mp4/mge/3/weaponselecttutorial.mp4
1	0	0	0	8	0	0	29413787	0	0	29322080	0	/server
1	0	0	0	1	0	0	29416778	0	0	29416778	0	/config/database.json
1	0	0	0	4	0	0	29417591	0	0	29409807	0	/.azure/credentials
1	1	0	0	0	29375023	0	0	29375023	0	0	453863	/png/Bild_2025-11-05_104742365.png?149.57.180.12
1	1	0	0	0	29363265	0	0	29363265	0	0	159311	/pdf/doogle/LIA Doogle and Lens Features.pdf
1	0	0	0	1	0	0	29323360	0	0	29323360	0	/api/shared/.env
1	0	0	0	5	0	0	29417591	0	0	29323357	0	/phpinfo
1	0	0	0	1	0	0	29411004	0	0	29411004	0	/log/error.log
1	0	0	0	1	0	0	29416778	0	0	29416778	0	/stripe.ini
1	0	0	0	1	0	0	29409807	0	0	29409807	0	/admin/.env.old
1	0	0	0	1	0	0	29416778	0	0	29416778	0	/config/initializers/secret_token.rb
1	0	0	0	3	0	0	29417592	0	0	29411003	0	/php_version.php
1	0	0	0	1	0	0	29416778	0	0	29416778	0	/django.env
1	2	2	0	0	29322144	0	0	29322141	0	0	11820	/error/?C=M;O=D
1	0	0	0	1	0	0	29416778	0	0	29416778	0	/aws_keys.py
1	0	0	0	2	0	0	29411004	0	0	29409806	0	/wp-config.php.old
1	2	2	0	0	29322143	0	0	29322141	0	0	11820	/error/?C=M;O=A
1	0	0	0	4	0	0	29417591	0	0	29409807	0	/dump.sql
1	0	0	0	1	0	0	29411003	0	0	29411003	0	/www/test.php
1	0	0	0	1	0	0	29409806	0	0	29409806	0	/includes/.env.save
1	0	0	18	0	0	29333599	0	0	29333597	0	0	/searching-not-allowed.shtmlsearching-not-allowed.shtmlsearching-not-allowed.shtmlsearching-not-allowed.shtml403.shtml
1	0	0	0	1	0	0	29416778	0	0	29416778	0	/aws/access-keys.js
1	0	0	0	3	0	0	29421802	0	0	29323362	0	/settings.py
1	25	0	0	0	29430051	0	0	29326289	0	0	1434700	/fonts/normal/Tomorrow.ttf
1	0	0	0	1	0	0	29416778	0	0	29416778	0	/settings.rb
1	0	0	0	7	0	0	29417466	0	0	29360763	0	/aws.config.js
1	0	0	0	1	0	0	29323361	0	0	29323361	0	/dashboard/phpinfo.php
1	0	0	0	3	0	0	29416778	0	0	29409807	0	/config/secrets.yml
1	0	0	0	1	0	0	29323359	0	0	29323359	0	/env.backup
1	0	0	0	1	0	0	29411003	0	0	29411003	0	/files/info.php
1	0	0	0	1	0	0	29416778	0	0	29416778	0	/stripe-credentials.json
1	0	0	0	1	0	0	29411003	0	0	29411003	0	/admin/info.php
1	0	0	0	1	0	0	29411003	0	0	29411003	0	/includes/phpinfo.php
1	0	0	0	1	0	0	29323363	0	0	29323363	0	/getcpuutil.php-bakworking
1	0	0	0	1	0	0	29416778	0	0	29416778	0	/public/config.js
1	0	0	0	1	0	0	29411003	0	0	29411003	0	/phpinfo.php.bak
1	0	0	0	14	0	0	29417904	0	0	29323360	0	/.env.bak
1	0	0	0	1	0	0	29368255	0	0	29368255	0	/panelnew/
1	1	0	0	0	29406685	0	0	29406685	0	0	376179	/jpeg/IMG_1723.jpeg?149.57.180.12
1	0	0	0	1	0	0	29323357	0	0	29323357	0	/new/.env
1	0	0	0	198	0	0	29449655	0	0	29322139	0	/robots.txt
1	0	0	0	5	0	0	29417904	0	0	29409806	0	/.env.sample
1	0	0	0	1	0	0	29411004	0	0	29411004	0	/frontend/.env
1	0	0	0	1	0	0	29416778	0	0	29416778	0	/stripe.properties
1	0	0	0	1	0	0	29323360	0	0	29323360	0	/nginx/.env
1	0	0	0	1	0	0	29411003	0	0	29411003	0	/old/phpinfo.php
1	0	0	0	1	0	0	29323358	0	0	29323358	0	/aws-secret.yaml
1	0	0	0	1	0	0	29411003	0	0	29411003	0	/php_info.php.old
1	0	0	0	3	0	0	29411004	0	0	29323360	0	/public/.env
1	0	0	0	1	0	0	29416778	0	0	29416778	0	/env.prod
1	0	0	0	3	0	0	29437068	0	0	29435991	0	/vendor/phpunit/phpunit/src/Util/PHP/eval-stdin.php
1	16	0	0	0	29438330	0	0	29400673	0	0	4514148	/jpeg/IMG_1723.jpeg
1	1	1	0	0	29362188	0	0	29362188	0	0	1689	/?164.90.228.79
1	0	0	0	1	0	0	29411003	0	0	29411003	0	/info.php.save
1	0	0	0	6	0	0	29413787	0	0	29359886	0	/v2/api-docs
1	0	0	0	6	0	0	29413787	0	0	29359886	0	/api/gql
1	0	0	0	2	0	0	29411004	0	0	29409806	0	/exapi/.env
1	0	0	0	4	0	0	29417591	0	0	29409807	0	/gcp-credentials.json
1	0	0	0	1	0	0	29323362	0	0	29323362	0	/secured/phpinfo.php
1	0	0	0	1	0	0	29409807	0	0	29409807	0	/app/.env.save
1	0	0	0	2	0	0	29411004	0	0	29409807	0	/sitemaps/.env
1	0	0	0	3	0	0	29417592	0	0	29411003	0	/info2.php
1	3	0	0	0	29449691	0	0	29418337	0	0	4239834	/png/MBL.png
1	0	0	0	1	0	0	29411003	0	0	29411003	0	/public/phpinfo.php
1	0	0	0	1	0	0	29416778	0	0	29416778	0	/config/credentials.yml.enc
1	0	0	0	1	0	0	29411003	0	0	29411003	0	/assets/phpinfo.php
1	0	0	0	1	0	0	29416778	0	0	29416778	0	/api/stripe.js
1	0	0	0	7	0	0	29413787	0	0	29323362	0	/swagger.json
1	0	0	0	6	0	0	29413787	0	0	29359886	0	/api-docs/swagger.json
1	0	0	0	1	0	0	29416778	0	0	29416778	0	/stripe/secrets.json
1	0	0	0	4	0	0	29417591	0	0	29409807	0	/.gcloud/credentials
1	0	0	0	1	0	0	29416778	0	0	29416778	0	/src/config/api.js
1	0	0	0	1	0	0	29416778	0	0	29416778	0	/secrets.py
1	0	0	0	1	0	0	29416778	0	0	29416778	0	/stripe-keys.json
1	0	0	0	8	0	0	29413788	0	0	29322080	0	/s/1333e26373e2231313e24373/_/
1	0	0	0	1	0	0	29434045	0	0	29434045	0	/mp3/32.mp4
1	0	0	0	1	0	0	29416778	0	0	29416778	0	/secrets.rb
1	0	0	0	1	0	0	29328729	0	0	29328729	0	/mp4/fonts/creepster.ttf
1	0	0	0	5	0	0	29417904	0	0	29409806	0	/.env.remote
1	0	0	0	1	0	0	29416778	0	0	29416778	0	/.env.django
1	0	0	0	1	0	0	29411003	0	0	29411003	0	/site/phpinfo.php
1	0	0	0	1	0	0	29411003	0	0	29411003	0	/php_info.php.save
1	2	0	0	0	29327619	0	0	29327619	0	0	57816400	/mp4/7.mp4
1	0	0	0	4	0	0	29444418	0	0	29438619	0	/robots.txt?44.218.6.122
1	0	0	0	1	0	0	29323361	0	0	29323361	0	/.env.stage
1	0	0	0	1	0	0	29323359	0	0	29323359	0	/lara/info.php
1	0	0	0	1	0	0	29416778	0	0	29416778	0	/config/client.js
1	0	0	0	1	0	0	29416778	0	0	29416778	0	/aws-credentials.json
1	0	0	0	4	0	0	29417591	0	0	29409807	0	/docker-compose.yml
1	0	0	0	4	0	0	29417591	0	0	29409807	0	/app/logs/dev.log
1	0	0	0	3	0	0	29417591	0	0	29411004	0	/.dockerignore
1	0	0	0	3	0	0	29338575	0	0	29330112	0	/sitemap.xml
1	0	0	0	1	0	0	29409807	0	0	29409807	0	/public/.env.old
1	3	3	0	0	29447023	0	0	29436907	0	0	4800	/?44.218.6.122
1	0	0	17	0	0	29333599	0	0	29333597	0	0	/searching-not-allowed.shtmlsearching-not-allowed.shtmlsearching-not-allowed.shtmlsearching-not-allowed.shtmlsearching-not-allowed.shtmlsearching-not-allowed.shtmlsearching-not-allowed.shtmlsearching-not-allowed.shtmlsearching-not-allowed.shtmlsearching-not-allowed.shtml403.shtml
1	0	0	0	1	0	0	29368260	0	0	29368260	0	/.zip/panel.php
1	0	0	0	2	0	0	29411004	0	0	29409807	0	/v2/.env
1	0	0	0	2	0	0	29322093	0	0	29322080	0	/%3FC%3DM%3BO%3DA
1	0	0	0	1	0	0	29416778	0	0	29416778	0	/django/secrets.json
1	0	0	0	1	0	0	29416778	0	0	29416778	0	/stripe-config.yaml
1	0	0	0	1	0	0	29416778	0	0	29416778	0	/aws-env.json
1	0	0	0	3	0	0	29417591	0	0	29411003	0	/info_php.php
1	0	0	0	1	0	0	29409806	0	0	29409806	0	/admin/.env.bak
1	0	0	0	1	0	0	29323362	0	0	29323362	0	/public/js/main.js
1	5	0	0	0	29327618	0	0	29327554	0	0	90992896	/mp4/2.mp4
1	0	0	0	6	0	0	29413787	0	0	29359886	0	/api/swagger.json
1	0	0	0	4	0	0	29417592	0	0	29409806	0	/php_info.php
1	0	0	0	1	0	0	29411003	0	0	29411003	0	/public/info.php
1	0	0	0	2	0	0	29411004	0	0	29409807	0	/wp-config.php~
1	0	0	0	2	0	0	29411004	0	0	29409807	0	/.wp-config.php.swp
1	0	0	0	3	0	0	29411004	0	0	29323361	0	/wp-config.php.bak
1	0	0	0	1	0	0	29416778	0	0	29416778	0	/.ruby-version
1	0	0	0	1	0	0	29323363	0	0	29323363	0	/helper.js
1	0	0	0	1	0	0	29411003	0	0	29411003	0	/phpinfo.php?149.57.180.12
1	0	0	0	1	0	0	29416778	0	0	29416778	0	/secrets.ini
1	0	0	0	1	0	0	29416778	0	0	29416778	0	/secrets.js
1	0	0	0	2	0	0	29411003	0	0	29409807	0	/vendor/.env
1	2	0	0	0	29327622	0	0	29327622	0	0	48317364	/mp4/13.mp4
1	0	0	0	2	0	0	29411004	0	0	29409807	0	/database/.env
1	0	0	0	1	0	0	29411003	0	0	29411003	0	/scripts/info.php
1	0	0	0	3	0	0	29417591	0	0	29411003	0	/2.php
1	0	0	0	5	0	0	29417904	0	0	29323357	0	/app/.env
1	0	0	0	4	0	0	29417591	0	0	29409806	0	/.secrets
1	0	0	0	1	0	0	29323358	0	0	29323358	0	/_phpinfo.php
1	0	0	0	1	0	0	29323362	0	0	29323362	0	/cloud/Scraper.js
1	0	0	0	1	0	0	29366703	0	0	29366703	0	/.git/refs/heads/main
1	0	0	0	1	0	0	29411004	0	0	29411004	0	/config/mail.php
1	0	0	2	0	0	29333597	0	0	29333597	0	0	/searching-not-allowed.shtmlsearching-not-allowed.shtmlsearching-not-allowed.shtmlsearching-not-allowed.shtmlsearching-not-allowed.shtmlsearching-not-allowed.shtmlsearching-not-allowed.shtml
1	0	0	0	3	0	0	29411004	0	0	29323360	0	/site/.env
1	0	0	0	1	0	0	29323359	0	0	29323359	0	/xampp/phpinfo.php
1	0	0	0	11	0	0	29362444	0	0	29322276	0	/css/support_parent.css
1	0	0	0	1	0	0	29416778	0	0	29416778	0	/node.config.json
1	0	0	0	1	0	0	29323360	0	0	29323360	0	/mail/.env
1	0	0	0	1	0	0	29416778	0	0	29416778	0	/Gemfile.lock
1	0	0	0	2	0	0	29411004	0	0	29409807	0	/uploads/.env
1	0	0	0	1	0	0	29411003	0	0	29411003	0	/php_info.php.bak
1	0	0	0	6	0	0	29413787	0	0	29359886	0	/swagger/swagger-ui.html
1	0	0	0	1	0	0	29416778	0	0	29416778	0	/env.properties
1	0	0	0	6	0	0	29413787	0	0	29359886	0	/api
1	0	0	0	1	0	0	29411003	0	0	29411003	0	/web/info.php
1	0	0	0	4	0	0	29417591	0	0	29409807	0	/config.zip
1	0	0	0	9	0	0	29435676	0	0	29418239	0	/robots.txt?44.242.249.88
1	0	0	0	1	0	0	29416778	0	0	29416778	0	/aws.properties
1	0	0	0	1	0	0	29368256	0	0	29368256	0	/index.php
1	0	0	0	1	0	0	29416778	0	0	29416778	0	/.aws/config.bak
1	0	0	0	3	0	0	29417591	0	0	29411003	0	/infophp.php
1	0	0	0	2	0	0	29403596	0	0	29376164	0	/apple-touch-icon-precomposed.png
1	0	0	0	1	0	0	29323361	0	0	29323361	0	/local/.env
1	0	0	0	1	0	0	29366703	0	0	29366703	0	/.git/refs/heads/master
1	0	0	0	1	0	0	29416778	0	0	29416778	0	/config/secrets.json
1	0	0	0	1	0	0	29411003	0	0	29411003	0	/htdocs/info.php
1	0	0	0	4	0	0	29417591	0	0	29409807	0	/tokens.json
1	0	0	0	2	0	0	29411004	0	0	29409807	0	/src/.env
1	0	0	0	3	0	0	29411004	0	0	29323361	0	/web/.env
1	0	0	0	1	0	0	29411003	0	0	29411003	0	/info.php.txt
1	0	0	0	9	0	0	29369330	0	0	29345207	0	/robots.txt?157.143.122.60
1	3	3	0	0	29418661	0	0	29418656	0	0	2458810	/minecraft/logs/debuglog.html
1	0	0	0	3	0	0	29417591	0	0	29411003	0	/pi.php
1	0	0	0	1	0	0	29416778	0	0	29416778	0	/aws/config.ini
1	2	2	0	0	29327757	0	0	29326183	0	0	1568	/forms/
1	0	0	0	2	0	0	29411004	0	0	29409806	0	/app.config
1	0	0	0	7	0	0	29419563	0	0	29322080	0	/https:/fonts.googleapis.com/css2%3Ffamily%3DNabla%26family%3DNova+Square%26display%3Dswap
1	0	0	0	1	0	0	29323358	0	0	29323358	0	/conf/.env
1	0	0	0	1	0	0	29411003	0	0	29411003	0	/dev/info.php
1	102	102	0	18	29368255	0	29368255	29368222	0	29368254	118218	/.zip/
1	0	0	0	1	0	0	29368260	0	0	29368260	0	/.zip/admin.php
1	0	0	0	1	0	0	29416778	0	0	29416778	0	/app/settings/production.py
1	0	0	0	1	0	0	29366703	0	0	29366703	0	/.git/FETCH_HEAD
1	0	0	0	1	0	0	29416778	0	0	29416778	0	/user.properties
1	0	0	0	4	0	0	29417591	0	0	29409807	0	/error.log
1	0	0	0	1	0	0	29323361	0	0	29323361	0	/static/js/main.141b0494.js
1	0	0	0	1	0	0	29409807	0	0	29409807	0	/public/.env.bak
1	0	0	0	1	0	0	29366703	0	0	29366703	0	/.git/index
1	0	0	0	1	0	0	29323360	0	0	29323360	0	/.vscode/.env
1	0	0	0	1	0	0	29363270	0	0	29363270	0	/pdf/doogle/DPIa Doogle and Lens Features.pdf
1	0	0	0	3	0	0	29416778	0	0	29409806	0	/config.yml
1	2	2	0	0	29322142	0	0	29322140	0	0	2338	/?C=S;O=D
1	0	0	0	1	0	0	29411003	0	0	29411003	0	/test.php.old
1	3	3	0	0	29327733	0	0	29322140	0	0	4205	/?C=S;O=A
1	0	0	0	2	0	0	29322093	0	0	29322080	0	/%3FC%3DS%3BO%3DA
1	0	0	0	1	0	0	29416778	0	0	29416778	0	/.stripe/keys
1	0	0	0	1	0	0	29323359	0	0	29323359	0	/laravel/info.php
1	0	0	0	1	0	0	29323362	0	0	29323362	0	/karma.conf.json
1	0	0	0	1	0	0	29416778	0	0	29416778	0	/stripe/secrets.yml
1	0	0	0	1	0	0	29409807	0	0	29409807	0	/assets/.env.save
1	0	0	0	4	0	0	29417466	0	0	29415939	0	/.npmrc
1	0	0	0	1	0	0	29323360	0	0	29323360	0	/kyc/.env
1	0	0	0	2	0	0	29434692	0	0	29422926	0	/apps
1	0	0	0	2	0	0	29411004	0	0	29409807	0	/web.config
1	0	0	0	1	0	0	29411003	0	0	29411003	0	/test/info.php
1	0	0	0	4	0	0	29417591	0	0	29409807	0	/db_backup.sql
1	0	0	0	6	0	0	29413787	0	0	29359886	0	/swagger/
1	0	0	0	1	0	0	29416778	0	0	29416778	0	/.aws/credentials.json
1	0	0	0	1	0	0	29366703	0	0	29366703	0	/.git/packed-refs
1	0	0	0	1	0	0	29411004	0	0	29411004	0	/inc/config.php
1	2	0	0	0	29441745	0	0	29441456	0	0	707298	/jpg/205332~1.JPG
1	0	0	0	6	0	0	29326238	0	0	29326220	0	/fonts/static/Tomorrow-Regular.ttf
1	0	0	0	4	0	0	29417591	0	0	29409807	0	/app/etc/env.php
1	0	0	0	1	0	0	29411003	0	0	29411003	0	/tmp/test.php
1	0	0	0	4	0	0	29417591	0	0	29409807	0	/configuration.php
1	0	0	0	7	0	0	29421801	0	0	29323361	0	/.aws/credentials
1	3	3	0	0	29327760	0	0	29322140	0	0	4205	/?C=N;O=D
1	0	0	0	4	0	0	29417904	0	0	29411003	0	/.env.2
1	0	0	1	71	0	29364526	29439601	0	29364526	29322080	0	/.git/config
1	3	3	1	2	29334744	29333597	29337640	29327553	29333597	29336354	5234	/?79.217.216.128
1	0	0	0	4	0	0	29417904	0	0	29411003	0	/.env.1
1	2	2	0	0	29322142	0	0	29322140	0	0	2338	/?C=N;O=A
1	0	0	0	1	0	0	29416778	0	0	29416778	0	/.env.stripe
1	3	0	18	10	29333614	29333599	29333680	29333603	29333597	29333603	5517	/searching-not-allowed.shtmlsearching-not-allowed.shtmlsearching-not-allowed.shtmlsearching-not-allowed.shtmlsearching-not-allowed.shtmlsearching-not-allowed.shtml403.shtml
1	0	0	0	3	0	0	29417591	0	0	29411003	0	/t.php
1	0	0	0	1	0	0	29323358	0	0	29323358	0	/new/.env.local
1	35	0	0	0	29415685	0	0	29415667	0	0	115788357	/mp4/mcfriends/MCFriends.mp4
1	0	0	1	0	0	29335853	0	0	29335853	0	0	/mp4
1	2	0	0	0	29327620	0	0	29327620	0	0	81110474	/mp4/9.mp4
1	0	0	0	1	0	0	29416778	0	0	29416778	0	/config/settings/local.py
1	0	0	0	3	0	0	29417591	0	0	29411004	0	/security.txt
1	0	0	0	1	0	0	29416778	0	0	29416778	0	/aws/secrets.yaml
1	0	0	0	2	0	0	29411004	0	0	29409806	0	/application.yml
1	0	0	0	2	0	0	29416778	0	0	29323362	0	/server.js
1	0	0	0	3	0	0	29417591	0	0	29411003	0	/phptest.php
1	0	0	0	1	0	0	29416778	0	0	29416778	0	/system.ini
1	0	0	0	1	0	0	29323360	0	0	29323360	0	/api/shared/config/.env
1	0	0	0	2	0	0	29434692	0	0	29422926	0	/api/actions
1	1	0	0	0	29398059	0	0	29398059	0	0	429387	/jpeg/a.jpeg?149.57.180.12
1	0	0	0	7	0	0	29413787	0	0	29322080	0	/v2/_catalog
1	0	0	0	5	0	0	29421801	0	0	29323361	0	/.env.example
1	7	7	0	0	29376164	0	0	29327553	0	0	41874	/mp4/
1	0	0	0	2	0	0	29434692	0	0	29422926	0	/_next/data
1	0	0	0	1	0	0	29411003	0	0	29411003	0	/site/info.php
1	0	0	0	4	0	0	29417591	0	0	29409807	0	/apikeys.json
1	0	0	0	1	0	0	29323360	0	0	29323360	0	/api/config.env
1	0	0	0	2	0	0	29322093	0	0	29322080	0	/%3FC%3DN%3BO%3DD
1	0	0	0	1	0	0	29323362	0	0	29323362	0	/api/objects/codes.php.save
1	0	0	0	1	0	0	29411003	0	0	29411003	0	/admin/phpinfo.php
1	0	0	0	5	0	0	29417466	0	0	29360763	0	/.gitlab-ci.yml
1	0	0	0	1	0	0	29411003	0	0	29411003	0	/info.php.tmp
1	0	0	0	2	0	0	29411004	0	0	29409807	0	/cron/.env
1	0	0	0	3	0	0	29417591	0	0	29411004	0	/api/config
1	0	0	0	1	0	0	29409807	0	0	29409807	0	/api/.env.save
1	0	0	0	1	0	0	29416778	0	0	29416778	0	/.properties
1	0	0	2	0	0	29322120	0	0	29322120	0	0	/files
1	7	0	0	0	29422968	0	0	29398060	0	0	2576322	/jpeg/a.jpeg
1	0	0	0	3	0	0	29417591	0	0	29411004	0	/.well-known/security.txt
1	1	1	0	0	29376164	0	0	29376164	0	0	776	/json/
1	4	4	0	0	29432772	0	0	29421157	0	0	6352	/?44.242.249.88
1	0	0	0	2	0	0	29416778	0	0	29416778	0	/stripe.env
1	0	0	0	1	0	0	29416778	0	0	29416778	0	/database.yml
1	0	0	0	4	0	0	29417591	0	0	29409807	0	/debug.php
1	2	0	0	0	29327618	0	0	29327618	0	0	48917510	/mp4/4.mp4
1	0	0	0	3	0	0	29417591	0	0	29411003	0	/diagnostic.php
1	0	0	0	2	0	0	29411004	0	0	29409807	0	/settings.yml
1	0	0	0	1	0	0	29323361	0	0	29323361	0	/app_dev.php/_profiler/phpinfo
1	0	0	2	0	0	29333597	0	0	29333597	0	0	/searching-not-allowed.shtmlsearching-not-allowed.shtmlsearching-not-allowed.shtmlsearching-not-allowed.shtmlsearching-not-allowed.shtml
1	0	0	0	1	0	0	29323361	0	0	29323361	0	/server_info.php
1	0	0	0	1	0	0	29323359	0	0	29323359	0	/docker/app/.env
1	4	0	0	0	29449690	0	0	29373362	0	0	55923	/png/Bild_2025-11-05_100217740.png
1	0	0	0	1	0	0	29368256	0	0	29368256	0	/login.php
1	2	0	0	0	29327622	0	0	29327622	0	0	87657402	/mp4/15.mp4
1	0	0	0	1	0	0	29323362	0	0	29323362	0	/admin/controllers/merchant.js
1	0	0	0	1	0	0	29323361	0	0	29323361	0	/static/js/main.e85f7a37.js
1	0	0	0	4	0	0	29417591	0	0	29409807	0	/sites/default/settings.php
1	0	0	0	1	0	0	29411004	0	0	29411004	0	/conf/config.php
1	0	0	0	1	0	0	29416778	0	0	29416778	0	/php.ini
1	2	2	0	0	29322143	0	0	29322140	0	0	2338	/?C=D;O=D
1	0	0	0	5	0	0	29419563	0	0	29359846	0	/https:/fonts.googleapis.com/https:/fonts.googleapis.com/css2%3Ffamily%3DNabla%26family%3DNova+Square%26display%3Dswap
1	0	0	0	8	0	0	29413788	0	0	29322080	0	/login.action
1	0	0	0	1	0	0	29323358	0	0	29323358	0	/awstats/.env
1	0	0	0	1	0	0	29416778	0	0	29416778	0	/stripe/credentials
1	0	0	0	1	0	0	29323360	0	0	29323360	0	/api/shared/config.env
1	0	0	0	1	0	0	29409807	0	0	29409807	0	/src/.env.old
1	3	3	0	0	29327749	0	0	29322140	0	0	4205	/?C=D;O=A
1	0	0	0	1	0	0	29416778	0	0	29416778	0	/config/env.js
1	2	0	0	0	29326290	0	0	29326289	0	0	1148616	/fonts/normal/CairoPlay.ttf
1	0	0	2	0	0	29333597	0	0	29333597	0	0	/searching-not-allowed.shtmlsearching-not-allowed.shtmlsearching-not-allowed.shtmlsearching-not-allowed.shtmlsearching-not-allowed.shtmlsearching-not-allowed.shtmlsearching-not-allowed.shtmlsearching-not-allowed.shtml
1	0	0	0	1	0	0	29416778	0	0	29416778	0	/master.key.bak
1	0	0	0	1	0	0	29416778	0	0	29416778	0	/js/secrets.json
1	0	0	0	1	0	0	29416778	0	0	29416778	0	/config.py
1	0	0	18	0	0	29333599	0	0	29333597	0	0	/searching-not-allowed.shtmlsearching-not-allowed.shtmlsearching-not-allowed.shtml403.shtml
1	0	0	0	1	0	0	29411003	0	0	29411003	0	/test.php.bak
1	0	0	0	8	0	0	29417466	0	0	29360763	0	/aws-config.js
1	0	0	0	1	0	0	29323360	0	0	29323360	0	/development/.env
1	0	0	0	1	0	0	29368260	0	0	29368260	0	/.zip/panelnew/
1	0	0	0	1	0	0	29416778	0	0	29416778	0	/config.rb
1	415	415	1	38	29449753	29333597	29413989	29322080	29333597	29322184	634540	/
1	0	0	0	2	0	0	29367579	0	0	29366703	0	/.git/objects/info/packs
1	0	0	0	3	0	0	29417591	0	0	29411003	0	/testphp.php
1	0	0	0	2	0	0	29411004	0	0	29409807	0	/kubernetes/.env
1	0	0	0	4	0	0	29417591	0	0	29409807	0	/backup.sql
1	0	0	0	2	0	0	29411004	0	0	29409807	0	/config/config.yml
1	0	0	0	1	0	0	29366703	0	0	29366703	0	/.git/HEAD
1	0	0	0	3	0	0	29411004	0	0	29323361	0	/apps/.env
1	0	0	0	1	0	0	29416778	0	0	29416778	0	/stripe/config.js
1	0	0	0	1	0	0	29411003	0	0	29411003	0	/htdocs/phpinfo.php
1	0	0	0	3	0	0	29416778	0	0	29409807	0	/config/.env
1	2	0	0	0	29327620	0	0	29327620	0	0	52343534	/mp4/10.mp4
1	0	0	0	4	0	0	29417904	0	0	29411003	0	/.env.dev.local
1	0	0	0	1	0	0	29323363	0	0	29323363	0	/controller/api/post.js
1	0	0	0	1	0	0	29323360	0	0	29323360	0	/prod/.env
1	0	0	0	1	0	0	29411003	0	0	29411003	0	/uploads/phpinfo.php
1	0	0	0	1	0	0	29411003	0	0	29411003	0	/www/info.php
1	0	0	0	1	0	0	29416778	0	0	29416778	0	/secrets.properties
1	0	0	0	1	0	0	29409807	0	0	29409807	0	/app/.env.old
1	3	0	0	0	29376166	0	0	29376164	0	0	205929	/json/en_us.json
1	2	0	0	0	29449690	0	0	29373378	0	0	946996	/png/Bild_2025-11-05_101532606.png
1	3	3	0	6	29372661	0	29349614	29360736	0	29339169	4866	/?157.143.122.60
1	0	0	0	2	0	0	29411004	0	0	29409806	0	/cronlab/.env
1	0	0	0	4	0	0	29416778	0	0	29389712	0	/.git/config?149.57.180.12
1	0	0	0	4	0	0	29417591	0	0	29409807	0	/app/etc/local.xml
1	2	0	0	0	29364798	0	0	29363890	0	0	959679834	/.zip/LaptopTycoon.zip
1	0	0	0	1	0	0	29323357	0	0	29323357	0	/dev/.env
1	11	0	0	0	29366420	0	0	29363831	0	0	15953289	/gif/ClipWindowsGIF.gif
2	0	0	0	9	0	0	29338115	0	0	29335839	0	""
2	19	14	2	4	29353466	29338954	29350562	29335853	29335853	29335853	8061965	magentawebfilesystem
3	1	0	0	0	29376164	0	0	29376164	0	0	68643	https://files.magentaweb.org/json/
3	1	0	0	0	29327619	0	0	29327619	0	0	28908200	https://files.magentaweb.org/mp4/7.mp4
3	1	0	0	0	29327555	0	0	29327555	0	0	8930744	https://files.magentaweb.org/mp4/3.mp4
3	63	0	0	6	29329226	0	29326238	29326220	0	29326220	5222160	https://fabricatedchaos.magentaweb.org/
3	7	0	0	2	29329336	0	29328766	29327623	0	29328729	133995308	https://files.magentaweb.org/mp4/17.mp4
3	1	0	0	0	29327622	0	0	29327622	0	0	24158682	https://files.magentaweb.org/mp4/13.mp4
3	0	0	0	1	0	0	29322184	0	0	29322184	0	https://www.files.magentaweb.org/error/402.shtml
3	0	0	0	3	0	0	29322183	0	0	29322119	0	https://www.files.magentaweb.org/error/
3	2	0	0	1	29324521	0	29376164	29324521	0	29376164	3418	https://files.magentaweb.org/error/
3	0	0	0	1	0	0	29322183	0	0	29322183	0	https://www.files.magentaweb.org/error/403.shtml
3	5	5	0	0	29327571	0	0	29326217	0	0	28159	https://files.magentaweb.org/fonts/
3	0	0	0	1	0	0	29326183	0	0	29326183	0	https://files.magentaweb.org/forms/fabricatedchaos/
3	1	0	0	0	29368222	0	0	29368222	0	0	580018	https://files.magentaweb.org/.zip/
3	1	0	0	0	29327619	0	0	29327619	0	0	35044488	https://files.magentaweb.org/mp4/6.mp4
3	7	1	0	0	29449691	0	0	29449690	0	0	2403978	https://files.magentaweb.org/png/
3	8	0	0	0	29448701	0	0	29448279	0	0	10035085	https://www.magentaweb.org/
3	2	0	0	0	29327555	0	0	29327554	0	0	54326784	https://files.magentaweb.org/mp4/2.mp4
3	4	0	0	0	29391298	0	0	29391298	0	0	172006712	https://files.magentaweb.org/mp4/mge/3/weaponselecttutorial.mp4
3	1	0	0	0	29327623	0	0	29327623	0	0	27186953	https://files.magentaweb.org/mp4/16.mp4
3	1	0	0	0	29448322	0	0	29448322	0	0	2007017	https://old.reddit.com/
3	4	4	0	39	29417466	0	29417466	29324323	0	29415939	5057	https://www.google.com/
3	0	0	0	1	0	0	29363832	0	0	29363832	0	https://files.magentaweb.org/gif/ClipWindowsGIF.gif
3	0	0	0	1	0	0	29322184	0	0	29322184	0	https://www.files.magentaweb.org/error/404.shtml
3	2	0	0	0	29327621	0	0	29327621	0	0	46549916	https://files.magentaweb.org/mp4/12.mp4
3	0	0	0	1	0	0	29373362	0	0	29373362	0	https://files.magentaweb.org/png/Bild_2025-11-05_100217740.png
3	9	7	0	29	29327609	0	29443686	29322115	0	29322088	24923	https://files.magentaweb.org/
3	0	0	0	1	0	0	29333602	0	0	29333602	0	https://files.magentaweb.org/searching-not-allowed.shtmlsearching-not-allowed.shtmlsearching-not-allowed.shtmlsearching-not-allowed.shtmlsearching-not-allowed.shtmlsearching-not-allowed.shtmlsearching-not-allowed.shtmlsearching-not-allowed.shtmlsearching-not-allowed.shtml403.shtml
3	5	0	0	0	29448322	0	0	29447643	0	0	10035085	android-app://com.reddit.frontpage/
3	0	0	0	1	0	0	29322184	0	0	29322184	0	https://www.files.magentaweb.org/error/405.shtml
3	1	0	0	0	29376636	0	0	29376636	0	0	159311	https://datenschutz.magentaweb.org/
3	0	0	0	4	0	0	29422564	0	0	29419435	0	https://files.magentaweb.org/minecraft/logs/debuglog.html
3	1	0	0	0	29327620	0	0	29327620	0	0	40555237	https://files.magentaweb.org/mp4/9.mp4
3	1	0	0	1	29353466	0	29353467	29353466	0	29353467	3796841	https://files.magentaweb.org/mp3/OPEN.mp3
3	6	0	0	0	29438331	0	0	29327553	0	0	59349182	https://files.magentaweb.org/mp4/1.mp4
3	1	0	0	1	29442684	0	29442684	29442684	0	29442684	376179	https://kyr3xx.neocities.org/
3	1	0	0	0	29327622	0	0	29327622	0	0	43828701	https://files.magentaweb.org/mp4/15.mp4
3	0	0	0	2	0	0	29322120	0	0	29322120	0	https://www.files.magentaweb.org/files/
3	0	0	0	3	0	0	29442480	0	0	29441456	0	https://files.magentaweb.org/jpg/205332~1.JPG
3	0	0	0	1	0	0	29322184	0	0	29322184	0	https://www.files.magentaweb.org/error/406.shtml
3	0	0	0	6	0	0	29423583	0	0	29398059	0	https://files.magentaweb.org/jpeg/a.jpeg
3	1	0	0	0	29327620	0	0	29327620	0	0	27817290	https://files.magentaweb.org/mp4/11.mp4
3	1	1	0	1	29338955	0	29338955	29338955	0	29338955	1058	https://files.magentaweb.org/minecraft/
3	0	0	0	2	0	0	29447627	0	0	29418337	0	https://files.magentaweb.org/png/MBL.png
3	0	0	0	17	0	0	29449767	0	0	29447636	0	https://files.magentaweb.org/png/1und1-lsd-250-0-monate-kostenlos.png
3	18	0	0	0	29327622	0	0	29327553	0	0	370558612	https://files.magentaweb.org/mp4/
3	0	0	0	3	0	0	29340315	0	0	29339340	0	https://files.magentaweb.org/minecraft/crashreports/crash-2025-10-12_11.59.43-server.txt
3	0	0	0	1	0	0	29333604	0	0	29333604	0	https://files.magentaweb.org/searching-not-allowed.shtmlsearching-not-allowed.shtmlsearching-not-allowed.shtmlsearching-not-allowed.shtmlsearching-not-allowed.shtml403.shtml
3	0	0	0	1	0	0	29322184	0	0	29322184	0	https://www.files.magentaweb.org/error/407.shtml
3	0	0	0	1	0	0	29393584	0	0	29393584	0	https://files.magentaweb.org/A.jpeg
3	3	3	0	0	29326227	0	0	29326227	0	0	32949	https://files.magentaweb.org/fonts/static/?C=N;O=D
3	0	0	0	1	0	0	29363265	0	0	29363265	0	https://files.magentaweb.org/pdf/doogle/LIA
3	1	0	0	0	29327619	0	0	29327619	0	0	40260766	https://files.magentaweb.org/mp4/8.mp4
3	2	0	0	3	29340315	0	29340315	29338955	0	29339340	431536	https://files.magentaweb.org/minecraft/crashreports/
3	1	0	0	0	29363831	0	0	29363831	0	0	1450299	https://files.magentaweb.org/gif/
3	2	2	0	0	29326227	0	0	29326227	0	0	21966	https://files.magentaweb.org/fonts/static/?C=N;O=A
3	1	0	0	0	29327618	0	0	29327618	0	0	24458755	https://files.magentaweb.org/mp4/4.mp4
3	0	0	0	1	0	0	29375023	0	0	29375023	0	https://files.magentaweb.org/png/Bild_2025-11-05_104742365.png
3	0	0	0	1	0	0	29322184	0	0	29322184	0	https://www.files.magentaweb.org/error/408.shtml
3	1	0	0	0	29327622	0	0	29327622	0	0	27796223	https://files.magentaweb.org/mp4/14.mp4
3	1	0	0	0	29447636	0	0	29447636	0	0	2007017	https://www.reddit.com/
3	1	0	0	0	29326274	0	0	29326274	0	0	28152	https://files.magentaweb.org/fonts/normal/
3	1	0	0	0	29327620	0	0	29327620	0	0	26171767	https://files.magentaweb.org/mp4/10.mp4
3	2	2	0	0	29326237	0	0	29326183	0	0	1276	https://files.magentaweb.org/forms/
3	0	0	0	1	0	0	29322183	0	0	29322183	0	https://www.files.magentaweb.org/error/400.shtml
3	0	0	0	19	0	0	29439630	0	0	29322081	0	https://www.files.magentaweb.org/
3	2	0	0	8	29433705	0	29434040	29433705	0	29405387	10863514	https://files.magentaweb.org/jpeg/IMG_1723.jpeg
3	55	55	0	0	29368255	0	0	29368254	0	0	63745	https://files.magentaweb.org/.zip
3	1	1	0	0	29326227	0	0	29326227	0	0	10983	https://files.magentaweb.org/fonts/static/
3	0	0	0	1	0	0	29380590	0	0	29380590	0	https://files.magentaweb.org/minecraft/crashreports/crash-2025-11-10_09.27.23-server.txt
3	0	0	0	3	0	0	29324805	0	0	29323334	0	https://files.magentaweb.org/searching-not-allowed.shtml
4	0	0	0	1	0	0	29328170	0	0	29328170	0	Nokia6630/1.0 (2.3.129) SymbianOS/8.0 Series60/2.6 Profile/MIDP-2.0 Configuration/CLDC-1.1
4	0	0	0	1	0	0	29360949	0	0	29360949	0	Mozilla/5.0 (X11; Linux x86_64) AppleWebKit/537.36 (KHTML, like Gecko) Ubuntu Chromium/76.0.3809.100 Chrome/76.0.3809.100 Safari/537.36
4	0	0	0	1	0	0	29415577	0	0	29415577	0	Mozilla/5.0 (Ubuntu; Linux x86_64) AppleWebKit/537.36 (KHTML, like Gecko) Chrome/130.0.0.0 Safari/537.36
4	0	0	0	1	0	0	29411814	0	0	29411814	0	Mozilla/5.0 (Windows NT 10.0; WOW64) AppleWebKit/537.36 (KHTML, like Gecko) Chrome/71.0.3578.80 Safari/537.36
4	2	2	0	0	29419563	0	0	29416202	0	0	3322	Mozilla/5.0 (Macintosh; Intel Mac OS X 10_15_7) AppleWebKit/537.36 (KHTML, like Gecko) Chrome/116.0.0.0 Safari/537.36
4	106	42	0	8	29380129	0	29339287	29322139	0	29322139	331855	Mozilla/5.0 AppleWebKit/537.36 (KHTML, like Gecko; compatible; GPTBot/1.2; +https://openai.com/gptbot)
4	2	2	0	26	29360771	0	29360771	29360762	0	29360762	3144	Python/3.10 aiohttp/3.13.1
4	0	0	0	1	0	0	29421801	0	0	29421801	0	Mozilla/5.0 (Windows NT 10.0; Win64; x64; rv:109.0) Gecko/20100101 Firefox/121.0
4	1	1	0	1	29418688	0	29418688	29418688	0	29418688	1616	Mozilla/5.0 (X11; Linux x86_64; rv:142.0) Gecko/20100101 Firefox/142.0
4	0	0	1	0	0	29364526	0	0	29364526	0	0	Mozilla/5.0 (Linux; Android 9; ONEPLUS A6003) AppleWebKit/537.36 (KHTML, like Gecko) Chrome/76.0.3809.111 Mobile Safari/537.36
4	0	0	0	1	0	0	29328371	0	0	29328371	0	Mozilla/5.0 (Windows NT 10.0; Win64; x64) AppleWebKit/537.36 (KHTML, like Gecko) Chrome/72.0.3626.119 Safari/537.36
4	1	1	0	0	29322380	0	0	29322380	0	0	1169	Mozilla/5.0 (Macintosh; Intel Mac OS X 14_0) AppleWebKit/605.1.15 (KHTML, like Gecko) Version/18.0 Safari/605.1.15
4	6	6	0	5	29415300	0	29415300	29322090	0	29322090	8765	Mozilla/5.0 (Windows NT 10.0; Win64; x64) AppleWebKit/537.36 (KHTML, like Gecko) Chrome/137.0.0.0 Safari/537.36
4	1	1	0	0	29323050	0	0	29323050	0	0	1169	Mozilla/5.0 (ZZ; Linux i686) AppleWebKit/537.36 (KHTML, like Gecko) Chrome/128.0.0.0 Safari/537.36
4	1	0	0	1	29447856	0	29447856	29447856	0	29447856	2007017	Mozilla/5.0 (X11; Linux x86_64; rv:145.0) Gecko/20100101 Firefox/145.0
4	1	1	0	13	29415939	0	29415939	29415939	0	29415939	1682	Mozilla/5.0 (Linux; Android 14; Pixel 8) AppleWebKit/537.36 (KHTML, like Gecko) Chrome/123.0.0.0 Mobile Safari/537.36
4	3	0	0	1	29448021	0	29448204	29447676	0	29448204	6021051	Googlebot-Image/1.0
4	1	1	0	13	29416156	0	29416156	29416156	0	29416156	1675	Mozilla/5.0 (Macintosh; Intel Mac OS X 14_0) AppleWebKit/537.36 (KHTML, like Gecko) Chrome/123.0.0.0 Safari/537.36
4	2	2	0	0	29426105	0	0	29426104	0	0	3159	Scrapy/2.13.4 (+https://scrapy.org)
4	8	8	0	166	29413788	0	29413788	29409864	0	29322080	13012	Mozilla/5.0 (l9scan/2.0.1333e26373e2231313e24373; +https://leakix.net)
4	1	1	0	1	29334315	0	29334315	29334315	0	29334315	1668	Mozilla/5.0 (Macintosh; Intel Mac OS X 10_15_7) AppleWebKit/537.36 (KHTML, like Gecko) Chrome/96.0.4664.110 Safari/537.36
4	0	0	0	1	0	0	29323739	0	0	29323739	0	Mozilla/5.0 (Macintosh; Intel Mac OS X 10_14_6) AppleWebKit/537.36 (KHTML, like Gecko) Chrome/75.0.3770.145 Safari/537.36 Vivaldi/2.6.1566.49
4	1	0	0	0	29447733	0	0	29447733	0	0	2007017	Mozilla/5.0 (iPhone; CPU iPhone OS 18_6_2 like Mac OS X) AppleWebKit/605.1.15 (KHTML, like Gecko) Version/18.6 Mobile/15E148 Safari/604.1
4	193	49	85	49	29384060	29363831	29384060	29322111	29326183	29322111	1161527388	Mozilla/5.0 (Windows NT 10.0; Win64; x64) AppleWebKit/537.36 (KHTML, like Gecko) Chrome/138.0.0.0 Safari/537.36 OPR/122.0.0.0
4	8	7	0	2	29327765	0	29327757	29327727	0	29327754	16797	Mozilla/5.0 (Macintosh; Intel Mac OS X 10_15_7) AppleWebKit/537.36 (KHTML, like Gecko) Chrome/124.0.0.0 Safari/537.36
4	1	1	0	0	29415179	0	0	29415179	0	0	1595	msnbot-media/1.1 ( http://search.msn.com/msnbot.htm)
4	2	0	0	0	29368230	0	0	29368230	0	0	580018	Mozilla/5.0 (Linux; Android 10; K) AppleWebKit/537.36 (KHTML, like Gecko) Chrome/139.0.0.0 Mobile Safari/537.36
4	1	1	0	1	29420693	0	29360894	29420693	0	29360894	1659	Mozilla/5.0 (Windows NT 10.0; Win64; x64) AppleWebKit/537.36 (KHTML, like Gecko) Chrome/67.0.3396.99  Safari/537.36
4	3	3	0	8	29429416	0	29429416	29427142	0	29413857	4814	Mozilla/5.0 (Windows NT 10.0; Win64; x64) AppleWebKit/537.36
4	4	4	0	0	29417471	0	0	29410929	0	0	6622	Mozilla/5.0 (Windows NT 10.0; Win64; x64) AppleWebKit/537.36 (KHTML, like Gecko) Chrome/120.0.0.0 Safari/537.36
4	1	1	0	1	29328376	0	29421802	29328376	0	29421802	1867	Mozilla/5.0 (Windows NT 10.0; Win64; x64) AppleWebKit/537.36 (KHTML, like Gecko) Chrome/119.0.0.0 Safari/537.36
4	4	4	0	1	29441035	0	29391437	29427395	0	29391437	6291	Python/3.14 aiohttp/3.13.2
4	1	1	0	0	29417035	0	0	29417035	0	0	1669	Mozilla/5.0 (Linux; Android 8.1.0; Moto G (5S)) AppleWebKit/537.36 (KHTML, like Gecko) Chrome/76.0.3809.111 Mobile Safari/537.36
4	1	1	0	0	29325375	0	0	29325375	0	0	1341	Mozilla/5.0 (Macintosh; Intel Mac OS X 10_12_1) AppleWebKit/537.36 (KHTML, like Gecko) Chrome/76.0.3809.100 Safari/537.36
4	1	0	0	0	29368230	0	0	29368230	0	0	0	Mozilla/5.0 (iPhone; CPU iPhone OS 18_5 like Mac OS X) AppleWebKit/605.1.15 (KHTML, like Gecko) Version/18.5 Mobile/15E148 Safari/604.1
4	0	0	0	1	0	0	29322763	0	0	29322763	0	Mozilla/5.0 (Windows NT 6.3; Win64; x64) AppleWebKit/537.36 (KHTML, like Gecko) Chrome/75.0.3770.142 Safari/537.36 OPR/62.0.3331.116
4	0	0	0	1	0	0	29410486	0	0	29410486	0	Mozilla/5.0 (X11; Ubuntu; Linux x86_64; rv:20.0) Gecko/20100101 Firefox/20.0
4	0	0	0	1	0	0	29410511	0	0	29410511	0	Mozilla/5.0 (Macintosh; Intel Mac OS X 10.14; rv:109.0) Gecko/20100101 Firefox/115.0
4	1	0	0	1	29448119	0	29448119	29448119	0	29448119	2007017	Mozilla/5.0 (Linux; Android 10; K) AppleWebKit/537.36 (KHTML, like Gecko) Chrome/143.0.0.0 Safari/537.36
4	0	0	0	6	0	0	29338575	0	0	29338340	0	fasthttp
4	1	0	0	1	29448876	0	29448876	29448876	0	29448876	2007017	Mozilla/5.0 (iPhone; CPU iPhone OS 18_7_1 like Mac OS X) AppleWebKit/605.1.15 (KHTML, like Gecko) Version/18.7 Mobile/15E148 Safari/604.1
4	0	0	0	2	0	0	29373684	0	0	29373684	0	Mozilla/5.0 (Windows NT 10.0; Win64; x64) Chrome/141 Safari/537.36
4	0	0	0	1	0	0	29360166	0	0	29360166	0	Mozilla/5.0 (Linux; Android 5.1.1; KYOCERA-C6742) AppleWebKit/537.36 (KHTML, like Gecko) Chrome/76.0.3809.111 Mobile Safari/537.36
4	0	0	0	1	0	0	29410851	0	0	29410851	0	Mozilla/5.0 (Macintosh; Intel Mac OS X 10_15_7) AppleWebKit/605.1.15 (KHTML, like Gecko) Version/18.6 Safari/605.1.15
4	0	0	0	1	0	0	29411394	0	0	29411394	0	Mozilla/5.0 (X11; Linux x86_64) AppleWebKit/537.36 (KHTML, like Gecko) Chrome/137.0.0.0 Safari/537.36
4	1	1	0	0	29411015	0	0	29411015	0	0	1657	Mozilla/5.0 (Windows NT 6.1; Win64; x64) AppleWebKit/537.36 (KHTML, like Gecko) Chrome/75.0.3770.142 Safari/537.36
4	0	0	0	1	0	0	29401934	0	0	29401934	0	Mozilla/5.0 (X11; Linux x86_64; rv:127.0) Gecko/20100101 Firefox/127.0
4	1	1	0	0	29420966	0	0	29420966	0	0	1694	Mozilla/5.0 (iPhone; U; CPU iPhone OS 2_0 like Mac OS X; en-us) AppleWebKit/525.18.1 (KHTML, like Gecko) Version/3.1.1 Mobile/5A347 Safari/525.200
4	2	0	0	0	29368225	0	0	29368225	0	0	1160036	Mozilla/5.0 (Windows NT 10.0; Win64; x64) AppleWebKit/537.36 (KHTML, like Gecko) Chrome/133.0.0.0 Safari/537.36 Edg/133.0.0.0
4	12	4	5	16	29322184	29322183	29322184	29322081	29322119	29322081	33776	Mozilla/5.0 (iPhone; CPU iPhone OS 18_5 like Mac OS X) AppleWebKit/605.1.15 (KHTML, like Gecko) CriOS/138.0.7204.156 Mobile/15E148 Safari/604.1
4	1	1	0	0	29327743	0	0	29327743	0	0	1867	Mozilla/5.0 (Macintosh; Intel Mac OS X 10_15_7) AppleWebKit/537.36 (KHTML, like Gecko) Chrome/131.0.0.0 Safari/537.36 Edg/131.0.0.0
4	6	6	0	0	29436907	0	0	29322904	0	0	8859	Mozilla/5.0 (compatible; InternetMeasurement/1.0; +https://internet-measurement.com/)
4	1	0	0	0	29368526	0	0	29368526	0	0	580018	Mozilla/5.0 (Windows NT 10.0; Win64; x64) AppleWebKit/537.36 (KHTML, like Gecko) Chrome/127.0.0.0 Safari/537.36
4	0	0	0	1	0	0	29421515	0	0	29421515	0	Mozilla/5.0 (X11; U; Linux i686; en-US; rv:1.6) Gecko/20040614 Firefox/0.8
4	0	0	0	1	0	0	29428782	0	0	29428782	0	Mozilla/5.0 (Macintosh; Intel Mac OS X 10_15_3) AppleWebKit/605.1.15 (KHTML, like Gecko) Version/13.0.5 Safari/605.1.15
4	1	0	0	0	29368230	0	0	29368230	0	0	580018	Mozilla/5.0 (iPhone; CPU iPhone OS 18_3_2 like Mac OS X) AppleWebKit/605.1.15 (KHTML, like Gecko) Mobile/15E148 THDConsumer/7.46.0.576 (iPhone;iOS 18.3.2)DID:
4	0	0	0	6	0	0	29420843	0	0	29416064	0	Mozilla/5.0 (X11; Linux x86_64)
4	4	0	0	2	29398218	0	29398218	29363832	0	29363832	1200068098	Mozilla/5.0 (Windows NT 10.0; Win64; x64; rv:109.0) Gecko/20100101 Firefox/113.0
4	1	0	0	0	29448136	0	0	29448136	0	0	2007017	Mozilla/5.0 (Android 13; Mobile; rv:146.0) Gecko/146.0 Firefox/146.0
4	2	2	0	0	29325494	0	0	29322319	0	0	2510	Mozilla/5.0 (X11; Linux x86_64) AppleWebKit/537.36 (KHTML, like Gecko) Chrome/119.0.0.0 Safari/537.36
4	0	0	0	2	0	0	29421802	0	0	29421802	0	Mozilla/5.0 (X11; Linux x86_64) AppleWebKit/537.36 (KHTML, like Gecko) Chrome/120.0.0.0 Safari/537.36
4	6	6	0	11	29441471	0	29446286	29367428	0	29366836	9913	Mozilla/5.0 (Windows NT 10.0; Win64; x64) AppleWebKit/537.36 (KHTML, like Gecko) Chrome/134.0.0.0 Safari/537.3
4	1	0	0	0	29376636	0	0	29376636	0	0	159311	Mozilla/5.0 (Windows NT 10.0; Win64; x64; rv:144.0) Gecko/20100101 Firefox/144.0
4	1	1	0	0	29359863	0	0	29359863	0	0	1661	Mozilla/5.0 (Windows NT 10.0; Win64; x64) AppleWebKit/537.36 (KHTML, like Gecko) Chrome/126.0.6478.182 Safari/537.36
4	1	0	0	0	29448179	0	0	29448179	0	0	2007017	Nano WatchKit/1.4 (com.willbishop.redditwatch.watchkitapp.watchkitextension; build:11; watchOS 26.0.0) Alamofire/5.5.0
4	0	0	0	1	0	0	29415096	0	0	29415096	0	Mozilla/5.0 (Linux; Android 7.0; ASUS_X00GD) AppleWebKit/537.36 (KHTML, like Gecko) Chrome/76.0.3809.111 Mobile Safari/537.36
4	0	0	0	1	0	0	29415311	0	0	29415311	0	Mozilla/5.0 (iPad; CPU OS 12_3_1 like Mac OS X) AppleWebKit/605.1.15 (KHTML, like Gecko) Mobile/15E148;WeRead/4.1.3 (iPad; iOS 12.3.1; Scale/2.00)
4	0	0	0	1	0	0	29325294	0	0	29325294	0	Python-urllib/3.10
4	1	1	0	0	29411335	0	0	29411335	0	0	1626	Opera/8.01 (J2ME/MIDP; Opera Mini/1.0.1479/HiFi; SonyEricsson P900; no; U; ssr)
4	1	1	0	0	29448697	0	0	29448697	0	0	1666	Mozilla/5.0 (Windows NT 10.0; Win64; x64) AppleWebKit/537.36 (KHTML, like Gecko) Chrome/120.0.0.0 Safari/537.36 Edg/120.0.0.0
4	1	1	0	0	29360792	0	0	29360792	0	0	1669	Mozilla/5.0 (Linux; Android 8.0.0; SM-G965U) AppleWebKit/537.36 (KHTML, like Gecko) Chrome/76.0.3809.89 Mobile Safari/537.36
4	0	0	0	2	0	0	29338575	0	0	29338340	0	Mozilla/5.0 (Macintosh; Intel Mac OS X 10_14_6) AppleWebKit/537.36 (KHTML, like Gecko) Chrome/76.0.3809.132 Safari/537.36
4	1	1	0	0	29327406	0	0	29327406	0	0	1689	Mozilla/5.0 (Windows NT 10.0; Win64; x64; rv:120.0) Gecko/20100101 Firefox/120.0
4	0	0	0	1	0	0	29417184	0	0	29417184	0	Mozilla/5.0 (Windows NT 10.0; rv:45.9) Gecko/20100101 Goanna/3.2 Firefox/45.9 PaleMoon/27.4.0
4	3	3	0	3	29323235	0	29323235	29322271	0	29322271	3507	Mozilla/5.0 (Linux; Android 10; K) AppleWebKit/537.36 (KHTML, like Gecko) Chrome/137.0.0.0 Mobile Safari/537.36
4	0	0	0	1	0	0	29411394	0	0	29411394	0	Mozilla/5.0 (X11; Linux x86_64) AppleWebKit/537.36 (KHTML, like Gecko) Chrome/136.0.0.0 Safari/537.36
4	4	0	0	2	29448691	0	29447675	29447643	0	29447643	8028068	Mozilla/5.0 (Linux; Android 10; K) AppleWebKit/537.36 (KHTML, like Gecko) Chrome/143.0.0.0 Mobile Safari/537.36
4	11	11	0	0	29420487	0	0	29409807	0	0	17644	Mozilla/5.0 (Windows NT 10.0; Win64; x64) Chrome/91.0.4472.124
4	0	0	0	88	0	0	29448928	0	0	29335858	0	Mozilla/5.0 (Macintosh; Intel Mac OS X 10_15_7) AppleWebKit/537.36 (KHTML, like Gecko) Chrome/131.0.0.0 Safari/537.36; compatible; OAI-SearchBot/1.0; +https://openai.com/searchbot
4	1	0	0	0	29447688	0	0	29447688	0	0	2007017	Mozilla/5.0 (Android 14; Mobile; rv:146.0) Gecko/146.0 Firefox/146.0
4	0	0	0	1	0	0	29360876	0	0	29360876	0	Mozilla/5.0 (Windows NT 6.1; WOW64) AppleWebKit/537.36 (KHTML, like Gecko) Chrome/27.0.1453.12 Safari/537.36 OPR/14.0.1116.4
4	0	0	0	1	0	0	29421576	0	0	29421576	0	Mozilla/5.0 (Macintosh; Intel Mac OS X 10_7_2) AppleWebKit/535.1 (KHTML, like Gecko) Chrome/14.0.835.186 Safari/535.1
4	0	0	0	1	0	0	29421801	0	0	29421801	0	Mozilla/5.0 (Windows NT 10.0; Win64; x64; rv:109.0) Gecko/20100101 Firefox/120.0
4	0	0	0	1	0	0	29360189	0	0	29360189	0	Mozilla/5.0 (iPad; CPU OS 12_4 like Mac OS X) AppleWebKit/605.1.15 (KHTML, like Gecko) Mobile/15E148 Flipboard/4.2.48
4	0	0	0	1	0	0	29411259	0	0	29411259	0	Mozilla/5.0 (Knoppix; Linux i686) AppleWebKit/537.36 (KHTML, like Gecko) Chrome/129.0.0.0 Safari/537.36
4	1	1	0	0	29437148	0	0	29437148	0	0	1649	Mozilla/5.0 (Windows NT 6.1; WOW64) AppleWebKit/537.36 (KHTML, like Gecko) Chrome/29.0.1547.66 Safari/537.36
4	0	0	0	1	0	0	29417210	0	0	29417210	0	Mozilla/5.0 (Windows NT 10.0; WOW64; Trident/7.0; MATBJS; rv:11.0) like Gecko
4	16	0	0	1	29447629	0	29363832	29363831	0	29363832	1220719470	Mozilla/5.0 (compatible; Discordbot/2.0; +https://discordapp.com)
4	6	6	0	0	29425074	0	0	29387106	0	0	9680	Mozilla/5.0 (compatible; NetcraftSurveyAgent/1.0; +info@netcraft.com)
4	0	0	0	685	0	0	29417904	0	0	29409806	0	python-httpx/0.28.1
4	3	3	0	2	29359867	0	29323806	29323795	0	29323803	3957	Mozilla/5.0 (X11; Ubuntu; Linux x86_64; rv:134.0) Gecko/20100101 Firefox/134.0
4	1	0	0	1	29375023	0	29375023	29375023	0	29375023	453863	Mozilla/5.0 (Windows NT 10.0; Win64; x64) AppleWebKit/537.36 (KHTML, like Gecko) Chrome/139.0.0.0 Safari/537.36 OPR/123.0.0.0 (Edition std-2)
4	0	0	0	1	0	0	29433343	0	0	29433343	0	Mozilla/5.0 (Linux; Android 9; moto g(7) power) AppleWebKit/537.36 (KHTML, like Gecko) Chrome/76.0.3809.89 Mobile Safari/537.36
4	7	7	0	13	29416203	0	29416203	29322093	0	29322093	14469	Mozilla/5.0 (Windows NT 10.0; Win64; x64) AppleWebKit/537.36 (KHTML, like Gecko) Chrome/117.0.0.0 Safari/537.36
4	0	0	0	1	0	0	29415930	0	0	29415930	0	Mozilla/5.0 (X11; Linux x86_64) AppleWebKit/537.36 (KHTML, like Gecko) Chrome/55.0.2883.87 Safari/537.36
4	2	0	0	0	29403597	0	0	29403597	0	0	752358	Mozilla/5.0 (Windows NT 6.1; WOW64) SkypeUriPreview Preview/0.5 skype-url-preview@microsoft.com
4	1	0	0	1	29448309	0	29448309	29448309	0	29448309	2007017	Mozilla/5.0 (Linux; Android 10; K) AppleWebKit/537.36 (KHTML, like Gecko) SamsungBrowser/28.0 Chrome/130.0.0.0 Mobile Safari/537.36
4	0	0	0	1	0	0	29371519	0	0	29371519	0	Mozilla/5.0 (iPad; CPU OS 7_0 like Mac OS X) AppleWebKit/537.51.1 (KHTML, like Gecko) CriOS/30.0.1599.12 Mobile/11A465 Safari/8536.25 (3B92C18B-D9DE-4CB7-A02A-22FD2AF17C8F)
4	1	1	0	0	29362188	0	0	29362188	0	0	1689	Mozilla/5.0 (X11; FreeBSD amd64) AppleWebKit/535.22+ (KHTML, like Gecko) Chromium/17.0.963.56 Chrome/17.0.963.56 Safari/535.22+ Epiphany/2.30.6
4	1	1	0	0	29382358	0	0	29382358	0	0	1663	Mozilla/5.0 (Macintosh; Intel Mac OS X 10_13_6) AppleWebKit/537.36 (KHTML, like Gecko) Chrome/74.0.3729.131 Safari/537.36
4	1	1	0	0	29416244	0	0	29416244	0	0	1687	Mozilla/5.0 (iPhone; CPU iPhone OS 12_0 like Mac OS X) AppleWebKit/605.1.15 (KHTML, like Gecko) CriOS/74.0.3729.155 Mobile/15E148 Safari/605.1
4	13	3	0	0	29449691	0	0	29448242	0	0	8428653	Mozilla/5.0 (Android 15; Mobile; rv:146.0) Gecko/146.0 Firefox/146.0
4	4	4	0	0	29359886	0	0	29322080	0	0	5307	Mozilla/5.0 (Linux; Android 6.0; HTC One M9 Build/MRA876937) AppleWebKit/537.36 (KHTML, like Gecko) Chrome/52.0.1248.98 Mobile Safari/537.3
4	4	4	0	8	29434692	0	29434692	29422926	0	29422926	6688	Mozilla/5.0 (Windows NT 10.0; Win64; x64) AppleWebKit/537.36 (KHTML, like Gecko) Chrome/60.0.3112.113 Safari/537.36 Assetnote/1.0.0
4	6	6	0	0	29446681	0	0	29417639	0	0	9672	Mozilla/5.0 (X11; Linux i686; rv:124.0) Gecko/20100101 Firefox/124.0
4	1	1	0	0	29421436	0	0	29421436	0	0	1654	Mozilla/5.0 (X11; U; Linux i686; en-US) AppleWebKit/532.8 (KHTML, like Gecko) Chrome/4.0.277.0 Safari/532.8
4	0	0	0	1	0	0	29404057	0	0	29404057	0	Wget/1.21.3 (linux-gnu)
4	8	2	0	0	29438338	0	0	29438330	0	0	22108143	Opera/114.0.5282.101  (Macintosh; Intel Mac OS X 10.15; rv:143.0) Gecko/20100101 Firefox/143.0
4	0	0	0	1	0	0	29439195	0	0	29439195	0	Mozilla/5.0 (Windows NT 10.0; Win64; x64) AppleWebKit/537.36 (KHTML, like Gecko) Chrome/68.0.3440.75 Safari/537.36
4	2	2	0	0	29322260	0	0	29322260	0	0	2338	Mozilla/5.0 (X11; Linux x86_64; rv:83.0) Gecko/20100101 Firefox/83.0
4	0	0	0	1	0	0	29364759	0	0	29364759	0	Mozilla/5.0 (Windows NT 10.0; Win64; x64) AppleWebKit/537.36 (KHTML, like Gecko) Chrome/77.0.3865.42 Safari/537.36
4	0	0	0	1	0	0	29433343	0	0	29433343	0	Mozilla/5.0 (Linux; Android 9; moto g(6) plus) AppleWebKit/537.36 (KHTML, like Gecko) Chrome/76.0.3809.111 Mobile Safari/537.36
4	1	1	0	0	29322120	0	0	29322120	0	0	1169	python-requests/2.32.5
4	13	13	0	21	29442694	0	29437068	29435991	0	29435991	16552	Mozilla/5.0 (Windows NT 10.0; Win64; x64) AppleWebKit/537.36 (KHTML, like Gecko) Chrome/125.0.0.0 Safari/537.36
4	5	0	0	0	29415685	0	0	29415667	0	0	22176900	Java/21.0.9
4	2	0	0	0	29367808	0	0	29367807	0	0	21727024	Java/21.0.7
4	37	0	0	3	29415685	0	29367810	29367807	0	29367807	175302035	VLC/3.0.18 LibVLC/3.0.18
4	1	0	0	0	29405597	0	0	29405597	0	0	376179	python-urllib3/2.2.3
4	10	6	1	17	29335853	29335853	29335853	29324520	29335853	29324520	33422	Mozilla/5.0 (Macintosh; Intel Mac OS X 10_15_7) AppleWebKit/605.1.15 (KHTML, like Gecko) Version/26.0 Safari/605.1.15
4	3	0	0	0	29415682	0	0	29415677	0	0	13306140	Java/21.0.4
4	3	3	0	0	29420027	0	0	29401243	0	0	4912	cypex.ai/scanning Mozilla/5.0 (Macintosh; Intel Mac OS X 10_15_7) Chrome/126.0.0.0 Safari/537.36
4	4	4	0	0	29419492	0	0	29322080	0	0	5901	Mozilla/5.0 (X11; Linux x86_64) AppleWebKit/537.36 (KHTML, like Gecko) Chrome/117.0.0.0 Safari/537.36
4	1	0	0	1	29448322	0	29448322	29448322	0	29448322	2007017	Mozilla/5.0 (Linux; Android 10; K) AppleWebKit/537.36 (KHTML, like Gecko) Chrome/135.0.0.0 Mobile Safari/537.36
4	8	6	0	4	29419563	0	29419563	29322093	0	29359846	1168779	Mozilla/5.0 (Windows NT 10.0; Win64; x64) AppleWebKit/537.36 (KHTML, like Gecko) Chrome/116.0.0.0 Safari/537.36
4	36	27	9	9	29368254	29368254	29368254	29368254	29368254	29368254	5255435	Mozilla/5.0 (Windows NT 10.0; Win64; x64) AppleWebKit/537.36 (KHTML, like Gecko) Chrome/70.0.3538.77 Safari/537.36
4	3	0	0	0	29448292	0	0	29447684	0	0	6021051	Mozilla/5.0 (Android 16; Mobile; rv:146.0) Gecko/146.0 Firefox/146.0
4	1	0	0	0	29368229	0	0	29368229	0	0	580018	Mozilla/5.0 (Macintosh; Intel Mac OS X 10_15_7) AppleWebKit/605.1.15 (KHTML, like Gecko) Version/17.3 Safari/605.1.15
4	4	4	0	4	29443720	0	29443720	29381757	0	29381757	6470	Mozilla/5.0 (compatible; wpbot/1.3; +https://forms.gle/ajBaxygz9jSR8p8G9)
4	1	1	0	0	29333652	0	0	29333652	0	0	1666	Mozilla/5.0 AppleWebKit/537.36 (KHTML, like Gecko; compatible; Perplexity-User/1.0; +https://perplexity.ai/perplexity-user)
4	0	0	0	1	0	0	29416417	0	0	29416417	0	Mozilla/5.0 (Macintosh; Intel Mac OS X 10_12_6) AppleWebKit/603.3.8 (KHTML, like Gecko) Version/10.1.2 Safari/603.3.8
4	1	1	0	0	29330112	0	0	29330112	0	0	1867	Mozilla/5.0 (X11; Linux x86_64) AppleWebKit/560.54 (KHTML, like Gecko) Chrome/67.0.2548 Safari/537.36
4	1	0	0	0	29368229	0	0	29368229	0	0	580018	Mozilla/5.0 (Linux; Android 10; K) AppleWebKit/537.36 (KHTML, like Gecko) Chrome/141.0.0.0 Mobile Safari/537.36
4	0	0	0	1	0	0	29410581	0	0	29410581	0	Mozilla/5.0 (X11; U; FreeBSD x86_64; en-US) AppleWebKit/534.16 (KHTML, like Gecko) Chrome/10.0.648.204 Safari/534.16
4	0	0	0	2	0	0	29421802	0	0	29421801	0	Mozilla/5.0 (Macintosh; Intel Mac OS X 10_15_7) AppleWebKit/605.1.15 (KHTML, like Gecko) Version/17.1 Safari/605.1.15
4	0	0	0	1	0	0	29360415	0	0	29360415	0	Mozilla/5.0 (Windows Phone 8.1; ARM; Trident/7.0; Touch; rv:11.0; IEMobile/11.0; NOKIA; Lumia 630) like Gecko
4	4	4	0	0	29374503	0	0	29333824	0	0	6316	Scrapy/2.13.3 (+https://scrapy.org)
4	8	0	0	7	29448507	0	29434045	29405387	0	29405387	30323587	Mozilla/5.0 (X11; Linux x86_64) AppleWebKit/537.36 (KHTML, like Gecko) SamsungBrowser/29.0 Chrome/136.0.0.0 Safari/537.36
4	10	10	0	19	29445948	0	29445949	29323234	0	29323234	15250	Mozilla/5.0 (compatible; CensysInspect/1.1; +https://about.censys.io/)
4	1	1	0	1	29448204	0	29447676	29448204	0	29447676	1614	Mozilla/5.0 (compatible; Googlebot/2.1; +http://www.google.com/bot.html)
4	2	2	0	2	29419165	0	29419165	29419164	0	29419164	3296	Mozilla/5.0 AppleWebKit/537.36 (KHTML, like Gecko; compatible; ClaudeBot/1.0; +claudebot@anthropic.com)
4	170	129	46	177	29410778	29368255	29410779	29322080	29368254	29322080	23949212	Go-http-client/1.1
4	20	10	1	5	29433705	29376164	29433704	29376164	29376164	29376164	22629848	Mozilla/5.0 (Macintosh; Intel Mac OS X 10_15_7) AppleWebKit/605.1.15 (KHTML, like Gecko) Version/26.0.1 Safari/605.1.15
4	0	0	0	115	0	0	29449655	0	0	29384229	0	Mozilla/5.0 (Macintosh; Intel Mac OS X 10_15_7) AppleWebKit/537.36 (KHTML, like Gecko) Chrome/131.0.0.0 Safari/537.36; compatible; OAI-SearchBot/1.3; robots.txt; +https://openai.com/searchbot
4	4	0	0	0	29447661	0	0	29434041	0	0	28993017	Mozilla/5.0 (Linux; Android 10; K) AppleWebKit/537.36 (KHTML, like Gecko) SamsungBrowser/29.0 Chrome/136.0.0.0 Mobile Safari/537.36
4	2	0	0	0	29429664	0	0	29429664	0	0	752358	Mozilla/5.0 (Windows NT 10.0; Win64; x64) AppleWebKit/537.36 (KHTML, like Gecko) Chrome/91.0.4472.124 Safari/537.36
4	2	0	0	1	29422829	0	29422827	29422827	0	29422827	805566	Mozilla/5.0 (Windows NT 10.0; Win64; x64) AppleWebKit/537.36 (KHTML, like Gecko) Chrome/133.0.0.0 Safari/537.36
4	38	35	0	0	29449413	0	0	29384229	0	0	2138424	Mozilla/5.0 AppleWebKit/537.36 (KHTML, like Gecko; compatible; GPTBot/1.3; +https://openai.com/gptbot)
4	6	0	0	4	29449335	0	29449335	29447636	0	29447636	8028068	Mozilla/5.0 (Windows NT 10.0; Win64; x64; rv:146.0) Gecko/20100101 Firefox/146.0
4	2	2	0	0	29328139	0	0	29325467	0	0	3208	Mozilla/5.0 (Macintosh; Intel Mac OS X 10_15_7) AppleWebKit/537.36 (KHTML, like Gecko) Chrome/119.0.0.0 Safari/537.36
4	1	1	0	3	29448697	0	29421802	29448697	0	29421801	1664	Mozilla/5.0 (Macintosh; Intel Mac OS X 10_15_7) AppleWebKit/537.36 (KHTML, like Gecko) Chrome/120.0.0.0 Safari/537.36
4	1	1	0	0	29323324	0	0	29323324	0	0	1169	Mozilla/5.0 (Windows NT 6.1; Win64; x64) AppleWebKit/537.36 (KHTML, like Gecko) Chrome/76.0.3786.0 Safari/537.36
4	9	0	0	5	29373407	0	29373378	29363265	0	29363265	1296616	Mozilla/5.0 (Windows NT 10.0; Win64; x64) AppleWebKit/537.36 (KHTML, like Gecko) Chrome/138.0.0.0 Safari/537.36 OPR/122.0.0.0 (Edition std-2)
4	1	1	0	0	29368245	0	0	29368245	0	0	1676	Mozilla/5.0 (iPhone; CPU iPhone OS 16_0 like Mac OS X) AppleWebKit/605.1.15 (KHTML, like Gecko) Version/16.0 Mobile/15E148 Safari/604.1
4	24	3	0	13	29322080	0	29322080	29322080	0	29322080	48380	Mozilla/5.0 (X11; Linux x86_64) AppleWebKit/537.36 (KHTML, like Gecko) Chrome/116.0.0.0 Safari/537.36
4	12	0	0	5	29448682	0	29448196	29442684	0	29442480	19852610	Mozilla/5.0 (Windows NT 10.0; Win64; x64) AppleWebKit/537.36 (KHTML, like Gecko) Chrome/141.0.0.0 Safari/537.36 OPR/125.0.0.0
4	1	0	0	0	29448348	0	0	29448348	0	0	2007017	curl/8.17.0
4	1	0	0	1	29448256	0	29448256	29448256	0	29448256	2007017	Mozilla/5.0 (Linux; Android 10; K) AppleWebKit/537.36 (KHTML, like Gecko) Chrome/143.0.0.0 Mobile Safari/537.36 (Ecosia android@143.0.0.0)
4	1	1	0	3	29331946	0	29347172	29331946	0	29337471	1867	Hello from Palo Alto Networks, find out more about our scans in https://docs-cortex.paloaltonetworks.com/r/1/Cortex-Xpanse/Scanning-activity
4	1	0	0	0	29447729	0	0	29447729	0	0	2007017	Mozilla/5.0 (iPhone; CPU iPhone OS 18_7 like Mac OS X) AppleWebKit/605.1.15 (KHTML, like Gecko) Version/18.7.2 Mobile/15E148 Safari/604.1
4	1	1	0	0	29436740	0	0	29436740	0	0	1670	Mozilla/5.0 (Windows NT 10.0; Win64; x64) AppleWebKit/537.36 (KHTML, like Gecko) Chrome/139.0.0.0 Safari/537.36 Edg/139.0.0.0
4	1	0	0	1	29449767	0	29449767	29449767	0	29449767	2007017	Mozilla/5.0 (Linux; Android 10; K) AppleWebKit/537.36 (KHTML, like Gecko) Chrome/143.0.0.0 Mobile Safari/537.36 EdgA/143.0.0.0
4	0	0	0	2	0	0	29413989	0	0	29413869	0	RecordedFuture Global Inventory Crawler
4	7	7	0	9	29423388	0	29423388	29363681	0	29343466	11304	Mozilla/5.0 (X11; Linux x86_64; rv:139.0) Gecko/20100101 Firefox/139.0
4	1	0	0	0	29448348	0	0	29448348	0	0	2007017	Mozilla/5.0 (X11; Linux x86_64; rv:140.0) Gecko/20100101 Firefox/140.0
4	2	1	0	1	29418263	0	29418263	29368225	0	29418263	581660	Mozilla/5.0 (X11; Linux x86_64) AppleWebKit/537.36 (KHTML, like Gecko) Chrome/142.0.0.0 Safari/537.36
4	1	1	0	0	29368244	0	0	29368244	0	0	1653	Mozilla/5.0 (Windows NT 10.0; Win64; x64) AppleWebKit/537.36 (KHTML, like Gecko) Chrome/141.0.0.0 Safari/537.36
4	4	0	0	0	29448658	0	0	29447642	0	0	8028068	Mozilla/5.0 (iPhone; CPU iPhone OS 18_7 like Mac OS X) AppleWebKit/605.1.15 (KHTML, like Gecko) Version/26.1 Mobile/15E148 Safari/604.1
4	0	0	0	1	0	0	29361005	0	0	29361005	0	Mozilla/5.0 (Macintosh; Intel Mac OS X 10_11_5) AppleWebKit/537.36 (KHTML, like Gecko) Chrome/76.0.3809.100 Safari/537.36
4	0	0	0	2	0	0	29420487	0	0	29420321	0	python-httpx/0.27.2
4	1	1	0	0	29434048	0	0	29434048	0	0	1662	Mozilla/5.0 (Windows NT 10.0; Win64; x64) AppleWebKit/537.36 (KHTML, like Gecko) Chrome/138.0.0.0 Safari/537.36 clst-pab
4	12	3	0	3	29448259	0	29338955	29373362	0	29335857	5962171	Mozilla/5.0 AppleWebKit/537.36 (KHTML, like Gecko); compatible; ChatGPT-User/1.0; +https://openai.com/bot
4	1	1	0	0	29327561	0	0	29327561	0	0	1689	Mozilla/5.0 (Macintosh; Intel Mac OS X 10_15_7) AppleWebKit/537.36 (KHTML, like Gecko) Chrome/136.0.0.0 Safari/537.36
4	0	0	0	105	0	0	29417538	0	0	29417538	0	python-httpx/0.27.0
4	9	9	0	3	29449753	0	29448697	29359979	0	29344253	13988	Mozilla/5.0
4	0	0	0	1	0	0	29421466	0	0	29421466	0	Mozilla/5.0 (Windows NT 6.3; WOW64) AppleWebKit/537.36 (KHTML, like Gecko) Chrome/61.0.3163.79 Safari/537.36 Maxthon/5.2.7.5000
4	0	0	0	2	0	0	29335844	0	0	29335844	0	Mozilla/5.0 (Macintosh; Intel Mac OS X 10_15_7) AppleWebKit/605.1.15 (KHTML, like Gecko) Version/26.0 Mobile/15E148 Safari/604.1
4	0	0	0	1	0	0	29323893	0	0	29323893	0	Mozilla/5.0 (iPad; CPU OS 5_1 like Mac OS X) AppleWebKit/534.46 (KHTML, like Gecko ) Version/5.1 Mobile/9B176 Safari/7534.48.3
4	1	1	0	0	29415888	0	0	29415888	0	0	1676	Mozilla/5.0 (Linux; Android 8.0.0; Moto Z2 Play) AppleWebKit/537.36 (KHTML, like Gecko) Chrome/76.0.3809.111 Mobile Safari/537.36
4	2	2	0	2	29384103	0	29384102	29381666	0	29381665	3298	Mozilla/5.0 (X11; Linux x86_64) AppleWebKit/537.36 (KHTML, like Gecko) Chrome/81.0.4044.129 Safari/537.36
4	1	0	0	1	29449116	0	29449116	29449116	0	29449116	2007017	Mozilla/5.0 (X11; Linux x86_64; rv:146.0) Gecko/20100101 Firefox/146.0
4	0	0	0	1	0	0	29323688	0	0	29323688	0	Mozilla/5.0 (iPhone; CPU iPhone OS 12_4 like Mac OS X) AppleWebKit/602.1.50 (KHTML, like Gecko) CriOS/56.0.2924.79 Mobile/16G77 Safari/602.1
4	1	0	0	0	29438333	0	0	29438333	0	0	10863512	NSPlayer/12.00.26100.7462 WMFSDK/12.00.26100.7462
4	2	0	0	0	29422968	0	0	29422820	0	0	858774	Mozilla/5.0 (Nintendo 3DS; U; ; de) Version/1.7642.EU
4	25	25	0	12	29372690	0	29349617	29322219	0	29336712	37300	Mozilla/5.0 (X11; Linux i686; rv:109.0) Gecko/20100101 Firefox/120.0
4	1	1	0	0	29324323	0	0	29324323	0	0	0	Mozilla/5.0 (Windows NT 10.0; Win64; x64) AppleWebKit/537.36 (KHTML, like Gecko) Chrome/100.0.4896.75 Safari/537.36
4	1	1	0	0	29322083	0	0	29322083	0	0	971	Mozilla/5.0 (Windows NT 10.0; Win64; x64) AppleWebKit/537.36 (KHTML, like Gecko) Chrome/123.0.2420.10 Safari/537.36 Edg/123.0.2420.10
4	4	0	0	0	29368260	0	0	29368230	0	0	1160036	Mozilla/5.0 (compatible; MSIE 10.0; Windows NT 6.1; Trident/6.0)
4	1	1	0	0	29433533	0	0	29433533	0	0	1647	Mozilla/5.0 (X11; Linux x86_64) AppleWebKit/537.36 (KHTML, like Gecko) Chrome/115.0.0.0 Safari/537.36
4	1	1	0	0	29417026	0	0	29417026	0	0	1666	Mozilla/5.0 (Linux; Android 8.1.0; Redmi 6) AppleWebKit/537.36 (KHTML, like Gecko) Chrome/73.0.3683.90 Mobile Safari/537.36
4	1	1	0	0	29448204	0	0	29448204	0	0	1740	Mozilla/5.0 (Linux; Android 6.0.1; Nexus 5X Build/MMB29P) AppleWebKit/537.36 (KHTML, like Gecko) Chrome/99.0.4844.84 Mobile Safari/537.36 (compatible; Googlebot/2.1; +http://www.google.com/bot.html)
4	1	1	0	0	29362194	0	0	29362194	0	0	1671	Mozilla/5.0 (Linux; U; Android 4.3; en-us; sdk Build/MR1) AppleWebKit/536.23 (KHTML, like Gecko) Version/4.3 Mobile Safari/536.23
4	11	11	0	33	29362444	0	29362444	29322276	0	29322276	15963	Mozilla/5.0 (Linux; Android 6.0; Nexus 5 Build/MRA58N) AppleWebKit/537.36 (KHTML, like Gecko) Chrome/130.0.0.0 Mobile Safari/537.36
4	4	4	0	4	29409870	0	29409870	29322088	0	29322088	5305	Mozilla/5.0 (iPhone; CPU iPhone OS 16_6_1 like Mac OS X) AppleWebKit/605.1.15 (KHTML, like Gecko) Version/16.5 Mobile/15E148 Safari/604.1
4	1	1	0	0	29368244	0	0	29368244	0	0	1705	Mozilla/5.0 (Linux; arm_64; Android 14; TECNO LH7n) AppleWebKit/537.36 (KHTML, like Gecko) Chrome/138.0.7204.105 YaBrowser/25.8.5.105.00 SA/3 Mobile Safari/537.36
4	0	0	0	6	0	0	29403596	0	0	29376164	0	NetworkingExtension/8622.1.22.10.11 Network/5569.2.3 iOS/26.0.1
4	0	0	0	1	0	0	29411257	0	0	29411257	0	Mozilla/5.0 (Linux; Android 8.0.0; Lenovo K8 Note) AppleWebKit/537.36 (KHTML, like Gecko) Chrome/76.0.3809.111 Mobile Safari/537.36
4	3	3	1	42	29368252	29368252	29368261	29368251	29368252	29368255	3976	Mozilla/5.0 (Windows NT 10.0; Win64; x64) AppleWebKit/537.36 (KHTML, like Gecko) Chrome/80.0.3987.163 Safari/537.36
4	2	2	121	3	29322354	29333599	29333652	29322354	29333597	29333604	2338	Mozilla/5.0 (Windows NT 10.0; Win64; x64) AppleWebKit/537.36 (KHTML, like Gecko) Chrome/140.0.0.0 Safari/537.36
4	1	1	0	0	29327744	0	0	29327744	0	0	5982	Mozilla/5.0 (Macintosh; Intel Mac OS X 10.15; rv:136.0) Gecko/20100101 Firefox/136.0
4	3	2	0	114	29323362	0	29323363	29323357	0	29323357	3987	Mozilla/5.0 (Windows NT 6.1; Win64; x64; rv:47.0) Gecko/20100101 Firefox/47.0
4	1	1	0	0	29330111	0	0	29330111	0	0	1867	curl/7.29.0
4	1	1	0	0	29435791	0	0	29435791	0	0	1710	Mozilla/5.0 (iPhone; CPU iPhone OS 10_3_3 like Mac OS X) AppleWebKit/603.3.8 (KHTML, like Gecko) Mobile/14G60 MicroMessenger/7.0.5(0x17000523) NetType/4G Language/zh_CN
4	2	2	0	2	29322260	0	29322260	29322260	0	29322260	2338	Mozilla/5.0 (Macintosh; Intel Mac OS X 10_9_2) AppleWebKit/537.36 (KHTML, like Gecko) Chrome/33.0.1750.152 Safari/537.36
4	3	2	1	1	29368222	29368222	29368222	29368222	29368222	29368222	582800	Mozilla/5.0 (Windows NT 10.0; Win64; x64; rv:135.0) Gecko/20100101 Firefox/135.0
4	2	2	0	2	29322260	0	29322260	29322260	0	29322260	2338	Mozilla/5.0 (X11; Linux x86_64) AppleWebKit/537.36 (KHTML, like Gecko) Chrome/132.0.0.0 Safari/537.36
4	0	0	0	2	0	0	29351094	0	0	29348638	0	Mozilla/5.0 AppleWebKit/537.36 (KHTML, like Gecko; compatible; GPTBot/1.0; +https://openai.com/gptbot)
4	7	1	0	2	29398218	0	29398218	29387842	0	29387842	230725716	Mozilla/5.0 (Windows NT 10.0; Win64; x64) AppleWebKit/537.36 (KHTML, like Gecko) Chrome/139.0.0.0 Safari/537.36 OPR/123.0.0.0
4	0	0	0	1	0	0	29323323	0	0	29323323	0	Mozilla/5.0 (WindowsCE 6.0; rv:2.0.1) Gecko/20100101 Firefox/4.0.1
4	0	0	0	1	0	0	29363971	0	0	29363971	0	Mozilla/5.0 (X11; OpenBSD amd64; rv:30.0) Gecko/20100101 Firefox/30.0
4	0	0	0	1	0	0	29428740	0	0	29428740	0	Mozilla/5.0 (Macintosh; Intel Mac OS X 11) AppleWebKit/617.29 (KHTML, like Gecko) Version/17.7 Safari/617.29
4	1	1	0	0	29331906	0	0	29331906	0	0	1867	Mozilla/5.0 (Windows NT 10.0; Win64; x64) AppleWebKit/537.36 (KHTML, like Gecko; compatible; BW/1.3; rb.gy/qyzae5) Chrome/124.0.0.0 Safari/537.36
4	1	1	0	5	29361606	0	29361606	29361606	0	29361606	1625	Mozilla/5.0 (Macintosh; Intel Mac OS X 10.15; rv:139.0) Gecko/20100101 Firefox/139.0
4	0	0	0	9	0	0	29380129	0	0	29359007	0	Mozilla/5.0 (Macintosh; Intel Mac OS X 10_15_7) AppleWebKit/537.36 (KHTML, like Gecko) Chrome/131.0.0.0 Safari/537.36; compatible; OAI-SearchBot/1.0; robots.txt; +https://openai.com/searchbot
4	0	0	0	1	0	0	29421245	0	0	29421245	0	Mozilla/5.0 (iPad; U; CPU OS 4_3 like Mac OS X; en-us) AppleWebKit/533.17.9 (KHTML, like Gecko) Version/5.0.2 Mobile/8F190 Safari/6533.18.5
4	0	0	0	1	0	0	29322560	0	0	29322560	0	Mozilla/5.0 (Macintosh; Intel Mac OS X 10_14_6) AppleWebKit/537.36 (KHTML, like Gecko) Chrome/76.0.3809.110 Safari/537.36 Vivaldi/2.7.1628.30
4	0	0	0	2	0	0	29439601	0	0	29372073	0	Mozilla/5.0 (Windows Phone 10.0; Android 4.2.1; DEVICE INFO) AppleWebKit/537.36 (KHTML, like Gecko) Chrome/39.0.2171.71 Mobile Safari/537.36 Edge/12.0
4	1	1	0	0	29360363	0	0	29360363	0	0	1645	Mozilla/5.0 (X11; Linux x86_64) AppleWebKit/537.36 (KHTML, like Gecko) Chrome/76.0.3809.89 Safari/537.36
4	1	1	0	3	29333653	0	29333713	29333653	0	29333653	1659	Mozilla/5.0 AppleWebKit/537.36 (KHTML, like Gecko; compatible; PerplexityBot/1.0; +https://perplexity.ai/perplexitybot)
4	6	6	0	2	29419563	0	29415695	29322080	0	29415695	9275	Mozilla/5.0 (Macintosh; Intel Mac OS X 10_15_7) AppleWebKit/537.36 (KHTML, like Gecko) Chrome/117.0.0.0 Safari/537.36
4	7	3	0	8	29441745	0	29441745	29405596	0	29405596	4955565	Mozilla/5.0 (Windows NT 10.0; Win64; x64) AppleWebKit/537.36 (KHTML, like Gecko) Chrome/140.0.0.0 Safari/537.36 OPR/124.0.0.0
4	1	0	0	0	29368526	0	0	29368526	0	0	580018	Mozilla/5.0 (Windows NT 10.0; Win64; x64) AppleWebKit/537.36 (KHTML, like Gecko) Chrome/113.0.0.0 Safari/537.36
4	1	1	0	13	29417466	0	29417466	29417466	0	29417466	1700	Mozilla/5.0 (iPhone; CPU iPhone OS 17_0 like Mac OS X) AppleWebKit/605.1.15 (KHTML, like Gecko) Version/17.0 Mobile/15E148 Safari/604.1
4	0	0	0	1	0	0	29341621	0	0	29341621	0	Mozilla/5.0 (Windows NT 10.0; Win64; x64) AppleWebKit/537.37 (KHTML, like Gecko) Chrome/118.0.0.0 Safari/537.36
4	0	0	0	1	0	0	29323971	0	0	29323971	0	Mozilla/5.0 (Macintosh; U; Intel Mac OS X 10_5_7;en-us) AppleWebKit/530.17 (KHTML, like Gecko) Version/4.0 Safari/530.17
4	1	1	0	0	29322692	0	0	29322692	0	0	1169	WDG_Validator/1.6.2
4	0	0	0	1	0	0	29328840	0	0	29328840	0	Mozilla/5.0 (Windows NT 5.1) AppleWebKit/537.36 (KHTML, like Gecko) Chrome/36.0.1985.67 Safari/537.36
4	0	0	0	1	0	0	29360216	0	0	29360216	0	Mozilla/5.0 (Macintosh; Intel Mac OS X 10_10_3) AppleWebKit/537.36 (KHTML, like Gecko) Chrome/41.0.2272.105 Safari/537.36 Vivaldi/1.0.162.9
4	1	1	0	0	29420773	0	0	29420773	0	0	1627	Mozilla/5.0 (X11; U; SunOS i86pc; en-US; rv:1.8.1.12) Gecko/20080303 SeaMonkey/1.1.8
4	0	0	0	1	0	0	29348313	0	0	29348313	0	Mozilla/5.0 (compatible; UGAResearchAgent/1.0; Please visit: NISLabUGA.github.io)
4	4	1	0	3	29410073	0	29410073	29398059	0	29398059	807221	Mozilla/5.0 (Linux; Android 10; K) AppleWebKit/537.36 (KHTML, like Gecko) Chrome/142.0.0.0 Mobile Safari/537.36
4	1	1	0	0	29434814	0	0	29434814	0	0	1657	Mozilla/5.0 (Windows NT 10.0; Win64; x64) AppleWebKit/537.36 (KHTML, like Gecko) Chrome/104.0.0.0 Safari/537.36
4	52	0	0	0	29327863	0	0	29327609	0	0	422269171	Mozilla/5.0 (Windows NT 10.0; Win64; x64) AppleWebKit/537.36 (KHTML, like Gecko) MCEF/2 Safari/537.36
4	14	14	0	16	29443686	0	29443686	29323298	0	29323298	22130	Mozilla/5.0 (X11; Linux x86_64) AppleWebKit/537.36 (KHTML, like Gecko) Chrome/139.0.0.0 Safari/537.36
4	1	0	0	1	29448322	0	29448322	29448322	0	29448322	2007017	Mozilla/5.0 (Macintosh; Intel Mac OS X 10.15; rv:146.0) Gecko/20100101 Firefox/146.0
4	1	1	0	0	29417446	0	0	29417446	0	0	1672	Mozilla/5.0 (Linux; Android 7.1.2; Redmi 4X) AppleWebKit/537.36 (KHTML, like Gecko) Chrome/76.0.3809.111 Mobile Safari/537.36
4	4	4	0	4	29409871	0	29409871	29322089	0	29322089	5316	Mozilla/5.0 (iPhone; CPU iPhone OS 17_3 like Mac OS X) AppleWebKit/605.1.15 (KHTML, like Gecko) CriOS/116.0.5845.177 Mobile/15E148 Safari/604.1
4	1	0	0	1	29447637	0	29447637	29447637	0	29447637	2007017	Mozilla/5.0 (Windows NT 10.0; Win64; x64; trendictionbot0.5.0; trendiction search; http://www.trendiction.de/bot; please let us know of any problems; web at trendiction.com) Gecko/20100101 Firefox/125.0
5	1	1	0	0	29415950	0	0	29415950	0	0	1643	74.7.243.251
5	1	1	0	0	29435791	0	0	29435791	0	0	1710	45.148.10.154
5	0	0	0	10	0	0	29421802	0	0	29421801	0	195.178.110.158
5	1	1	0	1	29326497	0	29326497	29326497	0	29326497	1689	164.90.232.109
5	3	3	0	18	29322080	0	29322080	29322080	0	29322080	2913	157.245.204.205
5	0	0	0	2	0	0	29336840	0	0	29335519	0	195.178.110.155
5	1	1	0	0	29374503	0	0	29374503	0	0	1576	35.204.16.32
5	0	0	0	4	0	0	29413857	0	0	29413857	0	195.178.110.10
5	1	1	0	0	29428004	0	0	29428004	0	0	1573	46.101.119.189
5	3	3	0	15	29322080	0	29322080	29322080	0	29322080	2913	206.189.19.19
5	0	0	0	2	0	0	29322763	0	0	29322560	0	54.89.41.60
5	1	1	0	0	29425533	0	0	29425533	0	0	1643	74.7.243.223
5	1	1	0	1	29361420	0	29361420	29361420	0	29361420	1654	146.70.132.108
5	2	2	0	0	29323050	0	0	29322380	0	0	2338	57.129.46.185
5	1	1	0	0	29432466	0	0	29432466	0	0	1647	74.7.243.217
5	0	0	0	1	0	0	29327754	0	0	29327754	0	68.183.58.66
5	1	0	0	0	29363890	0	0	29363890	0	0	479839917	35.196.132.85
5	3	3	0	0	29444418	0	0	29437241	0	0	4929	74.7.243.215
5	0	0	0	1	0	0	29323803	0	0	29323803	0	91.196.152.43
5	1	0	0	0	29418652	0	0	29418652	0	0	1220156	191.235.66.31
5	1	1	1	1	29322120	29322120	29322120	29322120	29322120	29322120	5910	76.36.212.97
5	5	4	1	18	29335853	29335853	29335853	29335853	29335853	29335838	21217	61.8.129.78
5	2	0	0	0	29430051	0	0	29430051	0	0	73852	74.7.243.205
5	1	1	0	1	29420487	0	29420487	29420487	0	29420487	1602	51.44.16.66
5	6	6	0	4	29322260	0	29322260	29322260	0	29322260	7014	54.247.57.72
5	1	1	0	1	29443686	0	29443686	29443686	0	29443686	1645	147.182.228.233
5	1	1	0	1	29323655	0	29323655	29323655	0	29323655	1169	68.183.199.253
5	2	2	0	0	29360601	0	0	29322093	0	0	2518	51.81.46.212
5	8	4	4	0	29368255	29368255	0	29368254	29368254	0	2324708	46.199.75.104
5	1	1	0	1	29363681	0	29363681	29363681	0	29363681	1612	159.203.29.39
5	4	0	0	1	29373407	0	29373378	29373378	0	29373378	949570	77.111.246.50
5	1	0	0	0	29447840	0	0	29447840	0	0	2007017	109.250.44.157
5	1	1	0	0	29327733	0	0	29327733	0	0	1867	138.197.88.239
5	3	0	0	1	29364798	0	29363832	29363832	0	29363832	1199638711	217.235.135.126
5	1	1	0	1	29323438	0	29323438	29323438	0	29323438	1169	155.2.219.157
5	1	0	0	1	29375023	0	29375023	29375023	0	29375023	453863	61.8.130.25
5	0	0	0	1	0	0	29334315	0	0	29334315	0	123.160.223.75
5	1	1	0	0	29334315	0	0	29334315	0	0	1668	123.160.223.74
5	0	0	0	1	0	0	29351094	0	0	29351094	0	132.196.86.36
5	1	1	0	0	29365581	0	0	29365581	0	0	1613	23.27.145.94
5	0	0	0	1	0	0	29343861	0	0	29343861	0	23.27.145.91
5	6	6	0	7	29368254	0	29368254	29368254	0	29368254	8256	198.44.138.164
5	2	2	0	4	29422926	0	29422926	29422926	0	29422926	3344	54.170.26.61
5	11	3	0	0	29449691	0	0	29449690	0	0	4414619	93.197.214.154
5	1	0	0	1	29448309	0	29448309	29448309	0	29448309	2007017	80.187.85.240
5	1	1	0	0	29328376	0	0	29328376	0	0	1867	23.27.145.72
5	0	0	0	4	0	0	29338575	0	0	29338575	0	8.219.216.13
5	1	1	0	156	29409807	0	29409807	29409807	0	29409806	1603	3.69.171.175
5	0	0	0	2	0	0	29416054	0	0	29415867	0	74.7.228.61
5	1	0	0	0	29448658	0	0	29448658	0	0	2007017	146.75.253.254
5	0	0	0	1	0	0	29384229	0	0	29384229	0	74.7.228.60
5	1	1	0	0	29327743	0	0	29327743	0	0	1867	165.227.105.25
5	1	1	0	1	29401189	0	29401189	29401189	0	29401189	1617	66.132.153.130
5	0	0	0	1	0	0	29342628	0	0	29342628	0	23.27.145.59
5	0	0	0	1	0	0	29422222	0	0	29422222	0	74.7.228.52
5	1	1	0	0	29335118	0	0	29335118	0	0	1609	23.27.145.58
5	0	0	0	1	0	0	29395378	0	0	29395378	0	74.7.228.51
5	0	0	0	1	0	0	29349614	0	0	29349614	0	23.27.145.57
5	1	1	0	1	29381550	0	29381550	29381550	0	29381550	1617	66.132.153.124
5	1	1	0	0	29328276	0	0	29328276	0	0	1867	23.27.145.55
5	0	0	0	5	0	0	29422560	0	0	29392025	0	74.7.228.46
5	2	0	0	1	29398060	0	29398059	29398059	0	29398059	429387	80.187.121.75
5	1	1	0	0	29329296	0	0	29329296	0	0	1867	23.27.145.51
5	0	0	0	1	0	0	29346912	0	0	29346912	0	66.132.153.119
5	0	0	0	1	0	0	29420843	0	0	29420843	0	3.237.91.130
5	1	1	0	0	29328139	0	0	29328139	0	0	1867	23.27.145.47
5	12	6	6	0	29368255	29368255	0	29368254	29368254	0	3487062	217.170.194.172
5	1	0	0	1	29447643	0	29447643	29447643	0	29447643	2007017	79.242.98.63
5	1	1	0	1	29386651	0	29386651	29386651	0	29386651	1613	66.132.153.114
5	0	0	0	1	0	0	29389712	0	0	29389712	0	34.186.93.222
5	1	1	0	0	29427395	0	0	29427395	0	0	1571	138.68.79.50
5	1	0	0	0	29376164	0	0	29376164	0	0	68643	137.135.191.43
5	1	1	0	1	29412483	0	29412483	29412483	0	29412483	1613	159.65.199.117
5	0	0	0	1	0	0	29338955	0	0	29338955	0	74.7.35.127
5	0	0	0	1	0	0	29430881	0	0	29430881	0	74.7.228.29
5	1	1	0	0	29322491	0	0	29322491	0	0	1169	23.27.145.35
5	0	0	0	1	0	0	29426693	0	0	29426693	0	74.7.228.27
5	0	0	0	1	0	0	29388077	0	0	29388077	0	74.7.228.26
5	0	0	0	1	0	0	29342031	0	0	29342031	0	167.94.138.204
5	1	0	0	1	29322183	0	29322183	29322183	0	29322183	1706	216.223.222.133
5	1	0	0	0	29376166	0	0	29376166	0	0	68643	137.135.191.33
5	1	0	0	1	29322184	0	29322184	29322184	0	29322184	2058	173.59.119.223
5	0	0	0	3	0	0	29363971	0	0	29328371	0	93.123.109.7
5	0	0	0	4	0	0	29449279	0	0	29367288	0	74.7.228.22
5	1	1	0	0	29365791	0	0	29365791	0	0	1613	23.27.145.28
5	0	0	0	4	0	0	29393166	0	0	29392360	0	74.7.228.21
5	0	0	0	1	0	0	29338955	0	0	29338955	0	74.7.35.115
5	3	3	0	33	29359886	0	29359886	29359886	0	29359886	4811	139.59.132.8
5	1	1	0	0	29323668	0	0	29323668	0	0	1169	23.27.145.25
5	1	0	0	1	29322183	0	29322184	29322183	0	29322184	1717	24.188.25.36
5	0	0	0	2	0	0	29426583	0	0	29426048	0	74.7.228.18
5	1	1	0	0	29325399	0	0	29325399	0	0	1341	23.27.145.23
5	0	0	0	1	0	0	29384234	0	0	29384234	0	74.7.228.14
5	0	0	0	2	0	0	29435676	0	0	29434031	0	74.7.228.13
5	1	1	0	0	29322904	0	0	29322904	0	0	1169	87.236.176.239
5	1	0	0	1	29373362	0	29373362	29373362	0	29373362	18641	61.8.128.253
5	3	3	0	33	29409864	0	29409864	29409863	0	29409864	4794	206.81.24.74
5	1	1	0	1	29323235	0	29323235	29323235	0	29323235	1169	171.244.43.14
5	0	0	1	2	0	29322120	29322120	0	29322120	29322120	0	184.17.244.69
5	0	0	0	1	0	0	29429942	0	0	29429942	0	74.7.244.35
5	0	0	0	2	0	0	29432798	0	0	29432053	0	74.7.244.33
5	1	0	0	1	29322183	0	29322184	29322183	0	29322184	1698	72.239.42.227
5	0	0	0	3	0	0	29413922	0	0	29413897	0	74.7.244.29
5	0	0	0	1	0	0	29417960	0	0	29417960	0	74.7.244.30
5	1	1	1	1	29322119	29322119	29322119	29322119	29322119	29322119	5910	75.76.78.114
5	1	1	0	0	29374503	0	0	29374503	0	0	1582	35.204.200.243
5	1	1	0	0	29438127	0	0	29438127	0	0	1573	164.90.183.185
5	1	1	0	0	29369174	0	0	29369174	0	0	1628	87.236.176.190
5	0	0	0	1	0	0	29416064	0	0	29416064	0	44.245.0.241
5	1	1	0	0	29410948	0	0	29410948	0	0	1554	195.164.49.145
5	5	5	0	0	29410693	0	0	29410123	0	0	7770	195.164.49.144
5	3	1	0	0	29448259	0	0	29448204	0	0	4015681	20.215.214.31
5	8	0	0	3	29448701	0	29447636	29398218	0	29398218	4100744	87.157.88.166
5	0	0	0	1	0	0	29416072	0	0	29416072	0	3.219.218.205
5	3	3	0	9	29322093	0	29322093	29322093	0	29322093	7852	103.4.251.8
5	0	0	0	1	0	0	29406311	0	0	29406311	0	5.42.207.3
5	1	0	0	1	29449335	0	29449335	29449335	0	29449335	2007017	108.218.140.130
5	2	2	0	0	29411652	0	0	29410929	0	0	3312	13.217.204.224
5	1	0	0	1	29448256	0	29448256	29448256	0	29448256	2007017	217.70.198.152
5	1	1	0	0	29448204	0	0	29448204	0	0	1647	20.215.214.17
5	1	1	0	0	29442694	0	0	29442694	0	0	1657	50.17.164.180
5	1	1	0	0	29322354	0	0	29322354	0	0	1169	64.15.129.102
5	0	0	0	2	0	0	29425533	0	0	29425200	0	74.7.175.192
5	1	0	0	0	29447661	0	0	29447661	0	0	2007017	62.216.207.114
5	0	0	0	8	0	0	29449655	0	0	29447540	0	74.7.175.187
5	0	0	0	1	0	0	29325294	0	0	29325294	0	45.130.203.172
5	6	6	0	18	29325023	0	29325023	29322276	0	29322276	7014	185.203.132.199
5	4	0	0	3	29363274	0	29363270	29363265	0	29363265	328405	61.8.128.168
5	1	1	0	0	29333824	0	0	29333824	0	0	1577	34.90.222.110
5	1	1	0	0	29403506	0	0	29403506	0	0	1660	78.35.183.90
5	2	0	0	1	29447629	0	29363832	29363890	0	29363832	720355512	35.227.62.178
5	1	0	0	0	29447708	0	0	29447708	0	0	2007017	87.155.38.212
5	0	0	0	1	0	0	29410511	0	0	29410511	0	93.123.109.132
5	0	0	0	1	0	0	29448697	0	0	29448697	0	80.233.36.240
5	5	2	0	1	29324521	0	29324520	29324520	0	29324520	12205	61.8.128.151
5	1	1	0	0	29330111	0	0	29330111	0	0	1867	152.32.141.176
5	0	0	0	2	0	0	29373684	0	0	29373684	0	41.143.173.79
5	3	1	0	0	29368229	0	0	29368229	0	0	1161195	65.94.78.197
5	1	1	0	0	29426104	0	0	29426104	0	0	1577	34.90.235.227
5	6	2	0	1	29433705	0	29433704	29433704	0	29433704	21730350	93.226.208.217
5	1	1	0	0	29436907	0	0	29436907	0	0	1632	87.236.176.116
5	1	1	0	0	29327744	0	0	29327744	0	0	5982	143.198.12.163
5	1	1	0	0	29424804	0	0	29424804	0	0	1612	34.241.161.108
5	0	0	0	1	0	0	29417824	0	0	29417824	0	34.200.246.8
5	1	1	0	0	29323646	0	0	29323646	0	0	1169	87.236.176.110
5	0	0	0	2	0	0	29433343	0	0	29433343	0	185.177.72.75
5	1	1	0	0	29426582	0	0	29426582	0	0	1628	87.236.176.106
5	1	1	0	0	29387374	0	0	29387374	0	0	1615	63.35.233.246
5	1	0	0	1	29448876	0	29448876	29448876	0	29448876	2007017	80.187.102.27
5	1	0	0	1	29322183	0	29322184	29322183	0	29322184	2088	68.2.92.179
5	1	1	0	1	29363928	0	29363928	29363928	0	29363928	1647	134.122.55.20
5	1	1	0	1	29409871	0	29409871	29409871	0	29409871	1689	89.249.57.221
5	0	0	0	1	0	0	29341378	0	0	29341378	0	205.210.31.224
5	3	1	0	0	29406600	0	0	29403589	0	0	1659	87.78.48.22
5	1	1	0	105	29417591	0	29417592	29417591	0	29417591	1605	54.233.146.112
5	1	1	0	0	29415623	0	0	29415623	0	0	1641	103.4.250.1
5	1	0	0	0	29368526	0	0	29368526	0	0	580018	195.47.249.18
5	1	1	0	1	29415706	0	29415706	29415706	0	29415706	1616	209.38.37.218
5	1	1	0	0	29420027	0	0	29420027	0	0	1637	3.138.185.30
5	1	1	0	0	29331906	0	0	29331906	0	0	1867	35.213.221.40
5	1	1	0	0	29333653	0	0	29333653	0	0	1659	18.97.9.102
5	0	0	0	1	0	0	29418595	0	0	29418595	0	34.106.58.153
5	0	0	0	1	0	0	29336938	0	0	29336938	0	149.57.180.184
5	1	0	0	0	29368229	0	0	29368229	0	0	580018	77.48.28.239
5	0	0	0	2	0	0	29413858	0	0	29413858	0	195.178.110.8
5	1	1	0	0	29325152	0	0	29325152	0	0	1169	149.57.180.173
5	23	17	6	2	29368254	29368254	29368254	29368254	29368254	29368254	3502319	212.102.39.145
5	0	0	0	1	0	0	29369702	0	0	29369702	0	34.48.111.169
5	1	1	0	0	29328275	0	0	29328275	0	0	1867	149.57.180.168
5	1	1	0	1	29415300	0	29415300	29415300	0	29415300	1659	168.119.245.209
5	1	1	0	0	29365581	0	0	29365581	0	0	1611	149.57.180.166
5	0	0	0	1	0	0	29336937	0	0	29336937	0	23.27.145.254
5	1	1	0	0	29372661	0	0	29372661	0	0	1611	149.57.180.161
5	0	0	0	1	0	0	29349617	0	0	29349617	0	149.57.180.159
5	1	0	0	1	29449767	0	29449767	29449767	0	29449767	2007017	46.223.162.241
5	1	1	0	1	29323298	0	29323298	29323298	0	29323298	1169	134.122.118.127
5	0	0	0	1	0	0	29327757	0	0	29327757	0	157.245.214.187
5	0	0	0	1	0	0	29339488	0	0	29339488	0	149.57.180.153
5	1	1	0	0	29322485	0	0	29322485	0	0	1169	23.27.145.245
5	1	1	0	0	29360280	0	0	29360280	0	0	1648	20.171.207.68
5	1	0	0	0	29447729	0	0	29447729	0	0	2007017	185.213.155.196
5	2	2	0	2	29384103	0	29384102	29381666	0	29381665	3298	91.92.241.199
5	1	0	0	0	29368225	0	0	29368225	0	0	580018	194.126.177.72
5	1	1	0	0	29335120	0	0	29335120	0	0	1614	23.27.145.238
5	0	0	0	1	0	0	29428285	0	0	29428285	0	74.7.244.1
5	1	1	0	0	29325494	0	0	29325494	0	0	1341	149.57.180.143
5	1	1	0	0	29325368	0	0	29325368	0	0	1341	23.27.145.236
5	5	4	1	4	29376164	29376164	29376164	29376164	29376164	29376164	87293	61.8.131.43
5	1	1	0	0	29327765	0	0	29327765	0	0	5910	159.65.191.157
5	2	0	0	0	29368260	0	0	29368260	0	0	580018	77.48.28.204
5	1	1	0	0	29359863	0	0	29359863	0	0	1661	52.90.221.11
5	3	3	0	33	29413788	0	29413788	29413787	0	29413787	4791	68.183.9.16
5	0	0	0	1	0	0	29347172	0	0	29347172	0	147.185.132.234
5	1	0	0	1	29447856	0	29447856	29447856	0	29447856	2007017	84.142.112.104
5	1	0	0	0	29448021	0	0	29448021	0	0	2007017	66.249.64.172
5	2	1	0	1	29448204	0	29448204	29447676	0	29448204	2008757	66.249.64.171
5	2	1	0	1	29448204	0	29447676	29447938	0	29447676	2008631	66.249.64.170
5	0	0	0	1	0	0	29380129	0	0	29380129	0	74.7.230.4
5	0	0	0	1	0	0	29369150	0	0	29369150	0	74.7.230.3
5	0	0	0	1	0	0	29342628	0	0	29342628	0	23.27.145.207
5	0	0	0	4	0	0	29425381	0	0	29394628	0	74.7.230.0
5	0	0	0	1	0	0	29339287	0	0	29339287	0	20.171.207.29
5	1	1	0	0	29329299	0	0	29329299	0	0	1867	23.27.145.192
5	1	1	0	1	29409870	0	29409870	29409870	0	29409870	1679	172.111.15.80
5	4	4	0	7	29436454	0	29436454	29436454	0	29436454	4977	134.199.148.145
5	1	1	0	0	29323699	0	0	29323699	0	0	1169	149.57.180.100
5	1	1	0	154	29416778	0	29416778	29416778	0	29416778	1603	13.221.48.50
5	12	6	6	0	29368254	29368254	0	29368254	29368254	0	3487062	154.205.154.21
5	0	0	0	15	0	0	29413006	0	0	29397295	0	74.7.230.58
5	0	0	0	3	0	0	29416066	0	0	29415928	0	74.7.230.57
5	1	1	0	1	29322088	0	29322088	29322088	0	29322088	971	45.149.31.143
5	0	0	0	1	0	0	29432466	0	0	29432466	0	74.7.230.53
5	1	1	0	0	29322120	0	0	29322120	0	0	1169	157.230.128.199
5	2	0	0	0	29403597	0	0	29403597	0	0	752358	52.123.145.90
5	0	0	0	9	0	0	29445380	0	0	29421501	0	74.7.230.42
5	0	0	0	2	0	0	29415498	0	0	29415333	0	74.7.230.41
5	0	0	0	1	0	0	29336354	0	0	29336354	0	206.168.34.123
5	1	1	0	1	29439630	0	29439630	29439630	0	29439630	1647	68.183.67.130
5	0	0	0	1	0	0	29419485	0	0	29419485	0	74.7.230.40
5	1	0	0	0	29368230	0	0	29368230	0	0	580018	185.17.107.85
5	0	0	0	3	0	0	29413962	0	0	29413634	0	74.7.230.38
5	1	0	0	0	29400673	0	0	29400673	0	0	376179	89.0.160.64
5	1	1	0	0	29419563	0	0	29419563	0	0	1661	104.164.173.114
5	0	0	0	1	0	0	29419404	0	0	29419404	0	74.7.230.37
5	0	0	0	1	0	0	29417951	0	0	29417951	0	74.7.230.36
5	1	0	0	0	29366419	0	0	29366419	0	0	1450299	34.138.20.118
5	1	1	0	3	29367428	0	29378833	29367428	0	29366836	1653	176.65.148.212
5	0	0	0	2	0	0	29360894	0	0	29360876	0	213.209.157.244
5	1	1	0	1	29360736	0	29360736	29360736	0	29360736	1643	164.92.226.74
5	0	0	0	2	0	0	29394124	0	0	29394118	0	74.7.230.21
5	0	0	0	1	0	0	29420933	0	0	29420933	0	74.7.230.16
5	1	1	0	0	29322319	0	0	29322319	0	0	1169	149.57.180.64
5	0	0	0	1	0	0	29323323	0	0	29323323	0	213.209.157.232
5	0	0	0	2	0	0	29435736	0	0	29433767	0	74.7.230.13
5	1	1	0	0	29327749	0	0	29327749	0	0	1867	45.55.87.171
5	0	0	0	1	0	0	29413989	0	0	29413989	0	13.219.121.241
5	11	11	0	16	29368255	0	29368255	29368254	0	29368254	15257	185.111.90.125
5	1	1	0	0	29323935	0	0	29323935	0	0	1169	149.57.180.61
5	1	1	0	0	29365789	0	0	29365789	0	0	1610	23.27.145.126
5	1	1	0	0	29325467	0	0	29325467	0	0	1341	149.57.180.60
5	0	0	0	16	0	0	29412411	0	0	29397918	0	74.7.230.11
5	1	1	0	1	29322089	0	29322089	29322089	0	29322089	971	193.142.132.33
5	1	1	0	1	29419522	0	29419522	29419522	0	29419522	1648	159.223.127.49
5	1	1	0	0	29372690	0	0	29372690	0	0	1614	149.57.180.55
5	2	2	0	0	29360792	0	0	29360363	0	0	3314	3.238.57.161
5	1	1	0	3	29323241	0	29323242	29323241	0	29323241	1169	206.168.34.57
5	1	1	0	1	29398821	0	29398821	29398821	0	29398821	1616	64.23.190.187
5	1	1	0	0	29325375	0	0	29325375	0	0	1341	213.209.157.216
5	0	0	0	1	0	0	29380115	0	0	29380115	0	74.7.228.8
5	0	0	0	2	0	0	29420488	0	0	29417860	0	34.208.19.227
5	0	0	0	1	0	0	29343862	0	0	29343862	0	149.57.180.46
5	0	0	0	1	0	0	29336719	0	0	29336719	0	149.57.180.45
5	5	2	1	1	29368225	29368222	29368222	29368222	29368222	29368222	1742836	158.173.24.104
5	1	1	0	0	29380590	0	0	29380590	0	0	1645	20.0.53.109
5	1	0	0	1	29448322	0	29448322	29448322	0	29448322	2007017	87.180.130.195
5	0	0	0	2	0	0	29323971	0	0	29323893	0	45.139.104.204
5	0	0	0	1	0	0	29335890	0	0	29335890	0	106.75.6.251
5	8	8	0	11	29368254	0	29368254	29368245	0	29368254	11085	79.142.77.75
5	1	1	0	0	29327757	0	0	29327757	0	0	784	167.71.246.114
5	15	11	4	2	29368255	29368254	29368254	29368254	29368254	29368254	2334831	185.137.164.13
5	1	1	0	0	29322094	0	0	29322094	0	0	971	135.148.100.196
5	1	0	0	0	29373408	0	0	29373408	0	0	453863	20.0.53.104
5	1	0	0	0	29380590	0	0	29380590	0	0	91043	20.0.53.101
5	0	0	0	1	0	0	29336712	0	0	29336712	0	149.57.180.33
5	1	1	0	0	29333652	0	0	29333652	0	0	1666	44.208.221.197
5	1	1	0	0	29401243	0	0	29401243	0	0	1638	3.146.111.124
5	0	0	0	2	0	0	29372073	0	0	29371519	0	45.139.104.183
5	1	1	0	0	29361473	0	0	29361473	0	0	1657	146.70.117.21
5	1	1	0	0	29328061	0	0	29328061	0	0	1867	149.57.180.25
5	4	4	0	0	29446681	0	0	29417639	0	0	6448	34.221.21.250
5	1	1	0	0	29322226	0	0	29322226	0	0	1169	149.57.180.18
5	0	0	0	4	0	0	29421576	0	0	29421245	0	45.139.104.171
5	1	1	0	0	29448697	0	0	29448697	0	0	1664	181.117.26.192
5	1	1	0	0	29328071	0	0	29328071	0	0	1867	149.57.180.12
5	1	1	0	0	29426105	0	0	29426105	0	0	1582	34.141.130.179
5	1	1	0	0	29436740	0	0	29436740	0	0	1670	44.218.6.122
5	0	0	0	1	0	0	29323806	0	0	29323806	0	91.196.152.145
5	1	1	0	0	29327406	0	0	29327406	0	0	1689	167.99.56.191
5	3	3	1	42	29368252	29368252	29368261	29368251	29368252	29368255	3976	37.120.237.117
5	5	5	0	8	29441471	0	29446286	29374717	0	29374420	8260	204.76.203.25
5	0	0	0	1	0	0	29333653	0	0	29333653	0	18.97.9.99
5	1	0	0	0	29376636	0	0	29376636	0	0	159311	93.184.136.27
5	1	1	0	3	29323234	0	29323235	29323234	0	29323234	1169	199.45.155.84
5	4	4	0	2	29362194	0	29323739	29322692	0	29323688	5698	196.251.88.64
5	1	1	0	1	29418263	0	29418263	29418263	0	29418263	1642	139.59.75.83
5	2	0	0	0	29364699	0	0	29363832	0	0	2900598	34.75.19.245
5	2	2	0	2	29447023	0	29404057	29447023	0	29401934	3108	2a06:98c0:3600::103
5	0	0	0	1	0	0	29337640	0	0	29337640	0	199.45.155.79
5	0	0	0	2	0	0	29339169	0	0	29339169	0	206.189.102.134
5	2	2	0	4	29434692	0	29434692	29434692	0	29434692	3344	52.206.43.89
5	0	0	0	2	0	0	29360415	0	0	29360166	0	52.200.78.106
5	1	0	0	0	29447687	0	0	29447687	0	0	2007017	172.226.112.69
5	1	0	0	0	29448292	0	0	29448292	0	0	2007017	88.153.162.46
5	2	2	0	0	29419493	0	0	29419492	0	0	3306	104.164.126.111
5	1	1	0	1	29435699	0	29435699	29435699	0	29435699	1612	199.45.155.67
5	1	1	0	0	29425074	0	0	29425074	0	0	1615	3.253.133.151
5	49	18	0	2	29322144	0	29322142	29322142	0	29322142	124126	20.171.207.195
5	49	18	0	2	29322141	0	29322140	29322139	0	29322139	124006	20.171.207.191
5	1	1	0	1	29361141	0	29361141	29361141	0	29361141	1648	206.189.103.51
5	1	1	0	0	29382358	0	0	29382358	0	0	1663	35.163.46.105
5	1	1	0	0	29327741	0	0	29327741	0	0	1867	138.197.87.158
5	18	15	6	2	29368254	29368254	29368254	29368254	29368254	29368254	1759449	45.254.246.189
5	1	1	0	1	29360249	0	29413869	29360249	0	29413869	1552	54.86.115.253
5	1	1	0	0	29413634	0	0	29413634	0	0	1645	74.7.227.3
5	1	1	0	1	29423388	0	29423388	29423388	0	29423388	1614	206.189.126.153
5	2	2	0	2	29415695	0	29415695	29415695	0	29415695	3314	104.252.191.16
5	2	0	0	0	29368230	0	0	29368229	0	0	580018	198.44.133.35
5	1	1	0	0	29359979	0	0	29359979	0	0	1554	80.211.129.177
5	0	0	0	1	0	0	29339285	0	0	29339285	0	20.171.207.161
5	1	0	0	1	29448409	0	29448409	29448409	0	29448409	2007017	91.0.245.174
5	25	4	0	13	29322080	0	29322080	29322080	0	29322080	49351	103.196.9.9
5	1	1	0	0	29419492	0	0	29419492	0	0	1644	104.164.126.65
5	1	1	0	0	29417951	0	0	29417951	0	0	1646	74.7.242.61
5	1	1	0	3	29330112	0	29330112	29330112	0	29330112	1867	152.32.215.244
5	1	0	0	0	29447695	0	0	29447695	0	0	2007017	84.191.196.168
5	1	1	0	1	29391550	0	29391550	29391550	0	29391550	1613	199.45.154.142
5	3	3	0	0	29447540	0	0	29438680	0	0	4938	74.7.242.54
5	2	2	0	0	29434048	0	0	29433533	0	0	3309	100.30.248.17
5	1	1	1	1	29322183	29322183	29322183	29322183	29322183	29322183	5910	68.194.159.254
5	0	0	0	5	0	0	29446560	0	0	29397891	0	104.210.140.143
5	1	1	0	0	29411754	0	0	29411754	0	0	1637	3.140.182.19
5	0	0	0	1	0	0	29339285	0	0	29339285	0	4.227.36.94
5	0	0	0	9	0	0	29448206	0	0	29335858	0	104.210.140.142
5	0	0	0	1	0	0	29337471	0	0	29337471	0	147.185.132.39
5	0	0	0	6	0	0	29425374	0	0	29352826	0	104.210.140.141
5	0	0	0	7	0	0	29434646	0	0	29350025	0	104.210.140.139
5	0	0	0	5	0	0	29433301	0	0	29376886	0	104.210.140.140
5	0	0	0	7	0	0	29438619	0	0	29339036	0	104.210.140.138
5	2	2	0	2	29359846	0	29359846	29359846	0	29359846	3304	103.4.250.28
5	0	0	0	5	0	0	29407369	0	0	29343980	0	104.210.140.137
5	0	0	0	5	0	0	29419958	0	0	29346439	0	104.210.140.136
5	1	0	0	0	29447684	0	0	29447684	0	0	2007017	89.246.100.126
5	0	0	0	7	0	0	29448928	0	0	29374765	0	104.210.140.135
5	0	0	0	1	0	0	29322139	0	0	29322139	0	4.227.36.85
5	0	0	0	4	0	0	29428025	0	0	29348820	0	104.210.140.134
5	0	0	0	3	0	0	29411402	0	0	29340290	0	104.210.140.133
5	1	0	0	0	29363831	0	0	29363831	0	0	1450299	104.196.222.45
5	1	1	0	1	29363105	0	29363105	29363105	0	29363105	1645	137.184.172.117
5	0	0	0	6	0	0	29424016	0	0	29347629	0	104.210.140.132
5	0	0	0	5	0	0	29439931	0	0	29338314	0	104.210.140.131
5	1	1	0	0	29449753	0	0	29449753	0	0	1552	45.148.10.99
5	0	0	0	4	0	0	29447888	0	0	29365463	0	104.210.140.129
5	0	0	0	5	0	0	29445244	0	0	29351323	0	104.210.140.130
5	35	12	1	11	29391298	29363831	29387842	29350562	29363831	29350562	367813578	80.134.135.17
5	0	0	0	3	0	0	29441256	0	0	29387261	0	104.210.140.128
5	1	1	0	1	29415419	0	29415419	29415419	0	29415419	1644	143.198.46.218
5	23	17	6	2	29368254	29368254	29368254	29368254	29368254	29368254	3502319	91.250.249.150
5	6	6	0	0	29413006	0	0	29397295	0	0	9852	74.7.242.29
5	1	1	0	0	29333825	0	0	29333825	0	0	1581	34.90.215.190
5	1	1	0	1	29416857	0	29416857	29416857	0	29416857	1608	54.233.40.210
5	1	1	0	0	29360274	0	0	29360274	0	0	1645	20.171.207.111
5	1	0	0	1	29447637	0	29447637	29447637	0	29447637	2007017	144.76.14.79
5	1	0	0	0	29448348	0	0	29448348	0	0	2007017	185.220.101.15
5	2	2	0	0	29417035	0	0	29416244	0	0	3356	45.148.10.80
5	1	1	0	0	29420933	0	0	29420933	0	0	1646	74.7.242.13
5	1	1	0	0	29322080	0	0	29322080	0	0	971	104.164.126.12
5	1	1	0	5	29361606	0	29361606	29361606	0	29361606	1625	96.41.38.202
5	4	4	0	7	29437068	0	29437068	29437068	0	29437068	4959	170.64.203.91
5	1	0	0	0	29363831	0	0	29363831	0	0	1450299	35.237.4.214
5	228	38	205	45	29340315	29338954	29340315	29322111	29326183	29322111	1563003052	79.217.216.128
5	0	0	0	1	0	0	29363863	0	0	29363863	0	4.227.36.49
5	1	1	0	0	29322354	0	0	29322354	0	0	1169	192.175.111.248
5	2	0	0	2	29406685	0	29406685	29405387	0	29405387	752358	194.213.108.4
5	0	0	0	1	0	0	29406393	0	0	29406393	0	93.226.218.169
5	0	0	0	1	0	0	29403596	0	0	29403596	0	194.213.108.3
5	1	1	0	0	29434814	0	0	29434814	0	0	1657	13.219.236.41
5	0	0	0	1	0	0	29403596	0	0	29403596	0	194.213.108.2
5	0	0	0	1	0	0	29403596	0	0	29403596	0	194.213.108.1
5	0	0	0	2	0	0	29360274	0	0	29359555	0	4.227.36.32
5	0	0	0	1	0	0	29322142	0	0	29322142	0	4.227.36.28
5	0	0	0	1	0	0	29423583	0	0	29423583	0	194.213.108.12
5	1	1	0	1	29379144	0	29379144	29379144	0	29379144	1617	143.198.129.86
5	0	0	0	2	0	0	29360280	0	0	29359007	0	4.227.36.17
5	11	11	0	16	29368255	0	29368255	29368254	0	29368254	15257	193.105.73.213
5	0	0	0	1	0	0	29328170	0	0	29328170	0	213.209.157.93
5	0	0	0	1	0	0	29339287	0	0	29339287	0	4.227.36.10
5	0	0	0	1	0	0	29333713	0	0	29333713	0	3.222.232.239
5	0	0	0	1	0	0	29348638	0	0	29348638	0	172.182.207.25
5	0	0	0	5	0	0	29416417	0	0	29411257	0	213.209.157.81
5	2	0	0	0	29368230	0	0	29368230	0	0	580018	45.74.51.3
5	1	1	0	2	29429416	0	29429416	29429416	0	29429416	1608	185.153.199.208
5	1	1	0	0	29422965	0	0	29422965	0	0	1615	54.171.171.80
5	3	3	0	3	29410073	0	29410073	29322271	0	29322271	3993	133.242.174.119
5	1	1	0	0	29379446	0	0	29379446	0	0	1633	185.247.137.166
5	1	1	0	1	29443720	0	29443720	29443720	0	29443720	1620	44.244.147.160
5	1	1	0	0	29403516	0	0	29403516	0	0	1660	79.246.255.9
5	0	0	0	1	0	0	29346871	0	0	29346871	0	162.142.125.223
5	0	0	0	1	0	0	29344253	0	0	29344253	0	89.248.163.194
5	1	1	0	0	29423151	0	0	29423151	0	0	1612	34.245.139.168
5	0	0	1	2	0	29322120	29322120	0	29322120	29322120	0	64.150.149.220
5	1	1	0	1	29445948	0	29445949	29445948	0	29445949	1614	162.142.125.217
5	1	0	0	1	29447674	0	29447675	29447674	0	29447675	2007017	2.204.165.201
5	1	1	0	0	29392025	0	0	29392025	0	0	1647	74.7.227.245
5	1	1	0	1	29431756	0	29431756	29431756	0	29431756	1614	162.142.125.195
5	0	0	0	2	0	0	29361005	0	0	29360949	0	194.26.192.110
5	1	1	0	1	29381757	0	29381757	29381757	0	29381757	1615	18.246.13.240
5	1	0	0	0	29447733	0	0	29447733	0	0	2007017	109.125.113.184
5	2	2	0	0	29427142	0	0	29427142	0	0	3206	34.124.135.103
5	1	1	0	0	29431520	0	0	29431520	0	0	1549	198.235.24.162
5	1	1	0	0	29327561	0	0	29327561	0	0	1689	161.35.190.134
5	1	1	0	1	29442953	0	29442953	29442953	0	29442953	1616	44.250.149.255
5	1	1	0	0	29369150	0	0	29369150	0	0	1647	74.7.227.214
5	1	1	0	0	29359867	0	0	29359867	0	0	1619	91.231.89.96
5	1	1	0	0	29440599	0	0	29440599	0	0	1549	198.235.24.150
5	8	5	5	0	29368254	29368254	0	29368254	29368254	0	1745849	109.248.147.78
5	1	1	0	0	29377692	0	0	29377692	0	0	1549	198.235.24.144
5	0	0	0	1	0	0	29391437	0	0	29391437	0	136.119.32.135
5	4	4	0	12	29334744	0	29334744	29327882	0	29327882	7279	157.143.122.60
5	3	3	0	33	29359887	0	29359887	29359886	0	29359886	4826	164.90.228.79
5	1	1	0	0	29380115	0	0	29380115	0	0	1643	74.7.227.201
5	0	0	0	1	0	0	29335857	0	0	29335857	0	68.221.75.29
5	0	0	1	1	0	29364526	29364759	0	29364526	29364759	0	2.57.122.48
5	1	1	0	0	29392360	0	0	29392360	0	0	1643	74.7.227.180
5	1	1	0	0	29427410	0	0	29427410	0	0	1553	198.235.24.128
5	2	1	0	0	29449413	0	0	29449274	0	0	2008660	74.7.227.176
5	1	1	0	0	29419485	0	0	29419485	0	0	1643	74.7.227.170
5	0	0	0	2	0	0	29343466	0	0	29343466	0	167.172.249.123
5	1	1	0	0	29441368	0	0	29441368	0	0	1551	198.235.24.2
5	1	1	0	0	29430315	0	0	29430315	0	0	1643	74.7.227.167
5	4	4	0	0	29409702	0	0	29398513	0	0	6588	74.7.227.166
5	53	5	0	14	29448682	0	29448196	29405596	0	29405596	135930012	80.134.128.183
5	0	0	0	4	0	0	29338340	0	0	29338340	0	47.236.28.54
5	1	1	0	0	29434031	0	0	29434031	0	0	1643	74.7.227.155
5	1	1	0	1	29322089	0	29322089	29322089	0	29322089	971	45.11.235.198
5	1	1	0	0	29368244	0	0	29368244	0	0	1653	82.102.17.185
5	1	1	0	1	29403618	0	29403618	29403618	0	29403618	1644	159.89.111.158
5	1	1	0	0	29324323	0	0	29324323	0	0	0	45.79.123.232
5	1	0	0	0	29447688	0	0	29447688	0	0	2007017	188.195.41.45
5	12	0	0	0	29415682	0	0	29415677	0	0	40074579	37.24.201.235
5	1	1	0	0	29323798	0	0	29323798	0	0	1169	91.231.89.37
5	1	0	0	0	29366420	0	0	29366420	0	0	1450299	104.196.23.152
5	1	0	0	0	29405597	0	0	29405597	0	0	376179	191.102.155.43
5	1	1	0	0	29323795	0	0	29323795	0	0	1169	91.231.89.34
5	1	1	0	1	29416811	0	29416811	29416811	0	29416811	1603	13.57.48.197
5	1	1	0	0	29322219	0	0	29322219	0	0	1169	23.27.145.4
5	1	1	0	0	29387106	0	0	29387106	0	0	1611	18.201.231.71
5	3	3	0	33	29409864	0	29409864	29409863	0	29409864	4812	139.59.136.184
5	1	1	0	0	29428010	0	0	29428010	0	0	1647	74.7.227.131
5	1	1	0	0	29368244	0	0	29368244	0	0	1705	149.102.227.75
5	1	1	0	0	29380129	0	0	29380129	0	0	1646	74.7.227.90
5	1	1	0	3	29362444	0	29362444	29362444	0	29362444	1670	91.84.86.2
5	0	0	0	2	0	0	29439601	0	0	29439195	0	45.144.212.43
5	1	0	0	0	29448348	0	0	29448348	0	0	2007017	45.80.158.167
5	1	0	0	0	29448265	0	0	29448265	0	0	2007017	93.200.10.92
5	1	0	0	1	29393584	0	29393584	29393584	0	29393584	429387	87.78.161.253
5	0	0	0	2	0	0	29360216	0	0	29360189	0	185.177.72.8
5	3	1	0	0	29369146	0	0	29367289	0	0	75494	74.7.227.77
5	1	1	0	0	29384234	0	0	29384234	0	0	1647	74.7.227.112
5	1	1	0	1	29420321	0	29420321	29420321	0	29420321	1605	18.201.222.190
5	0	0	0	1	0	0	29411394	0	0	29411394	0	45.84.102.12
5	23	17	6	2	29368255	29368254	29368254	29368254	29368254	29368254	3502313	23.19.230.168
5	0	0	0	1	0	0	29348313	0	0	29348313	0	128.192.12.120
5	1	1	0	0	29441035	0	0	29441035	0	0	1574	207.154.238.236
5	1	1	0	0	29448697	0	0	29448697	0	0	1666	83.67.199.70
5	0	0	0	2	0	0	29411259	0	0	29410851	0	3.88.131.80
5	0	0	0	1	0	0	29339487	0	0	29339487	0	149.57.180.4
5	1	1	0	0	29323936	0	0	29323936	0	0	1169	149.57.180.2
5	1	0	0	0	29366418	0	0	29366418	0	0	1450299	34.74.113.139
5	1	1	0	0	29422560	0	0	29422560	0	0	1642	74.7.227.51
5	0	0	0	1	0	0	29333713	0	0	29333713	0	107.20.236.150
5	1	1	0	0	29359846	0	0	29359846	0	0	1652	103.4.251.73
5	1	1	0	0	29384229	0	0	29384229	0	0	1642	74.7.227.48
5	1	1	0	1	29409870	0	29409870	29409870	0	29409870	1685	161.123.2.143
5	1	1	0	0	29435736	0	0	29435736	0	0	1646	74.7.227.46
5	1	0	0	0	29447642	0	0	29447642	0	0	2007017	84.191.90.146
5	1	0	0	0	29447629	0	0	29447629	0	0	2007017	34.73.62.161
5	1	1	0	0	29327760	0	0	29327760	0	0	1867	45.55.206.45
5	1	0	0	0	29368526	0	0	29368526	0	0	580018	34.219.163.164
5	2	0	0	1	29434041	0	29434045	29434040	0	29434045	21727024	5.42.207.12
5	1	0	0	0	29434040	0	0	29434040	0	0	10863512	5.42.207.11
5	1	1	0	0	29395378	0	0	29395378	0	0	1646	74.7.227.27
5	4	0	0	1	29434041	0	29434040	29434040	0	29434040	21530289	5.42.207.10
5	1	1	0	0	29424764	0	0	29424764	0	0	1646	74.7.227.26
5	1	1	0	0	29415695	0	0	29415695	0	0	1661	107.172.195.201
5	1	1	0	0	29322093	0	0	29322093	0	0	971	103.4.251.46
5	1	0	0	1	29322183	0	29322184	29322183	0	29322184	2057	72.15.116.182
5	1	0	0	1	29322183	0	29322184	29322183	0	29322184	2051	172.58.123.103
5	0	0	0	1	0	0	29322184	0	0	29322184	0	149.102.230.118
5	3	3	0	33	29413788	0	29413788	29413787	0	29413787	4815	143.110.217.244
5	2	2	0	2	29419563	0	29419563	29419563	0	29419563	3316	107.172.195.177
5	1	0	0	1	29449116	0	29449116	29449116	0	29449116	2007017	46.110.85.3
5	1	1	0	20	29417903	0	29417904	29417903	0	29417903	1604	3.249.250.150
5	4	3	0	114	29323362	0	29323363	29323357	0	29323357	5156	23.20.19.201
5	0	0	0	1	0	0	29428010	0	0	29428010	0	74.7.241.164
5	1	1	0	1	29383099	0	29383099	29383099	0	29383099	1644	198.211.97.245
5	1	1	0	1	29322081	0	29322081	29322081	0	29322081	971	161.123.249.110
5	1	1	0	1	29393147	0	29393147	29393147	0	29393147	1612	167.94.146.61
5	1	1	0	1	29359144	0	29359144	29359144	0	29359144	1648	64.227.153.168
5	1	1	0	0	29331946	0	0	29331946	0	0	1867	205.210.31.55
5	1	1	0	0	29416202	0	0	29416202	0	0	1655	107.172.195.147
5	2	0	0	0	29368230	0	0	29368230	0	0	580018	93.99.104.18
5	2	2	0	2	29416203	0	29416203	29416202	0	29416203	3316	104.252.191.190
5	0	0	0	1	0	0	29411394	0	0	29411394	0	37.19.223.232
5	2	2	0	2	29415623	0	29415623	29415623	0	29415623	3316	107.172.195.143
5	0	0	0	2	0	0	29430315	0	0	29430051	0	74.7.241.140
5	2	0	0	0	29429664	0	0	29429664	0	0	752358	189.1.222.54
5	4	0	0	0	29447629	0	0	29363831	0	0	6357914	35.227.34.53
5	0	0	0	8	0	0	29445975	0	0	29437241	0	74.7.241.134
5	0	0	0	1	0	0	29448697	0	0	29448697	0	177.54.84.174
5	11	11	0	16	29368255	0	29368255	29368254	0	29368254	15251	82.102.25.218
5	1	1	0	1	29382876	0	29382876	29382876	0	29382876	1619	35.87.254.241
5	1	0	0	1	29448119	0	29448119	29448119	0	29448119	2007017	91.19.54.99
5	0	0	0	2	0	0	29415930	0	0	29415577	0	139.64.164.4
5	1	1	0	0	29437148	0	0	29437148	0	0	1649	98.88.142.13
5	1	0	0	1	29322183	0	29322183	29322183	0	29322183	1700	73.157.110.189
5	1	1	0	1	29322090	0	29322090	29322090	0	29322090	971	198.44.136.148
5	12	6	6	0	29368255	29368255	0	29368254	29368254	0	3487062	82.102.31.152
5	1	0	0	0	29448242	0	0	29448242	0	0	2007017	84.138.69.216
5	1	0	0	1	29398218	0	29398218	29398218	0	29398218	429387	79.217.221.216
5	1	0	0	0	29448136	0	0	29448136	0	0	2007017	80.187.125.214
5	2	1	0	0	29327727	0	0	29327727	0	0	2635	159.89.40.65
5	0	0	0	1	0	0	29339898	0	0	29339898	0	205.210.31.17
5	0	0	0	16	0	0	29367579	0	0	29326695	0	45.148.10.246
5	1	0	0	0	29448691	0	0	29448691	0	0	2007017	79.206.84.50
5	1	0	0	1	29448322	0	29448322	29448322	0	29448322	2007017	194.99.85.40
5	1	1	0	0	29421157	0	0	29421157	0	0	1548	205.210.31.11
5	0	0	0	2	0	0	29428782	0	0	29428740	0	45.148.10.238
5	2	1	0	1	29422426	0	29422426	29422426	0	29422426	1660	84.44.224.39
5	1	0	0	1	29447648	0	29447648	29447648	0	29447648	2007017	77.236.119.202
5	1	1	0	0	29322083	0	0	29322083	0	0	971	34.13.153.111
5	1	1	0	1	29409870	0	29409870	29409870	0	29409870	1684	172.111.15.224
5	2	2	0	0	29411335	0	0	29411015	0	0	3283	18.208.174.226
5	1	0	0	1	29406780	0	29406780	29406780	0	29406780	376179	80.187.83.201
5	2	2	0	4	29420966	0	29417210	29420693	0	29410486	3353	195.178.110.223
5	1	1	0	0	29424331	0	0	29424331	0	0	1558	195.178.110.68
5	1	1	0	1	29322088	0	29322088	29322088	0	29322088	971	172.111.15.209
5	1	1	0	1	29415252	0	29415252	29415252	0	29415252	1655	138.199.236.196
5	1	1	0	247	29411004	0	29411004	29411004	0	29411003	1604	18.138.11.187
5	0	0	0	1	0	0	29341621	0	0	29341621	0	80.64.24.66
5	6	6	0	0	29421436	0	0	29415179	0	0	9890	195.178.110.54
5	1	1	0	1	29416813	0	29416813	29416813	0	29416813	1603	13.40.104.23
5	1	1	0	1	29418688	0	29418688	29418688	0	29418688	1616	143.198.58.67
5	7	7	0	87	29417466	0	29417466	29360762	0	29360762	11329	195.178.110.201
5	1	0	0	0	29373391	0	0	29373391	0	0	22209	20.0.53.99
5	1	0	0	0	29448179	0	0	29448179	0	0	2007017	217.149.166.43
5	1	0	0	0	29447629	0	0	29447629	0	0	2007017	35.243.226.206
5	1	0	0	0	29373362	0	0	29373362	0	0	18641	20.0.53.98
5	1	1	0	1	29412834	0	29412834	29412834	0	29412834	1616	64.226.74.191
5	2	2	0	2	29419165	0	29419165	29419164	0	29419164	3296	216.73.216.112
5	4	4	0	0	29421683	0	0	29416267	0	0	6534	44.220.48.213
5	4	4	0	7	29435991	0	29435991	29435991	0	29435991	4959	209.38.87.196
5	1	1	0	105	29417538	0	29417538	29417538	0	29417538	1604	44.242.249.88
z	0	46	5	29449690	0
z	1	1	0	29433705	2
z	3	41	41	29376164	36314
z	4	699	581	29449753	1255242
z	5	90	8	29449691	3968063
z	6	110	0	29449690	53701630
z	7	117	2	29449767	380461876
z	8	92	0	29438333	1903055553
z	9	4	0	29364798	2396376824
c	200	1067	29449767
c	206	95	29438333
c	301	270	29376164
c	302	1	29364526
c	304	38	29449690
c	401	85	29353466
c	403	15	29416778
c	404	1931	29449767
c	416	3	29367810
c	499	4	29413989
c	500	11	29335844
